Name of Organization,Organization Address,Organization City,"Organization State
(Drop-down options)",Organization Zip/Postal Code,Business Phone Number,Hours of Operation,Webpage,Name of Point of Contact,Position/Title,Business Email Address,"Type of Organization
(Response options in Question 3 of the Read-Me.)",What digital inclusion service(s) does your entity/organization provide to individuals? (Response options in Question 4 of the Read-Me.),"What is your entity/organization's service area?
(Drop-down options)",Please indicate all the counties in which you provide services.(Response options in Question 6 of the Read-Me).,Please indicate all the cities in which you provide services.,"In-Person or Virtual Services
(Drop-down options)","Does your entity/organization charge for its services?
(Drop-down options)","Does your entity/organization serve individuals at or below 150% of the Federal Poverty Level?
(Drop-down options)","If yes, does your entity/organization serve any additional populations? (Response options in Question 10a of the Read-Me).",What language(s) does your entity/organization provide its services in?,Does your entity/organization provide any of the following support or services to other organizations? (Response options in Question 12 of the Read-Me.),"Does your entity/organization charge for its services?
(Drop-down options)",,,
Alameda County Library,2450 Stevenson Blvd,Fremont,CA,94538,5107451500,Mon-Fri 8:30am - 5:00pm,aclibrary.org,Ben Gomberg,Library Logistics Division Director,ask@aclibrary.libanswers.com,"Library, County Government, Not a Private Sector or Non-Governmental Organization","Locating low-cost internet service programs,
Enrollment assistance in low-cost internet service programs,
Digital navigation (in-person or virtual/call center),
Digital literacy & skills training,
Public Wi-Fi,
Computer center(s),
Online educational resources,
Workforce development resources",County-wide or across multiple counties,Alameda,"Albany, Dublin, Fremont, Newark, Union City",Both,No,Yes,All,All," Partnership opportunities, Collective action, Information sharing, Other - we provide free hotspots to partner organizations",No,,,
Alameda County Library - Albany Library,1247 Marin Ave,Albany,CA,94706,5105263720,"Mon 12:00pm-6:00pm, Tue 12:00pm-8:00pm, Wed 12:00pm-8:00pm, Thu 10:00am-6:00pm, Fri Closed, Sat 10:00am-5:00pm, Sun 1:00pm-5:00pm",aclibrary.org,Blaine Wentworth,Library Manager,albany@aclibrary.org,"Library, County Government","Locating low-cost internet service programs,
Enrollment assistance in low-cost internet service programs,
Digital navigation (in-person or virtual/call center),
Digital literacy & skills training,
Public Wi-Fi,
Computer center(s),
Online educational resources,
Workforce development resources",County-wide or across multiple counties,Alameda,Albany,Both,No,Yes,All,All," Partnership opportunities, Collective action, Information sharing, Other - we provide free hotspots to partner organizations",No,,,
Alameda County Library - Castro Valley Library,3600 Norbridge Ave,Castro Valley,CA,94546,5106677900,"Mon 12:00pm-8:00pm, Tue 12:00pm-8:00pm, Wed 10:00am-6:00pm, Thu 10:00am-6:00pm, Fri Closed, Sat 10:00am-5:00pm, Sun 1:00pm-5:00pm",aclibrary.org,Dawn Balestreri,Library Manager,castrovalley@aclibrary.org,"Library, County Government","Locating low-cost internet service programs,
Enrollment assistance in low-cost internet service programs,
Digital navigation (in-person or virtual/call center),
Digital literacy & skills training,
Public Wi-Fi,
Computer center(s),
Online educational resources,
Workforce development resources",County-wide or across multiple counties,Alameda,Castro Valley,Both,No,Yes,All,All," Partnership opportunities, Collective action, Information sharing, Other - we provide free hotspots to partner organizations",No,,,
Alameda County Library - Centerville Library,3801 Nicolet Ave,Fremont,CA,94536,5107952629,"Mon Closed, Tue 10:00am-5:00pm, Wed 1:00pm-8:00pm, Thu 11:00am-6:00pm, Fri Closed, Sat 10:00am-5:00pm, Sun Closed",aclibrary.org,Elizabeth Gamell,Library Manager,fremontneighborhood@aclibrary.org,"Library, County Government","Locating low-cost internet service programs,
Enrollment assistance in low-cost internet service programs,
Digital navigation (in-person or virtual/call center),
Digital literacy & skills training,
Public Wi-Fi,
Computer center(s),
Online educational resources,
Workforce development resources",County-wide or across multiple counties,Alameda,Fremont,Both,No,Yes,All,All," Partnership opportunities, Collective action, Information sharing, Other - we provide free hotspots to partner organizations",No,,,
Alameda County Library - Cherryland Community Center Library,278 Hampton Road,Hayward,CA,94541,5106268522,"Mon 10:00am-8:00pm, Tue 10:00am-8:00pm, Wed 10:00am-8:00pm, Thu 10:00am-8:00pm, Fri Closed, Sat 10:00am-5:00pm, Sun 1:00pm-5:00pm",aclibrary.org,Rachel Sher,Library Manager,sanlorenzo@aclibrary.org,"Library, County Government","Locating low-cost internet service programs,
Enrollment assistance in low-cost internet service programs,
Digital navigation (in-person or virtual/call center),
Digital literacy & skills training,
Public Wi-Fi,
Computer center(s),
Online educational resources,
Workforce development resources",County-wide or across multiple counties,Alameda,Hayward,Both,No,Yes,All,All," Partnership opportunities, Collective action, Information sharing, Other - we provide free hotspots to partner organizations",No,,,
Alameda County Library - Dublin Library,200 Civic Plaza,Dublin,CA,94568,9258037252,"Mon 12:00pm-8:00pm, Tue 12:00pm-8:00pm, Wed 11:00am-6:00pm, Thu 11:00am-6:00pm, Fri 10:00am-5:00pm, Sat 10:00am-5:00pm, Sun 1:00pm-5:00pm",aclibrary.org,Shammi Gill,Library Manager,dublin@aclibrary.org,"Library, County Government","Locating low-cost internet service programs,
Enrollment assistance in low-cost internet service programs,
Digital navigation (in-person or virtual/call center),
Digital literacy & skills training,
Public Wi-Fi,
Computer center(s),
Online educational resources,
Workforce development resources",County-wide or across multiple counties,Alameda,Dublin,Both,No,Yes,All,All," Partnership opportunities, Collective action, Information sharing, Other - we provide free hotspots to partner organizations",No,,,
Alameda County Library - Fremont Main Library,2400 Stevenson Blvd,Fremont,CA,94538,5107451400,"Mon Closed, Tue 3:00pm-7:30pm, Wed Closed, Thu Closed, Fri 10:00am-4:30pm, Sat 10:00am-2:00pm, Sun Closed",aclibrary.org,Becky Machetta,Library Manager,fremont@aclibrary.org,"Library, County Government","Locating low-cost internet service programs,
Enrollment assistance in low-cost internet service programs,
Digital navigation (in-person or virtual/call center),
Digital literacy & skills training,
Public Wi-Fi,
Computer center(s),
Online educational resources,
Workforce development resources",County-wide or across multiple counties,Alameda,Fremont,Both,No,Yes,All,All," Partnership opportunities, Collective action, Information sharing, Other - we provide free hotspots to partner organizations",No,,,
Alameda County Library - Newark Library,37055 Newark Blvd,Newark,CA,94560,5102840675,"Mon 12:00pm-8:00pm, Tue 12:00pm-8:00pm, Wed 10:00am-6:00pm, Thu 10:00am-6:00pm, Fri Closed, Sat 10:00am-5:00pm, Sun 1:00pm-5:00pm",aclibrary.org,Joe Stoner,Library Manager,newarklibrary@aclibrary.org,"Library, County Government","Locating low-cost internet service programs,
Enrollment assistance in low-cost internet service programs,
Digital navigation (in-person or virtual/call center),
Digital literacy & skills training,
Public Wi-Fi,
Computer center(s),
Online educational resources,
Workforce development resources",County-wide or across multiple counties,Alameda,Newark,Both,No,Yes,All,All," Partnership opportunities, Collective action, Information sharing, Other - we provide free hotspots to partner organizations",No,,,
Alameda County Library - Niles Library,150 I Street,Fremont,CA,94536,5107952626,"Mon Closed, Tue Closed, Wed Closed, Thu Closed, Fri 10:00am-5:00pm, Sat Closed, Sun Closed",aclibrary.org,Elizabeth Gamell,Library Manager,fremontneighborhood@aclibrary.org,"Library, County Government","Locating low-cost internet service programs,
Enrollment assistance in low-cost internet service programs,
Digital navigation (in-person or virtual/call center),
Digital literacy & skills training,
Public Wi-Fi,
Computer center(s),
Online educational resources,
Workforce development resources",County-wide or across multiple counties,Alameda,Fremont,Both,No,Yes,All,All," Partnership opportunities, Collective action, Information sharing, Other - we provide free hotspots to partner organizations",No,,,
Alameda County Library - San Lorenzo Library,395 Paseo Grande,San Lorenzo,CA,94580,5102840640,"Mon 12:00pm-8:00pm, Tue 12:00pm-8:00pm, Wed 10:00am-6:00pm, Thu 10:00am-6:00pm, Fri Closed, Sat 10:00am-5:00pm, Sun 1:00pm-5:00pm",aclibrary.org,Rachel Sher,Library Manager,sanlorenzo@aclibrary.org,"Library, County Government","Locating low-cost internet service programs,
Enrollment assistance in low-cost internet service programs,
Digital navigation (in-person or virtual/call center),
Digital literacy & skills training,
Public Wi-Fi,
Computer center(s),
Online educational resources,
Workforce development resources",County-wide or across multiple counties,Alameda,San Lorenzo,Both,No,Yes,All,All," Partnership opportunities, Collective action, Information sharing, Other - we provide free hotspots to partner organizations",No,,,
Alameda County Library - Union City Library,34077 Alvarado-Niles Road,Union City,CA,94587,5107451464,"Mon Closed, Tue 10:00am-6:00pm, Wed 10:00am-6:00pm, Thu 10:00am-8:00pm, Fri 12:00pm-6:00pm, Sat 10:00am-5:00pm, Sun Closed",aclibrary.org,Nidya Gonzalez,Library Manager,unioncitylibrary@aclibrary.org,"Library, County Government","Locating low-cost internet service programs,
Enrollment assistance in low-cost internet service programs,
Digital navigation (in-person or virtual/call center),
Digital literacy & skills training,
Public Wi-Fi,
Computer center(s),
Online educational resources,
Workforce development resources",County-wide or across multiple counties,Alameda,Union City,Both,No,Yes,All,All," Partnership opportunities, Collective action, Information sharing, Other - we provide free hotspots to partner organizations",No,,,
Bernal Heights Neighborhood Center- Excelsior Senior Center,4468 Mission Street,San Francisco,CA,94112,415-206-2140x170,M-Sat 9:00-3:00 M-F 9:00-1:00 Sat,https://www.sfhsa.org/services/disability-aging/community-activities/sf-connected/sf-connected-locations,DAS-OCP SF Connected,DAS OCP /SF Connected Program Team,"""SFConnected,  (HSA) (DSS)"" <sfconnected@sfgov.org>",Other: SF Connected Technology Lab hosted at non-Governmental Organization sites,Public Wi-Fi and Computer center,City-wide or across multiple cities,San Francisco,San Francisco,In-Person,No,Yes,"Aging Individuals (Age 60+),Veterans Individuals with Disabilities , Individuals with Language Barriers (Limited English Proficiency individuals, etc.), Ethnic or Minority Communities","Other- SF Connected computer- interface languages (Chinese, English, Russian, Spanish, Vietnamese)
",Partnership opportunities,,,,
Bernal Heights Neighborhood Center-Bernal Heights Senior Center,515 Cortland Avenue,San Francisco,CA,94110,415-206-2140x142,M-F 9:00-3:00,https://www.sfhsa.org/services/disability-aging/community-activities/sf-connected/sf-connected-locations,DAS-OCP SF Connected,DAS OCP /SF Connected Program Team,"""SFConnected,  (HSA) (DSS)"" <sfconnected@sfgov.org>",Other: SF Connected Technology Lab hosted at non-Governmental Organization sites,Public Wi-Fi and Computer center,City-wide or across multiple cities,San Francisco,San Francisco,In-Person,No,Yes,"Aging Individuals (Age 60+),Veterans Individuals with Disabilities , Individuals with Language Barriers (Limited English Proficiency individuals, etc.), Ethnic or Minority Communities","Other- SF Connected computer- interface languages (Chinese, English, Russian, Spanish, Vietnamese)
",Partnership opportunities,,,,
Catholic Charities - OMI Senior Center,"2616 Ocean Ave,",San Francisco,CA,94132,415-334-5550,M-F 9:00 -2:00,https://www.sfhsa.org/services/disability-aging/community-activities/sf-connected/sf-connected-locations,DAS-OCP SF Connected,DAS OCP /SF Connected Program Team,"""SFConnected,  (HSA) (DSS)"" <sfconnected@sfgov.org>",Other: SF Connected Technology Lab hosted at non-Governmental Organization sites,Public Wi-Fi and Computer center,City-wide or across multiple cities,San Francisco,San Francisco,In-Person,No,Yes,"Aging Individuals (Age 60+),Veterans Individuals with Disabilities , Individuals with Language Barriers (Limited English Proficiency individuals, etc.), Ethnic or Minority Communities","Other- SF Connected computer- interface languages (Chinese, English, Russian, Spanish, Vietnamese)
",Partnership opportunities,,,,
Centro Latino de San Francisco Community Center,1656 15th Street,San Francisco,CA,94103,415-861-8758,M-F 9:00-1:00,https://www.sfhsa.org/services/disability-aging/community-activities/sf-connected/sf-connected-locations,DAS-OCP SF Connected,DAS OCP /SF Connected Program Team,"""SFConnected,  (HSA) (DSS)"" <sfconnected@sfgov.org>",Other: SF Connected Technology Lab hosted at non-Governmental Organization sites,Public Wi-Fi and Computer center,City-wide or across multiple cities,San Francisco,San Francisco,In-Person,No,Yes,"Aging Individuals (Age 60+),Veterans Individuals with Disabilities , Individuals with Language Barriers (Limited English Proficiency individuals, etc.), Ethnic or Minority Communities","Other- SF Connected computer- interface languages (Chinese, English, Russian, Spanish, Vietnamese)
",Partnership opportunities,,,,
Community Health Centers of the Central Coast,430 S. Blosser Rd.,Santa Maria,CA,93454,(866) 614-4636,"8:00am - 5:00pm, Monday - Friday",https://communityhealthcenters.org,Austin Lillenberg,Associate Behavioral Health Director,austin.lillenberg@chccc.org,"Health Clinic or Health Center, Other, Other, Non-Profit, Federally Qualified Health Center",Digital navigation (in-person or virtual/call center),County-wide or across multiple counties,"San Luis Obispo, Santa Barbara",,Both,Yes,Yes,"Yes, Aging Individuals (Age 60+), Veterans, Individuals with Disabilities, Individuals with Language Barriers (Limited English Proficiency individuals, etc.), Ethnic or Minority Communities, Rural Communities","English, Spanish","Partnership opportunities, Information sharing",No,,,
Community Health Centers of the Central Coast,1510 Miller St. Suite 104B,Santa Maria,CA,93454,(866) 614-4636,"8:00am - 5:00pm, Monday - Friday",https://communityhealthcenters.org,Austin Lillenberg,Associate Behavioral Health Director,austin.lillenberg@chccc.org,"Health Clinic or Health Center, Other, Other, Non-Profit, Federally Qualified Health Center",Digital navigation (in-person or virtual/call center),County-wide or across multiple counties,"San Luis Obispo, Santa Barbara",,Both,Yes,Yes,"Yes, Aging Individuals (Age 60+), Veterans, Individuals with Disabilities, Individuals with Language Barriers (Limited English Proficiency individuals, etc.), Ethnic or Minority Communities, Rural Communities","English, Spanish","Partnership opportunities, Information sharing",No,,,
Community Health Centers of the Central Coast,116 S. Palisade St. Suite 301,Santa Maria,CA,93454,(866) 614-4636,"8:00am - 5:00pm, Monday - Friday",https://communityhealthcenters.org,Austin Lillenberg,Associate Behavioral Health Director,austin.lillenberg@chccc.org,"Health Clinic or Health Center, Other, Other, Non-Profit, Federally Qualified Health Center",Digital navigation (in-person or virtual/call center),County-wide or across multiple counties,"San Luis Obispo, Santa Barbara",,Both,Yes,Yes,"Yes, Aging Individuals (Age 60+), Veterans, Individuals with Disabilities, Individuals with Language Barriers (Limited English Proficiency individuals, etc.), Ethnic or Minority Communities, Rural Communities","English, Spanish","Partnership opportunities, Information sharing",No,,,
Community Health Centers of the Central Coast,1835 N. Broadway,Santa Maria,CA,93454,(866) 614-4636,"8:00am - 5:00pm, Monday - Friday",https://communityhealthcenters.org,Austin Lillenberg,Associate Behavioral Health Director,austin.lillenberg@chccc.org,"Health Clinic or Health Center, Other, Other, Non-Profit, Federally Qualified Health Center",Digital navigation (in-person or virtual/call center),County-wide or across multiple counties,"San Luis Obispo, Santa Barbara",,Both,Yes,Yes,"Yes, Aging Individuals (Age 60+), Veterans, Individuals with Disabilities, Individuals with Language Barriers (Limited English Proficiency individuals, etc.), Ethnic or Minority Communities, Rural Communities","English, Spanish","Partnership opportunities, Information sharing",No,,,
Community Health Centers of the Central Coast,2801 Santa Maria Way,Santa Maria,CA,93454,(866) 614-4636,"8:00am - 5:00pm, Monday - Friday",https://communityhealthcenters.org,Austin Lillenberg,Associate Behavioral Health Director,austin.lillenberg@chccc.org,"Health Clinic or Health Center, Other, Other, Non-Profit, Federally Qualified Health Center",Digital navigation (in-person or virtual/call center),County-wide or across multiple counties,"San Luis Obispo, Santa Barbara",,Both,Yes,Yes,"Yes, Aging Individuals (Age 60+), Veterans, Individuals with Disabilities, Individuals with Language Barriers (Limited English Proficiency individuals, etc.), Ethnic or Minority Communities, Rural Communities","English, Spanish","Partnership opportunities, Information sharing",No,,,
Community Health Centers of the Central Coast,150 Tejas Place,Nipomo,CA,93444,(866) 614-4636,"8:00am - 5:00pm, Monday - Friday",https://communityhealthcenters.org,Austin Lillenberg,Associate Behavioral Health Director,austin.lillenberg@chccc.org,"Health Clinic or Health Center, Other, Other, Non-Profit, Federally Qualified Health Center",Digital navigation (in-person or virtual/call center),County-wide or across multiple counties,"San Luis Obispo, Santa Barbara",,Both,Yes,Yes,"Yes, Aging Individuals (Age 60+), Veterans, Individuals with Disabilities, Individuals with Language Barriers (Limited English Proficiency individuals, etc.), Ethnic or Minority Communities, Rural Communities","English, Spanish","Partnership opportunities, Information sharing",No,,,
Community Health Centers of the Central Coast,4723 W. Main St. Suite H,Guadalupe,CA,93434,(866) 614-4636,"8:00am - 5:00pm, Monday - Friday",https://communityhealthcenters.org,Austin Lillenberg,Associate Behavioral Health Director,austin.lillenberg@chccc.org,"Health Clinic or Health Center, Other, Other, Non-Profit, Federally Qualified Health Center",Digital navigation (in-person or virtual/call center),County-wide or across multiple counties,"San Luis Obispo, Santa Barbara",,Both,Yes,Yes,"Yes, Aging Individuals (Age 60+), Veterans, Individuals with Disabilities, Individuals with Language Barriers (Limited English Proficiency individuals, etc.), Ethnic or Minority Communities, Rural Communities","English, Spanish","Partnership opportunities, Information sharing",No,,,
Community Health Centers of the Central Coast,2120 Cienaga St. ,Oceano,CA,93445,(866) 614-4636,"8:00am - 5:00pm, Monday - Friday",https://communityhealthcenters.org,Austin Lillenberg,Associate Behavioral Health Director,austin.lillenberg@chccc.org,"Health Clinic or Health Center, Other, Other, Non-Profit, Federally Qualified Health Center",Digital navigation (in-person or virtual/call center),County-wide or across multiple counties,"San Luis Obispo, Santa Barbara",,Both,Yes,Yes,"Yes, Aging Individuals (Age 60+), Veterans, Individuals with Disabilities, Individuals with Language Barriers (Limited English Proficiency individuals, etc.), Ethnic or Minority Communities, Rural Communities","English, Spanish","Partnership opportunities, Information sharing",No,,,
Community Health Centers of the Central Coast,260 Station Way,Arroyo Grande,CA,93420,(866) 614-4636,"8:00am - 5:00pm, Monday - Friday",https://communityhealthcenters.org,Austin Lillenberg,Associate Behavioral Health Director,austin.lillenberg@chccc.org,"Health Clinic or Health Center, Other, Other, Non-Profit, Federally Qualified Health Center",Digital navigation (in-person or virtual/call center),County-wide or across multiple counties,"San Luis Obispo, Santa Barbara",,Both,Yes,Yes,"Yes, Aging Individuals (Age 60+), Veterans, Individuals with Disabilities, Individuals with Language Barriers (Limited English Proficiency individuals, etc.), Ethnic or Minority Communities, Rural Communities","English, Spanish","Partnership opportunities, Information sharing",No,,,
Community Health Centers of the Central Coast,1057 Grande Ave,Arroyo Grande,CA,93420,(866) 614-4636,"8:00am - 5:00pm, Monday - Friday",https://communityhealthcenters.org,Austin Lillenberg,Associate Behavioral Health Director,austin.lillenberg@chccc.org,"Health Clinic or Health Center, Other, Other, Non-Profit, Federally Qualified Health Center",Digital navigation (in-person or virtual/call center),County-wide or across multiple counties,"San Luis Obispo, Santa Barbara",,Both,Yes,Yes,"Yes, Aging Individuals (Age 60+), Veterans, Individuals with Disabilities, Individuals with Language Barriers (Limited English Proficiency individuals, etc.), Ethnic or Minority Communities, Rural Communities","English, Spanish","Partnership opportunities, Information sharing",No,,,
Community Health Centers of the Central Coast,490 Bell St. Suite 101,Los Alamos,CA,93440,(866) 614-4636,"8:00am - 5:00pm, Monday - Friday",https://communityhealthcenters.org,Austin Lillenberg,Associate Behavioral Health Director,austin.lillenberg@chccc.org,"Health Clinic or Health Center, Other, Other, Non-Profit, Federally Qualified Health Center",Digital navigation (in-person or virtual/call center),County-wide or across multiple counties,"San Luis Obispo, Santa Barbara",,Both,Yes,Yes,"Yes, Aging Individuals (Age 60+), Veterans, Individuals with Disabilities, Individuals with Language Barriers (Limited English Proficiency individuals, etc.), Ethnic or Minority Communities, Rural Communities","English, Spanish","Partnership opportunities, Information sharing",No,,,
Community Health Centers of the Central Coast,1300 W. Ocean,Lompoc,CA,93436,(866) 614-4636,"8:00am - 5:00pm, Monday - Friday",https://communityhealthcenters.org,Austin Lillenberg,Associate Behavioral Health Director,austin.lillenberg@chccc.org,"Health Clinic or Health Center, Other, Other, Non-Profit, Federally Qualified Health Center",Digital navigation (in-person or virtual/call center),County-wide or across multiple counties,"San Luis Obispo, Santa Barbara",,Both,Yes,Yes,"Yes, Aging Individuals (Age 60+), Veterans, Individuals with Disabilities, Individuals with Language Barriers (Limited English Proficiency individuals, etc.), Ethnic or Minority Communities, Rural Communities","English, Spanish","Partnership opportunities, Information sharing",No,,,
Community Health Centers of the Central Coast,40 Prado Rd. ,San Luis Obispo,CA,93401,(866) 614-4636,"8:00am - 5:00pm, Monday - Friday",https://communityhealthcenters.org,Austin Lillenberg,Associate Behavioral Health Director,austin.lillenberg@chccc.org,"Health Clinic or Health Center, Other, Other, Non-Profit, Federally Qualified Health Center",Digital navigation (in-person or virtual/call center),County-wide or across multiple counties,"San Luis Obispo, Santa Barbara",,Both,Yes,Yes,"Yes, Aging Individuals (Age 60+), Veterans, Individuals with Disabilities, Individuals with Language Barriers (Limited English Proficiency individuals, etc.), Ethnic or Minority Communities, Rural Communities","English, Spanish","Partnership opportunities, Information sharing",No,,,
Community Health Centers of the Central Coast,77 Casa St. ,San Luis Obispo ,CA,93401,(866) 614-4636,"8:00am - 5:00pm, Monday - Friday",https://communityhealthcenters.org,Austin Lillenberg,Associate Behavioral Health Director,austin.lillenberg@chccc.org,"Health Clinic or Health Center, Other, Other, Non-Profit, Federally Qualified Health Center",Digital navigation (in-person or virtual/call center),County-wide or across multiple counties,"San Luis Obispo, Santa Barbara",,Both,Yes,Yes,"Yes, Aging Individuals (Age 60+), Veterans, Individuals with Disabilities, Individuals with Language Barriers (Limited English Proficiency individuals, etc.), Ethnic or Minority Communities, Rural Communities","English, Spanish","Partnership opportunities, Information sharing",No,,,
Community Health Centers of the Central Coast,7512 Morro Rd.,Atascadero,CA,93422,(866) 614-4636,"8:00am - 5:00pm, Monday - Friday",https://communityhealthcenters.org,Austin Lillenberg,Associate Behavioral Health Director,austin.lillenberg@chccc.org,"Health Clinic or Health Center, Other, Other, Non-Profit, Federally Qualified Health Center",Digital navigation (in-person or virtual/call center),County-wide or across multiple counties,"San Luis Obispo, Santa Barbara",,Both,Yes,Yes,"Yes, Aging Individuals (Age 60+), Veterans, Individuals with Disabilities, Individuals with Language Barriers (Limited English Proficiency individuals, etc.), Ethnic or Minority Communities, Rural Communities","English, Spanish","Partnership opportunities, Information sharing",No,,,
Community Health Centers of the Central Coast,4711 Highway 166,New Cuyama,CA,93254,(866) 614-4636,"8:00am - 5:00pm, Monday - Friday",https://communityhealthcenters.org,Austin Lillenberg,Associate Behavioral Health Director,austin.lillenberg@chccc.org,"Health Clinic or Health Center, Other, Other, Non-Profit, Federally Qualified Health Center",Digital navigation (in-person or virtual/call center),County-wide or across multiple counties,"San Luis Obispo, Santa Barbara",,Both,Yes,Yes,"Yes, Aging Individuals (Age 60+), Veterans, Individuals with Disabilities, Individuals with Language Barriers (Limited English Proficiency individuals, etc.), Ethnic or Minority Communities, Rural Communities","English, Spanish","Partnership opportunities, Information sharing",No,,,
Community Health Centers of the Central Coast,292 Posada Ln.,Templeton,CA,93465,(866) 614-4636,"8:00am - 5:00pm, Monday - Friday",https://communityhealthcenters.org,Austin Lillenberg,Associate Behavioral Health Director,austin.lillenberg@chccc.org,"Health Clinic or Health Center, Other, Other, Non-Profit, Federally Qualified Health Center",Digital navigation (in-person or virtual/call center),County-wide or across multiple counties,"San Luis Obispo, Santa Barbara",,Both,Yes,Yes,"Yes, Aging Individuals (Age 60+), Veterans, Individuals with Disabilities, Individuals with Language Barriers (Limited English Proficiency individuals, etc.), Ethnic or Minority Communities, Rural Communities","English, Spanish","Partnership opportunities, Information sharing",No,,,
Community Health Centers of the Central Coast,2800 Riverside Ave. ,Paso Robles,CA,93446,(866) 614-4636,"8:00am - 5:00pm, Monday - Friday",https://communityhealthcenters.org,Austin Lillenberg,Associate Behavioral Health Director,austin.lillenberg@chccc.org,"Health Clinic or Health Center, Other, Other, Non-Profit, Federally Qualified Health Center",Digital navigation (in-person or virtual/call center),County-wide or across multiple counties,"San Luis Obispo, Santa Barbara",,Both,Yes,Yes,"Yes, Aging Individuals (Age 60+), Veterans, Individuals with Disabilities, Individuals with Language Barriers (Limited English Proficiency individuals, etc.), Ethnic or Minority Communities, Rural Communities","English, Spanish","Partnership opportunities, Information sharing",No,,,
Community Health Centers of the Central Coast,1276 Tamson Dr. ,Cambria ,CA,93428,(866) 614-4636,"8:00am - 5:00pm, Monday - Friday",https://communityhealthcenters.org,Austin Lillenberg,Associate Behavioral Health Director,austin.lillenberg@chccc.org,"Health Clinic or Health Center, Other, Other, Non-Profit, Federally Qualified Health Center",Digital navigation (in-person or virtual/call center),County-wide or across multiple counties,"San Luis Obispo, Santa Barbara",,Both,Yes,Yes,"Yes, Aging Individuals (Age 60+), Veterans, Individuals with Disabilities, Individuals with Language Barriers (Limited English Proficiency individuals, etc.), Ethnic or Minority Communities, Rural Communities","English, Spanish","Partnership opportunities, Information sharing",No,,,
Community Health Centers of the Central Coast,1385 Mission St. ,San Miguel,CA,93451,(866) 614-4636,"8:00am - 5:00pm, Monday - Friday",https://communityhealthcenters.org,Austin Lillenberg,Associate Behavioral Health Director,austin.lillenberg@chccc.org,"Health Clinic or Health Center, Other, Other, Non-Profit, Federally Qualified Health Center",Digital navigation (in-person or virtual/call center),County-wide or across multiple counties,"San Luis Obispo, Santa Barbara",,Both,Yes,Yes,,,,,,,
Community Living Campaign Tech Hub,1663 Mission St. Suite 525.,San Francisco,CA,94103,415-821-1003,"M-F Tech hub open for use to seniors, M-F noon-2:00",https://www.sfhsa.org/services/disability-aging/community-activities/sf-connected/sf-connected-locations,DAS-OCP SF Connected,DAS OCP /SF Connected Program Team,"""SFConnected,  (HSA) (DSS)"" <sfconnected@sfgov.org>",Other: SF Connected Technology Lab hosted at non-Governmental Organization sites,Public Wi-Fi and Computer center,City-wide or across multiple cities,San Francisco,San Francisco,In-Person,No,Yes,"Aging Individuals (Age 60+),Veterans Individuals with Disabilities , Individuals with Language Barriers (Limited English Proficiency individuals, etc.), Ethnic or Minority Communities","Other- SF Connected computer- interface languages (Chinese, English, Russian, Spanish, Vietnamese)
",Partnership opportunities,,,,
Curry Senior Center ,315 Turk Street,San Francisco,CA,94102,415-920-1351,"M-F Mon: 9-11am/ 1-4pm
Tues: 9-10am/1:30-4pm
Wed: 3-4pm
Thur: 9-10am/1-2pm
Fri: 1-4pm",https://www.sfhsa.org/services/disability-aging/community-activities/sf-connected/sf-connected-locations,DAS-OCP SF Connected,DAS OCP /SF Connected Program Team,"""SFConnected,  (HSA) (DSS)"" <sfconnected@sfgov.org>",Other: SF Connected Technology Lab hosted at non-Governmental Organization sites,Public Wi-Fi and Computer center,City-wide or across multiple cities,San Francisco,San Francisco,In-Person,No,Yes,"Aging Individuals (Age 60+),Veterans Individuals with Disabilities , Individuals with Language Barriers (Limited English Proficiency individuals, etc.), Ethnic or Minority Communities","Other- SF Connected computer- interface languages (Chinese, English, Russian, Spanish, Vietnamese)
",Partnership opportunities,,,,
digitalLIFT,1390 Market Street Suite 200,San Francisco,CA,94102,(855) 983-0318,Please contact us for current schedule.,https://digitallift.org/,Kami Griffiths,Executive Director,inquiries@digitalLIFT.org,Community-based organization/Non-profit (501c3),"Locating low-cost internet service programs, Enrollment assistance in low-cost internet service programs, Digital navigation (in-person or virtual/call center), Digital literacy & skills training",County-wide or across multiple counties,"Alameda, Contra Costa, Marin, San Francisco, Solano","Alameda County: Oakland, Hayward
Contra Costa County: Oakley
Marin County: San Rafael
Solano County: Suisun City, Fairfield, Rio Vista, Vallejo
San Francisco County: San Francisco",Both,No,Yes,"Aging Individuals (Age 60+), Individuals with Disabilities, Individuals with Language Barriers (Limited English Proficiency individuals, etc.), Ethnic or Minority Communities","English, Spanish, Tagalog, Mandarin, Cantonese, Russian","Digital equity grant writing, Organizational training, Train-the-trainer, Partnership opportunities, Collective action, Information sharing",Yes,,,
digitalLIFT -  Mechanic's Institute,57 Post Street,San Franciaco,CA,94104,(855) 983-0318,Please contact us for current schedule.,https://digitallift.org/,Kami Griffiths,Executive Director,inquiries@digitalLIFT.org,Community-based organization/Non-profit (501c3),"Locating low-cost internet service programs, Enrollment assistance in low-cost internet service programs, Digital navigation (in-person or virtual/call center), Digital literacy & skills training",County-wide or across multiple counties,San Francisco,San Francisco,Both,No,Yes,"Aging Individuals (Age 60+), Individuals with Disabilities, Individuals with Language Barriers (Limited English Proficiency individuals, etc.), Ethnic or Minority Communities","English, Spanish, Mandarin, Cantonese, Russian","Digital equity grant writing, Organizational training, Train-the-trainer, Partnership opportunities, Collective action, Information sharing",Yes,,,
digitalLIFT - 30th Street Senior Center,225 30th Street              ,San Franciaco,CA,94131,(855) 983-0318,Please contact us for current schedule.,https://digitallift.org/,Kami Griffiths,Executive Director,inquiries@digitalLIFT.org,Community-based organization/Non-profit (501c3),"Locating low-cost internet service programs, Enrollment assistance in low-cost internet service programs, Digital navigation (in-person or virtual/call center), Digital literacy & skills training",County-wide or across multiple counties,San Francisco,San Francisco,Both,No,Yes,"Aging Individuals (Age 60+), Individuals with Disabilities, Individuals with Language Barriers (Limited English Proficiency individuals, etc.), Ethnic or Minority Communities","English, Spanish, Mandarin, Cantonese, Russian","Digital equity grant writing, Organizational training, Train-the-trainer, Partnership opportunities, Collective action, Information sharing",Yes,,,
digitalLIFT - Adult Recreation Center,1200 Harry Price Dr ,Fairfield,CA,94533,(855) 983-0318,Please contact us for current schedule.,https://digitallift.org/,Kami Griffiths,Executive Director,inquiries@digitalLIFT.org,Community-based organization/Non-profit (501c3),Digital literacy & skills training,City-wide or across multiple cities,Solano,Fairfield,Both,No,Yes,"Aging Individuals (Age 60+), Individuals with Disabilities, Individuals with Language Barriers (Limited English Proficiency individuals, etc.), Ethnic or Minority Communities","English, Spanish, Tagalog","Digital equity grant writing, Organizational training, Train-the-trainer, Partnership opportunities, Collective action, Information sharing",Yes,,,
digitalLIFT - Bernal Heights,515 Cortland Avenue,San Franciaco,CA,94110,(855) 983-0318,Please contact us for current schedule.,https://digitallift.org/,Kami Griffiths,Executive Director,inquiries@digitalLIFT.org,Community-based organization/Non-profit (501c3),"Locating low-cost internet service programs, Enrollment assistance in low-cost internet service programs, Digital navigation (in-person or virtual/call center), Digital literacy & skills training",County-wide or across multiple counties,San Francisco,San Francisco,Both,No,Yes,"Aging Individuals (Age 60+), Individuals with Disabilities, Individuals with Language Barriers (Limited English Proficiency individuals, etc.), Ethnic or Minority Communities","English, Spanish, Mandarin, Cantonese, Russian","Digital equity grant writing, Organizational training, Train-the-trainer, Partnership opportunities, Collective action, Information sharing",Yes,,,
digitalLIFT - Bookman Community Center,446 Randolph Street,San Franciaco,CA,94132,(855) 983-0318,Please contact us for current schedule.,https://digitallift.org/,Kami Griffiths,Executive Director,inquiries@digitalLIFT.org,Community-based organization/Non-profit (501c3),"Locating low-cost internet service programs, Enrollment assistance in low-cost internet service programs, Digital navigation (in-person or virtual/call center), Digital literacy & skills training",County-wide or across multiple counties,San Francisco,San Francisco,Both,No,Yes,"Aging Individuals (Age 60+), Individuals with Disabilities, Individuals with Language Barriers (Limited English Proficiency individuals, etc.), Ethnic or Minority Communities","English, Spanish, Mandarin, Cantonese, Russian","Digital equity grant writing, Organizational training, Train-the-trainer, Partnership opportunities, Collective action, Information sharing",Yes,,,
digitalLIFT - Buchanan YMCA,1530 Buchanan St,San Franciaco,CA,94115,(855) 983-0318,Please contact us for current schedule.,https://digitallift.org/,Kami Griffiths,Executive Director,inquiries@digitalLIFT.org,Community-based organization/Non-profit (501c3),"Locating low-cost internet service programs, Enrollment assistance in low-cost internet service programs, Digital navigation (in-person or virtual/call center), Digital literacy & skills training",County-wide or across multiple counties,San Francisco,San Francisco,Both,No,Yes,"Aging Individuals (Age 60+), Individuals with Disabilities, Individuals with Language Barriers (Limited English Proficiency individuals, etc.), Ethnic or Minority Communities","English, Spanish, Mandarin, Cantonese, Russian","Digital equity grant writing, Organizational training, Train-the-trainer, Partnership opportunities, Collective action, Information sharing",Yes,,,
digitalLIFT - Canon Kip Senior Center,705 Natoma Street       ,San Franciaco,CA,94103,(855) 983-0318,Please contact us for current schedule.,https://digitallift.org/,Kami Griffiths,Executive Director,inquiries@digitalLIFT.org,Community-based organization/Non-profit (501c3),"Locating low-cost internet service programs, Enrollment assistance in low-cost internet service programs, Digital navigation (in-person or virtual/call center), Digital literacy & skills training",County-wide or across multiple counties,San Francisco,San Francisco,Both,No,Yes,"Aging Individuals (Age 60+), Individuals with Disabilities, Individuals with Language Barriers (Limited English Proficiency individuals, etc.), Ethnic or Minority Communities","English, Spanish, Tagalog, Mandarin, Cantonese, Russian","Digital equity grant writing, Organizational training, Train-the-trainer, Partnership opportunities, Collective action, Information sharing",Yes,,,
digitalLIFT - Capp Street Senior Center,362 Capp Street,San Franciaco,CA,94110,(855) 983-0318,Please contact us for current schedule.,https://digitallift.org/,Kami Griffiths,Executive Director,inquiries@digitalLIFT.org,Community-based organization/Non-profit (501c3),"Locating low-cost internet service programs, Enrollment assistance in low-cost internet service programs, Digital navigation (in-person or virtual/call center), Digital literacy & skills training",County-wide or across multiple counties,San Francisco,San Francisco,Both,No,Yes,"Aging Individuals (Age 60+), Individuals with Disabilities, Individuals with Language Barriers (Limited English Proficiency individuals, etc.), Ethnic or Minority Communities","English, Spanish, Mandarin, Cantonese, Russian","Digital equity grant writing, Organizational training, Train-the-trainer, Partnership opportunities, Collective action, Information sharing",Yes,,,
digitalLIFT - Centro Latino de San Francisco,1656 15th Street,San Franciaco,CA,94103,(855) 983-0318,Please contact us for current schedule.,https://digitallift.org/,Kami Griffiths,Executive Director,inquiries@digitalLIFT.org,Community-based organization/Non-profit (501c3),"Locating low-cost internet service programs, Enrollment assistance in low-cost internet service programs, Digital navigation (in-person or virtual/call center), Digital literacy & skills training",County-wide or across multiple counties,San Francisco,San Francisco,Both,No,Yes,"Aging Individuals (Age 60+), Individuals with Disabilities, Individuals with Language Barriers (Limited English Proficiency individuals, etc.), Ethnic or Minority Communities","English, Spanish","Digital equity grant writing, Organizational training, Train-the-trainer, Partnership opportunities, Collective action, Information sharing",Yes,,,
digitalLIFT - Chinatown YMCA ,855 Sacramento St,San Franciaco,CA,94108,(855) 983-0318,Please contact us for current schedule.,https://digitallift.org/,Kami Griffiths,Executive Director,inquiries@digitalLIFT.org,Community-based organization/Non-profit (501c3),"Locating low-cost internet service programs, Enrollment assistance in low-cost internet service programs, Digital navigation (in-person or virtual/call center), Digital literacy & skills training",County-wide or across multiple counties,San Francisco,San Francisco,Both,No,Yes,"Aging Individuals (Age 60+), Individuals with Disabilities, Individuals with Language Barriers (Limited English Proficiency individuals, etc.), Ethnic or Minority Communities","English, Spanish, Mandarin, Cantonese, Russian","Digital equity grant writing, Organizational training, Train-the-trainer, Partnership opportunities, Collective action, Information sharing",Yes,,,
digitalLIFT - Curry Senior Center ,315 Turk Street,San Franciaco,CA,94102,(855) 983-0318,Please contact us for current schedule.,https://digitallift.org/,Kami Griffiths,Executive Director,inquiries@digitalLIFT.org,Community-based organization/Non-profit (501c3),"Locating low-cost internet service programs, Enrollment assistance in low-cost internet service programs, Digital navigation (in-person or virtual/call center), Digital literacy & skills training",County-wide or across multiple counties,San Francisco,San Francisco,Both,No,Yes,"Aging Individuals (Age 60+), Individuals with Disabilities, Individuals with Language Barriers (Limited English Proficiency individuals, etc.), Ethnic or Minority Communities","English, Spanish, Mandarin, Cantonese, Russian","Digital equity grant writing, Organizational training, Train-the-trainer, Partnership opportunities, Collective action, Information sharing",Yes,,,
digitalLIFT - Downtown Oakland Senior Center,200 Grand Ave,Oakland,CA,94610,(855) 983-0318,Please contact us for current schedule.,https://digitallift.org/,Kami Griffiths,Executive Director,inquiries@digitalLIFT.org,Community-based organization/Non-profit (501c3),Digital literacy & skills training,City-wide or across multiple cities,Alameda,Oakland,Both,No,Yes,"Aging Individuals (Age 60+), Individuals with Disabilities, Individuals with Language Barriers (Limited English Proficiency individuals, etc.), Ethnic or Minority Communities","English, Mandarin, Cantonese","Digital equity grant writing, Organizational training, Train-the-trainer, Partnership opportunities, Collective action, Information sharing",Yes,,,
digitalLIFT - East Oakland Senior Center,9161 Edes Ave,Oakland,CA,94603,(855) 983-0318,Please contact us for current schedule.,https://digitallift.org/,Kami Griffiths,Executive Director,inquiries@digitalLIFT.org,Community-based organization/Non-profit (501c3),Digital literacy & skills training,City-wide or across multiple cities,Alameda,Oakland,Both,No,Yes,"Aging Individuals (Age 60+), Individuals with Disabilities, Individuals with Language Barriers (Limited English Proficiency individuals, etc.), Ethnic or Minority Communities",English,"Digital equity grant writing, Organizational training, Train-the-trainer, Partnership opportunities, Collective action, Information sharing",Yes,,,
digitalLIFT - Eastern Park Apartments,711 Eddy Street,San Franciaco,CA,94109,(855) 983-0318,Please contact us for current schedule.,https://digitallift.org/,Kami Griffiths,Executive Director,inquiries@digitalLIFT.org,Community-based organization/Non-profit (501c3),"Locating low-cost internet service programs, Enrollment assistance in low-cost internet service programs, Digital navigation (in-person or virtual/call center), Digital literacy & skills training",County-wide or across multiple counties,San Francisco,San Francisco,Both,No,Yes,"Aging Individuals (Age 60+), Individuals with Disabilities, Individuals with Language Barriers (Limited English Proficiency individuals, etc.), Ethnic or Minority Communities","English, Spanish, Mandarin, Cantonese, Russian","Digital equity grant writing, Organizational training, Train-the-trainer, Partnership opportunities, Collective action, Information sharing",Yes,,,
digitalLIFT - Hayward Public Library (Downtown),888 C Street,Hayward,CA,94541,(855) 983-0318,Please contact us for current schedule.,https://digitallift.org/,Kami Griffiths,Executive Director,inquiries@digitalLIFT.org,Community-based organization/Non-profit (501c3),Digital literacy & skills training,City-wide or across multiple cities,Alameda,Hayward,Both,No,Yes,"Aging Individuals (Age 60+), Individuals with Disabilities, Individuals with Language Barriers (Limited English Proficiency individuals, etc.), Ethnic or Minority Communities","English, Spanish, Mandarin, Cantonese","Digital equity grant writing, Organizational training, Train-the-trainer, Partnership opportunities, Collective action, Information sharing",Yes,,,
digitalLIFT - Hayward Public Library (Weekes Branch),27300 Patrick Avenue,Hayward,CA,94544,(855) 983-0318,Please contact us for current schedule.,https://digitallift.org/,Kami Griffiths,Executive Director,inquiries@digitalLIFT.org,Community-based organization/Non-profit (501c3),Digital literacy & skills training,City-wide or across multiple cities,Alameda,Hayward,Both,No,Yes,"Aging Individuals (Age 60+), Individuals with Disabilities, Individuals with Language Barriers (Limited English Proficiency individuals, etc.), Ethnic or Minority Communities","English, Spanish, Mandarin, Cantonese","Digital equity grant writing, Organizational training, Train-the-trainer, Partnership opportunities, Collective action, Information sharing",Yes,,,
digitalLIFT - Joseph Nelson Community Center,611 Village Drive ,Suisun City,CA,94585,(855) 983-0318,Please contact us for current schedule.,https://digitallift.org/,Kami Griffiths,Executive Director,inquiries@digitalLIFT.org,Community-based organization/Non-profit (501c3),"Digital navigation (in-person or virtual/call center), Digital literacy & skills training",City-wide or across multiple cities,Solano,Suisun City,Both,No,Yes,"Aging Individuals (Age 60+), Individuals with Disabilities, Individuals with Language Barriers (Limited English Proficiency individuals, etc.), Ethnic or Minority Communities","English, Spanish, Tagalog","Digital equity grant writing, Organizational training, Train-the-trainer, Partnership opportunities, Collective action, Information sharing",Yes,,,
digitalLIFT - Mercy Housing,1327 Lincoln Avenue,San Rafael,CA,94901,(855) 983-0318,Please contact us for current schedule.,https://digitallift.org/,Kami Griffiths,Executive Director,inquiries@digitalLIFT.org,Community-based organization/Non-profit (501c3),"Locating low-cost internet service programs, Enrollment assistance in low-cost internet service programs, Digital navigation (in-person or virtual/call center), Digital literacy & skills training",Specific housing development,Marin,San Rafael,Both,No,Yes,"Aging Individuals (Age 60+), Individuals with Disabilities, Individuals with Language Barriers (Limited English Proficiency individuals, etc.), Ethnic or Minority Communities",English,"Digital equity grant writing, Organizational training, Train-the-trainer, Partnership opportunities, Collective action, Information sharing",Yes,,,
digitalLIFT - North Oakland Senior Center,5714 Martin Luther King Jr Way,Oakland,CA,94609,(855) 983-0318,Please contact us for current schedule.,https://digitallift.org/,Kami Griffiths,Executive Director,inquiries@digitalLIFT.org,Community-based organization/Non-profit (501c3),Digital literacy & skills training,City-wide or across multiple cities,Alameda,Oakland,Both,No,Yes,"Aging Individuals (Age 60+), Individuals with Disabilities, Individuals with Language Barriers (Limited English Proficiency individuals, etc.), Ethnic or Minority Communities",English,"Digital equity grant writing, Organizational training, Train-the-trainer, Partnership opportunities, Collective action, Information sharing",Yes,,,
digitalLIFT - Openhouse,65 Laguna St,San Franciaco,CA,94102,(855) 983-0318,Please contact us for current schedule.,https://digitallift.org/,Kami Griffiths,Executive Director,inquiries@digitalLIFT.org,Community-based organization/Non-profit (501c3),"Locating low-cost internet service programs, Enrollment assistance in low-cost internet service programs, Digital navigation (in-person or virtual/call center), Digital literacy & skills training",County-wide or across multiple counties,San Francisco,San Francisco,Both,No,Yes,"Aging Individuals (Age 60+), Individuals with Disabilities, Individuals with Language Barriers (Limited English Proficiency individuals, etc.), Ethnic or Minority Communities","English, Spanish, Mandarin, Cantonese, Russian","Digital equity grant writing, Organizational training, Train-the-trainer, Partnership opportunities, Collective action, Information sharing",Yes,,,
digitalLIFT - Rio Vista Library ,44 South 2nd St,Rio Vista ,CA,94571,(855) 983-0318,Please contact us for current schedule.,https://digitallift.org/,Kami Griffiths,Executive Director,inquiries@digitalLIFT.org,Community-based organization/Non-profit (501c3),Digital literacy & skills training,City-wide or across multiple cities,Solano,Rio Vista,Both,No,Yes,"Aging Individuals (Age 60+), Individuals with Disabilities, Individuals with Language Barriers (Limited English Proficiency individuals, etc.), Ethnic or Minority Communities","English, Spanish, Tagalog","Digital equity grant writing, Organizational training, Train-the-trainer, Partnership opportunities, Collective action, Information sharing",Yes,,,
digitalLIFT - San Francisco Senior Center - Aquatic Park ,890 Beach Street          ,San Franciaco,CA,94109,(855) 983-0318,Please contact us for current schedule.,https://digitallift.org/,Kami Griffiths,Executive Director,inquiries@digitalLIFT.org,Community-based organization/Non-profit (501c3),"Locating low-cost internet service programs, Enrollment assistance in low-cost internet service programs, Digital navigation (in-person or virtual/call center), Digital literacy & skills training",County-wide or across multiple counties,San Francisco,San Francisco,Both,No,Yes,"Aging Individuals (Age 60+), Individuals with Disabilities, Individuals with Language Barriers (Limited English Proficiency individuals, etc.), Ethnic or Minority Communities","English, Spanish, Mandarin, Cantonese, Russian","Digital equity grant writing, Organizational training, Train-the-trainer, Partnership opportunities, Collective action, Information sharing",Yes,,,
digitalLIFT - San Francisco Senior Center - Downtown,481 O'Farrell St,San Franciaco,CA,94102,(855) 983-0318,Please contact us for current schedule.,https://digitallift.org/,Kami Griffiths,Executive Director,inquiries@digitalLIFT.org,Community-based organization/Non-profit (501c3),"Locating low-cost internet service programs, Enrollment assistance in low-cost internet service programs, Digital navigation (in-person or virtual/call center), Digital literacy & skills training",County-wide or across multiple counties,San Francisco,San Francisco,Both,No,Yes,"Aging Individuals (Age 60+), Individuals with Disabilities, Individuals with Language Barriers (Limited English Proficiency individuals, etc.), Ethnic or Minority Communities","English, Spanish, Mandarin, Cantonese, Russian","Digital equity grant writing, Organizational training, Train-the-trainer, Partnership opportunities, Collective action, Information sharing",Yes,,,
digitalLIFT - Springtowne Library,1003 Oakwood Ave,Vallejo,CA,94591,(855) 983-0318,Please contact us for current schedule.,https://digitallift.org/,Kami Griffiths,Executive Director,inquiries@digitalLIFT.org,Community-based organization/Non-profit (501c3),Digital literacy & skills training,City-wide or across multiple cities,Solano,Vallejo,Both,No,Yes,"Aging Individuals (Age 60+), Individuals with Disabilities, Individuals with Language Barriers (Limited English Proficiency individuals, etc.), Ethnic or Minority Communities","English, Spanish, Tagalog","Digital equity grant writing, Organizational training, Train-the-trainer, Partnership opportunities, Collective action, Information sharing",Yes,,,
digitalLIFT - St Francis Living Room ,350 Golden Gate Ave,San Franciaco,CA,94102,(855) 983-0318,Please contact us for current schedule.,https://digitallift.org/,Kami Griffiths,Executive Director,inquiries@digitalLIFT.org,Community-based organization/Non-profit (501c3),"Locating low-cost internet service programs, Enrollment assistance in low-cost internet service programs, Digital navigation (in-person or virtual/call center), Digital literacy & skills training",County-wide or across multiple counties,San Francisco,San Francisco,Both,No,Yes,"Aging Individuals (Age 60+), Individuals with Disabilities, Individuals with Language Barriers (Limited English Proficiency individuals, etc.), Ethnic or Minority Communities","English, Spanish, Mandarin, Cantonese, Russian","Digital equity grant writing, Organizational training, Train-the-trainer, Partnership opportunities, Collective action, Information sharing",Yes,,,
digitalLIFT - Stonestown YMCA,3150 20th Avenue,San Franciaco,CA,94132,(855) 983-0318,Please contact us for current schedule.,https://digitallift.org/,Kami Griffiths,Executive Director,inquiries@digitalLIFT.org,Community-based organization/Non-profit (501c3),"Locating low-cost internet service programs, Enrollment assistance in low-cost internet service programs, Digital navigation (in-person or virtual/call center), Digital literacy & skills training",County-wide or across multiple counties,San Francisco,San Francisco,Both,No,Yes,"Aging Individuals (Age 60+), Individuals with Disabilities, Individuals with Language Barriers (Limited English Proficiency individuals, etc.), Ethnic or Minority Communities","English, Spanish, Mandarin, Cantonese, Russian","Digital equity grant writing, Organizational training, Train-the-trainer, Partnership opportunities, Collective action, Information sharing",Yes,,,
digitalLIFT - Studio 55 / Oakley Recreation Center,1250 O’Hara Avenue,Oakley,CA,94561,(855) 983-0318,Please contact us for current schedule.,https://digitallift.org/,Kami Griffiths,Executive Director,inquiries@digitalLIFT.org,Community-based organization/Non-profit (501c3),Digital literacy & skills training,City-wide or across multiple cities,Alameda,Oakley,Both,No,Yes,"Aging Individuals (Age 60+), Individuals with Disabilities, Individuals with Language Barriers (Limited English Proficiency individuals, etc.), Ethnic or Minority Communities","English, Spanish","Digital equity grant writing, Organizational training, Train-the-trainer, Partnership opportunities, Collective action, Information sharing",Yes,,,
digitalLIFT - West Oakland Senior Center,1724 Adeline St,Oakland,CA,94607,(855) 983-0318,Please contact us for current schedule.,https://digitallift.org/,Kami Griffiths,Executive Director,inquiries@digitalLIFT.org,Community-based organization/Non-profit (501c3),Digital literacy & skills training,City-wide or across multiple cities,Alameda,Oakland,Both,No,Yes,"Aging Individuals (Age 60+), Individuals with Disabilities, Individuals with Language Barriers (Limited English Proficiency individuals, etc.), Ethnic or Minority Communities",English,"Digital equity grant writing, Organizational training, Train-the-trainer, Partnership opportunities, Collective action, Information sharing",Yes,,,
digitalLIFT - Western Addition Senior Center,1390 -1/2 Turk Street,San Franciaco,CA,94115,(855) 983-0318,Please contact us for current schedule.,https://digitallift.org/,Kami Griffiths,Executive Director,inquiries@digitalLIFT.org,Community-based organization/Non-profit (501c3),"Locating low-cost internet service programs, Enrollment assistance in low-cost internet service programs, Digital navigation (in-person or virtual/call center), Digital literacy & skills training",County-wide or across multiple counties,San Francisco,San Francisco,Both,No,Yes,"Aging Individuals (Age 60+), Individuals with Disabilities, Individuals with Language Barriers (Limited English Proficiency individuals, etc.), Ethnic or Minority Communities","English, Spanish, Mandarin, Cantonese, Russian","Digital equity grant writing, Organizational training, Train-the-trainer, Partnership opportunities, Collective action, Information sharing",Yes,,,
digitalLIFT - Western Park Apartments,1280 Laguna Street,San Franciaco,CA,94115,(855) 983-0318,Please contact us for current schedule.,https://digitallift.org/,Kami Griffiths,Executive Director,inquiries@digitalLIFT.org,Community-based organization/Non-profit (501c3),"Locating low-cost internet service programs, Enrollment assistance in low-cost internet service programs, Digital navigation (in-person or virtual/call center), Digital literacy & skills training",County-wide or across multiple counties,San Francisco,San Francisco,Both,No,Yes,"Aging Individuals (Age 60+), Individuals with Disabilities, Individuals with Language Barriers (Limited English Proficiency individuals, etc.), Ethnic or Minority Communities","English, Spanish, Mandarin, Cantonese, Russian","Digital equity grant writing, Organizational training, Train-the-trainer, Partnership opportunities, Collective action, Information sharing",Yes,,,
Dr. George W. Davis Senior Center,1753 Carrol Avenue,San Francisco,CA,94124,415-822-1444,M-F 9:00-4:00,https://www.sfhsa.org/services/disability-aging/community-activities/sf-connected/sf-connected-locations,DAS-OCP SF Connected,DAS OCP /SF Connected Program Team,"""SFConnected,  (HSA) (DSS)"" <sfconnected@sfgov.org>",Other: SF Connected Technology Lab hosted at non-Governmental Organization sites,Public Wi-Fi and Computer center,City-wide or across multiple cities,San Francisco,San Francisco,In-Person,No,Yes,"Aging Individuals (Age 60+),Veterans Individuals with Disabilities , Individuals with Language Barriers (Limited English Proficiency individuals, etc.), Ethnic or Minority Communities","Other- SF Connected computer- interface languages (Chinese, English, Russian, Spanish, Vietnamese)
",Partnership opportunities,,,,
Episcopal Community Services - Canon Kip Senior Center,705 Natoma Street       ,San Francisco,CA,94103,415-487-3300,M-F 9am-3pm,https://www.sfhsa.org/services/disability-aging/community-activities/sf-connected/sf-connected-locations,DAS-OCP SF Connected,DAS OCP /SF Connected Program Team,"""SFConnected,  (HSA) (DSS)"" <sfconnected@sfgov.org>",Other: SF Connected Technology Lab hosted at non-Governmental Organization sites,Public Wi-Fi and Computer center,City-wide or across multiple cities,San Francisco,San Francisco,In-Person,No,Yes,"Aging Individuals (Age 60+),Veterans Individuals with Disabilities , Individuals with Language Barriers (Limited English Proficiency individuals, etc.), Ethnic or Minority Communities","Other- SF Connected computer- interface languages (Chinese, English, Russian, Spanish, Vietnamese)
",Partnership opportunities,,,,
Fresno County Public Library - Auberry Library,33049 Auberry Road,Auberry,CA,93602,559-855-8523,T-Th 10am-7pm Fri-Sa 10am-5pm,https://www.fresnolibrary.org/index.html,Fae Giffen,Principal Librarian,fae.giffen@fresnolibrary.org,Library,Public Wi-Fi/Computer center(s)/Online educational resources/Workforce development resources,County-wide or across multiple counties,Fresno County,All,Both,No,Yes,"Aging Individuals (Age 60+)/Veterans/Individuals with Disabilities/Individuals with Language Barriers (Limited English Proficiency individuals, etc.)/Ethnic or Minority Communities/Rural Communities",English,Information sharing,No,,,
Fresno County Public Library - Bear Mountain Library,30733 E Kings Canyon Road,Yokuts Valley,CA,93675,559-332-2528,M-Th 10am-6pm Sa 10am-2pm ,https://www.fresnolibrary.org/index.html,Fae Giffen,Principal Librarian,fae.giffen@fresnolibrary.org,Library,Public Wi-Fi/Computer center(s)/Online educational resources/Workforce development resources,County-wide or across multiple counties,Fresno County,All,Both,No,Yes,"Aging Individuals (Age 60+)/Veterans/Individuals with Disabilities/Individuals with Language Barriers (Limited English Proficiency individuals, etc.)/Ethnic or Minority Communities/Rural Communities",English,Information sharing,No,,,
Fresno County Public Library - Betty Rodriguez Library,3040 N Cedar Avenue,Fresno,CA,93703,559-600-9245,"M-Th 9am-9pm, F & Sa 9am-5pm Su 12pm-5pm",https://www.fresnolibrary.org/index.html,Fae Giffen,Principal Librarian,fae.giffen@fresnolibrary.org,Library,Public Wi-Fi/Computer center(s)/Online educational resources/Workforce development resources,County-wide or across multiple counties,Fresno County,All,Both,No,Yes,"Aging Individuals (Age 60+)/Veterans/Individuals with Disabilities/Individuals with Language Barriers (Limited English Proficiency individuals, etc.)/Ethnic or Minority Communities/Rural Communities",English,Information sharing,No,,,
Fresno County Public Library - Big Creek Library,55185 Point Road,Big Creek,CA,93605,559-893-6614,T & Th 1pm-5pm,https://www.fresnolibrary.org/index.html,Fae Giffen,Principal Librarian,fae.giffen@fresnolibrary.org,Library,Public Wi-Fi/Computer center(s)/Online educational resources/Workforce development resources,County-wide or across multiple counties,Fresno County,All,Both,No,Yes,"Aging Individuals (Age 60+)/Veterans/Individuals with Disabilities/Individuals with Language Barriers (Limited English Proficiency individuals, etc.)/Ethnic or Minority Communities/Rural Communities",English,Information sharing,No,,,
Fresno County Public Library - Caruthers Library,13382 S Henderson Rd,Caruthers,CA,93609,559-864-8766,M-Th 10am-6pm F 12pm-4pm Sa 10am-2pm,https://www.fresnolibrary.org/index.html,Fae Giffen,Principal Librarian,fae.giffen@fresnolibrary.org,Library,Public Wi-Fi/Computer center(s)/Online educational resources/Workforce development resources,County-wide or across multiple counties,Fresno County,All,Both,No,Yes,"Aging Individuals (Age 60+)/Veterans/Individuals with Disabilities/Individuals with Language Barriers (Limited English Proficiency individuals, etc.)/Ethnic or Minority Communities/Rural Communities",English,Information sharing,No,,,
Fresno County Public Library - Clovis Library,1155 Fifth Street,Clovis,CA,93612,559-600-9531,M- Th 9am-9pm F & Sa 9am-5pm Su 12pm-5pm,https://www.fresnolibrary.org/index.html,Fae Giffen,Principal Librarian,fae.giffen@fresnolibrary.org,Library,Public Wi-Fi/Computer center(s)/Online educational resources/Workforce development resources,County-wide or across multiple counties,Fresno County,All,Both,No,Yes,"Aging Individuals (Age 60+)/Veterans/Individuals with Disabilities/Individuals with Language Barriers (Limited English Proficiency individuals, etc.)/Ethnic or Minority Communities/Rural Communities",English,Information sharing,No,,,
Fresno County Public Library - Easton Library,25 E Fantz Avenue,Easton,CA,93706,559-237-3929,"T-Th 10am-2pm, 3pm-6pm F 10am-2pm, 3pm-5pm Sa 10am-3pm ",https://www.fresnolibrary.org/index.html,Fae Giffen,Principal Librarian,fae.giffen@fresnolibrary.org,Library,Public Wi-Fi/Computer center(s)/Online educational resources/Workforce development resources,County-wide or across multiple counties,Fresno County,All,Both,No,Yes,"Aging Individuals (Age 60+)/Veterans/Individuals with Disabilities/Individuals with Language Barriers (Limited English Proficiency individuals, etc.)/Ethnic or Minority Communities/Rural Communities",English,Information sharing,No,,,
Fresno County Public Library - Fig Garden Library,3071 W Bullard Avenue,Fresno,CA,93711,559-600-4071,M- Th 9am-9pm F & Sa 9am-5pm Su 12pm-5pm,https://www.fresnolibrary.org/index.html,Fae Giffen,Principal Librarian,fae.giffen@fresnolibrary.org,Library,Public Wi-Fi/Computer center(s)/Online educational resources/Workforce development resources,County-wide or across multiple counties,Fresno County,All,Both,No,Yes,"Aging Individuals (Age 60+)/Veterans/Individuals with Disabilities/Individuals with Language Barriers (Limited English Proficiency individuals, etc.)/Ethnic or Minority Communities/Rural Communities",English,Information sharing,No,,,
Fresno County Public Library - Firebaugh Library,900 O Street,Firebaugh,CA,93622,559-600-9274,"M-Th 10am-2pm, 3pm-6pm, F 10am-2pm, 3pm-5pm",https://www.fresnolibrary.org/index.html,Fae Giffen,Principal Librarian,fae.giffen@fresnolibrary.org,Library,Public Wi-Fi/Computer center(s)/Online educational resources/Workforce development resources,County-wide or across multiple counties,Fresno County,All,Both,No,Yes,"Aging Individuals (Age 60+)/Veterans/Individuals with Disabilities/Individuals with Language Barriers (Limited English Proficiency individuals, etc.)/Ethnic or Minority Communities/Rural Communities",English,Information sharing,No,,,
Fresno County Public Library - Fowler Library,306 S 7th Street,Fowler,CA,93625,559-600-9281,M-Th 9am-7pm Fri & Sa 9am-5pm,https://www.fresnolibrary.org/index.html,Fae Giffen,Principal Librarian,fae.giffen@fresnolibrary.org,Library,Public Wi-Fi/Computer center(s)/Online educational resources/Workforce development resources,County-wide or across multiple counties,Fresno County,All,Both,No,Yes,"Aging Individuals (Age 60+)/Veterans/Individuals with Disabilities/Individuals with Language Barriers (Limited English Proficiency individuals, etc.)/Ethnic or Minority Communities/Rural Communities",English,Information sharing,No,,,
Fresno County Public Library - Fresno Central Library,2420 Mariposa Street,Fresno,CA,93721,559-600-7323,M-Th 9am-6pm F & Sa 9am-5pm Su 12pm-5pm,https://www.fresnolibrary.org/index.html,Fae Giffen,Principal Librarian,fae.giffen@fresnolibrary.org,Library,Public Wi-Fi/Computer center(s)/Online educational resources/Workforce development resources,County-wide or across multiple counties,Fresno County,All,Both,No,Yes,"Aging Individuals (Age 60+)/Veterans/Individuals with Disabilities/Individuals with Language Barriers (Limited English Proficiency individuals, etc.)/Ethnic or Minority Communities/Rural Communities",English,Information sharing,No,,,
Fresno County Public Library - Gillis Library,629 W Dakota Avenue,Fresno,CA,93705,559-600-9915,M-Th 9am-7pm Fri & Sa 9am-5pm,https://www.fresnolibrary.org/index.html,Fae Giffen,Principal Librarian,fae.giffen@fresnolibrary.org,Library,Public Wi-Fi/Computer center(s)/Online educational resources/Workforce development resources,County-wide or across multiple counties,Fresno County,All,Both,No,Yes,"Aging Individuals (Age 60+)/Veterans/Individuals with Disabilities/Individuals with Language Barriers (Limited English Proficiency individuals, etc.)/Ethnic or Minority Communities/Rural Communities",English,Information sharing,No,,,
Fresno County Public Library - Kerman Library,15081 W Kearney Plaza,Kerman,CA,93630,559-846-8804,M-Th 10am-6pm F 10am-5pm Sa 10am-2pm ,https://www.fresnolibrary.org/index.html,Fae Giffen,Principal Librarian,fae.giffen@fresnolibrary.org,Library,Public Wi-Fi/Computer center(s)/Online educational resources/Workforce development resources,County-wide or across multiple counties,Fresno County,All,Both,No,Yes,"Aging Individuals (Age 60+)/Veterans/Individuals with Disabilities/Individuals with Language Barriers (Limited English Proficiency individuals, etc.)/Ethnic or Minority Communities/Rural Communities",English,Information sharing,No,,,
Fresno County Public Library - Kingsburg Library,1399 Draper Street,Kingsburg,CA,93631,559-897-3710,M 10am-6pm T 12pm-8pm W & Th 10-6pm F 12pm-4pm Sa 10am-2pm,https://www.fresnolibrary.org/index.html,Fae Giffen,Principal Librarian,fae.giffen@fresnolibrary.org,Library,Public Wi-Fi/Computer center(s)/Online educational resources/Workforce development resources,County-wide or across multiple counties,Fresno County,All,Both,No,Yes,"Aging Individuals (Age 60+)/Veterans/Individuals with Disabilities/Individuals with Language Barriers (Limited English Proficiency individuals, etc.)/Ethnic or Minority Communities/Rural Communities",English,Information sharing,No,,,
Fresno County Public Library - Laton Library,6313 DeWoody,Laton,CA,93242,559-923-4554,T-Th 2pm-6pm Sa 10am-2pm,https://www.fresnolibrary.org/index.html,Fae Giffen,Principal Librarian,fae.giffen@fresnolibrary.org,Library,Public Wi-Fi/Computer center(s)/Online educational resources/Workforce development resources,County-wide or across multiple counties,Fresno County,All,Both,No,Yes,"Aging Individuals (Age 60+)/Veterans/Individuals with Disabilities/Individuals with Language Barriers (Limited English Proficiency individuals, etc.)/Ethnic or Minority Communities/Rural Communities",English,Information sharing,No,,,
Fresno County Public Library - Leo Politi Library,5771 N First Street,Fresno,CA,93710,559-600-0840,M-Th 9am-7pm Fri & Sa 9am-5pm,https://www.fresnolibrary.org/index.html,Fae Giffen,Principal Librarian,fae.giffen@fresnolibrary.org,Library,Public Wi-Fi/Computer center(s)/Online educational resources/Workforce development resources,County-wide or across multiple counties,Fresno County,All,Both,No,Yes,"Aging Individuals (Age 60+)/Veterans/Individuals with Disabilities/Individuals with Language Barriers (Limited English Proficiency individuals, etc.)/Ethnic or Minority Communities/Rural Communities",English,Information sharing,No,,,
Fresno County Public Library - Mendota Library,1246 Belmont Avenue,Mendota,CA,93640,559-600-9291,M-Th 10am-6pm F 10am-4pm Sa 10am-2pm,https://www.fresnolibrary.org/index.html,Fae Giffen,Principal Librarian,fae.giffen@fresnolibrary.org,Library,Public Wi-Fi/Computer center(s)/Online educational resources/Workforce development resources,County-wide or across multiple counties,Fresno County,All,Both,No,Yes,"Aging Individuals (Age 60+)/Veterans/Individuals with Disabilities/Individuals with Language Barriers (Limited English Proficiency individuals, etc.)/Ethnic or Minority Communities/Rural Communities",English,Information sharing,No,,,
Fresno County Public Library - Mosqueda Library,4670 E Butler Avenue,Fresno,CA,93702,559-600-4072,"T-Th 10am-12pm, 1pm-6pm F 10am-12pm, 1pm-5pm Sa 10am-2pm",https://www.fresnolibrary.org/index.html,Fae Giffen,Principal Librarian,fae.giffen@fresnolibrary.org,Library,Public Wi-Fi/Computer center(s)/Online educational resources/Workforce development resources,County-wide or across multiple counties,Fresno County,All,Both,No,Yes,"Aging Individuals (Age 60+)/Veterans/Individuals with Disabilities/Individuals with Language Barriers (Limited English Proficiency individuals, etc.)/Ethnic or Minority Communities/Rural Communities",English,Information sharing,No,,,
Fresno County Public Library - Orange Cove Library,815 Park Blvd,Orange Cove,CA,93646,559-600-9292,M-W 10am-6pm Th 12pm-8pm F & Sa10am-2pm ,https://www.fresnolibrary.org/index.html,Fae Giffen,Principal Librarian,fae.giffen@fresnolibrary.org,Library,Public Wi-Fi/Computer center(s)/Online educational resources/Workforce development resources,County-wide or across multiple counties,Fresno County,All,Both,No,Yes,"Aging Individuals (Age 60+)/Veterans/Individuals with Disabilities/Individuals with Language Barriers (Limited English Proficiency individuals, etc.)/Ethnic or Minority Communities/Rural Communities",English,Information sharing,No,,,
Fresno County Public Library - Parlier Library,1130 E. Parlier,Parlier,CA,93648,559-646-3835,T-Th 10am-6pm F 10am-5pm Sa 10am-2pm,https://www.fresnolibrary.org/index.html,Fae Giffen,Principal Librarian,fae.giffen@fresnolibrary.org,Library,Public Wi-Fi/Computer center(s)/Online educational resources/Workforce development resources,County-wide or across multiple counties,Fresno County,All,Both,No,Yes,"Aging Individuals (Age 60+)/Veterans/Individuals with Disabilities/Individuals with Language Barriers (Limited English Proficiency individuals, etc.)/Ethnic or Minority Communities/Rural Communities",English,Information sharing,No,,,
Fresno County Public Library - Piedra Library,25385 Trimmer Springs Road,Sanger,CA,93657,559-787-3266,T-Th 2pm-6pm Sa 10am-2pm,https://www.fresnolibrary.org/index.html,Fae Giffen,Principal Librarian,fae.giffen@fresnolibrary.org,Library,Public Wi-Fi/Computer center(s)/Online educational resources/Workforce development resources,County-wide or across multiple counties,Fresno County,All,Both,No,Yes,"Aging Individuals (Age 60+)/Veterans/Individuals with Disabilities/Individuals with Language Barriers (Limited English Proficiency individuals, etc.)/Ethnic or Minority Communities/Rural Communities",English,Information sharing,No,,,
Fresno County Public Library - Pinedale Library,7170 N San Pablo Avenue,Pinedale,CA,93650,559-439-0486,"M-Th 10am-12pm, 1pm-6pm Sa 10am-2pm",https://www.fresnolibrary.org/index.html,Fae Giffen,Principal Librarian,fae.giffen@fresnolibrary.org,Library,Public Wi-Fi/Computer center(s)/Online educational resources/Workforce development resources,County-wide or across multiple counties,Fresno County,All,Both,No,Yes,"Aging Individuals (Age 60+)/Veterans/Individuals with Disabilities/Individuals with Language Barriers (Limited English Proficiency individuals, etc.)/Ethnic or Minority Communities/Rural Communities",English,Information sharing,No,,,
Fresno County Public Library - Reedley Library,1027 E Street,Reedley,CA,93654,559-638-2818,M-Th 10am-8am F & Sa 10am-5pm,https://www.fresnolibrary.org/index.html,Fae Giffen,Principal Librarian,fae.giffen@fresnolibrary.org,Library,Public Wi-Fi/Computer center(s)/Online educational resources/Workforce development resources,County-wide or across multiple counties,Fresno County,All,Both,No,Yes,"Aging Individuals (Age 60+)/Veterans/Individuals with Disabilities/Individuals with Language Barriers (Limited English Proficiency individuals, etc.)/Ethnic or Minority Communities/Rural Communities",English,Information sharing,No,,,
Fresno County Public Library - Riverdale Library,20975 Malsbary Street,Riverdale,CA,93656,559-867-3381 ,"T-Th 10-2pm, 3pm-6pm F 10am-2pm, 3pm-5pm Sa 10am-3pm",https://www.fresnolibrary.org/index.html,Fae Giffen,Principal Librarian,fae.giffen@fresnolibrary.org,Library,Public Wi-Fi/Computer center(s)/Online educational resources/Workforce development resources,County-wide or across multiple counties,Fresno County,All,Both,No,Yes,"Aging Individuals (Age 60+)/Veterans/Individuals with Disabilities/Individuals with Language Barriers (Limited English Proficiency individuals, etc.)/Ethnic or Minority Communities/Rural Communities",English,Information sharing,No,,,
Fresno County Public Library - San Joaquin Library,8781 Main Street,San Joaquin,CA,93660,559-693-2171,M-Th 10am-6pm F 10am-5pm Sa 10am-2pm,https://www.fresnolibrary.org/index.html,Fae Giffen,Principal Librarian,fae.giffen@fresnolibrary.org,Library,Public Wi-Fi/Computer center(s)/Online educational resources/Workforce development resources,County-wide or across multiple counties,Fresno County,All,Both,No,Yes,"Aging Individuals (Age 60+)/Veterans/Individuals with Disabilities/Individuals with Language Barriers (Limited English Proficiency individuals, etc.)/Ethnic or Minority Communities/Rural Communities",English,Information sharing,No,,,
Fresno County Public Library - Sanger Library,1812 7th Street,Sanger,CA,93657,559-875-2435,M-Th 10am-8pm F & Sa 10am-5pm,https://www.fresnolibrary.org/index.html,Fae Giffen,Principal Librarian,fae.giffen@fresnolibrary.org,Library,Public Wi-Fi/Computer center(s)/Online educational resources/Workforce development resources,County-wide or across multiple counties,Fresno County,All,Both,No,Yes,"Aging Individuals (Age 60+)/Veterans/Individuals with Disabilities/Individuals with Language Barriers (Limited English Proficiency individuals, etc.)/Ethnic or Minority Communities/Rural Communities",English,Information sharing,No,,,
Fresno County Public Library - Selma Library,2200 Selma Street,Selma,CA,93662,559-896-3393,Closed for Remodeling,https://www.fresnolibrary.org/index.html,Fae Giffen,Principal Librarian,fae.giffen@fresnolibrary.org,Library,Public Wi-Fi/Computer center(s)/Online educational resources/Workforce development resources,County-wide or across multiple counties,Fresno County,All,Both,No,Yes,"Aging Individuals (Age 60+)/Veterans/Individuals with Disabilities/Individuals with Language Barriers (Limited English Proficiency individuals, etc.)/Ethnic or Minority Communities/Rural Communities",English,Information sharing,No,,,
Fresno County Public Library - Shaver Lake Library,41344 Tollhouse Road,Shaver Lake,CA,93664,559-841-3330,W & F 1pm-5pm Sa 10-2pm,https://www.fresnolibrary.org/index.html,Fae Giffen,Principal Librarian,fae.giffen@fresnolibrary.org,Library,Public Wi-Fi/Computer center(s)/Online educational resources/Workforce development resources,County-wide or across multiple counties,Fresno County,All,Both,No,Yes,"Aging Individuals (Age 60+)/Veterans/Individuals with Disabilities/Individuals with Language Barriers (Limited English Proficiency individuals, etc.)/Ethnic or Minority Communities/Rural Communities",English,Information sharing,No,,,
Fresno County Public Library - Sunnyside Library,5566 E Kings Canyon Road,Fresno,CA,93727,559-600-6594,"M-Th 9am-9pm, F & Sa 9am-5pm Su 12pm-5pm",https://www.fresnolibrary.org/index.html,Fae Giffen,Principal Librarian,fae.giffen@fresnolibrary.org,Library,Public Wi-Fi/Computer center(s)/Online educational resources/Workforce development resources,County-wide or across multiple counties,Fresno County,All,Both,No,Yes,"Aging Individuals (Age 60+)/Veterans/Individuals with Disabilities/Individuals with Language Barriers (Limited English Proficiency individuals, etc.)/Ethnic or Minority Communities/Rural Communities",English,Information sharing,No,,,
Fresno County Public Library - Teague Library,4718 N Polk Avenue,Fresno,CA,93722,559-275-3918,T-Th 2pm-6pm Sa 10am-2pm,https://www.fresnolibrary.org/index.html,Fae Giffen,Principal Librarian,fae.giffen@fresnolibrary.org,Library,Public Wi-Fi/Computer center(s)/Online educational resources/Workforce development resources,County-wide or across multiple counties,Fresno County,All,Both,No,Yes,"Aging Individuals (Age 60+)/Veterans/Individuals with Disabilities/Individuals with Language Barriers (Limited English Proficiency individuals, etc.)/Ethnic or Minority Communities/Rural Communities",English,Information sharing,No,,,
Fresno County Public Library - Tranquillity Library,25561 Williams Street,Tranquillity,CA,93668,559-600-6490,T-Th 2pm-6pm Sa 10am-2pm,https://www.fresnolibrary.org/index.html,Fae Giffen,Principal Librarian,fae.giffen@fresnolibrary.org,Library,Public Wi-Fi/Computer center(s)/Online educational resources/Workforce development resources,County-wide or across multiple counties,Fresno County,All,Both,No,Yes,"Aging Individuals (Age 60+)/Veterans/Individuals with Disabilities/Individuals with Language Barriers (Limited English Proficiency individuals, etc.)/Ethnic or Minority Communities/Rural Communities",English,Information sharing,No,,,
Fresno County Public Library - West Fresno Library,188 E Cesar Chavez Blvd,Fresno,CA,93706,559-600-9277,M-Th 10-6pm F 10am-5pm,https://www.fresnolibrary.org/index.html,Fae Giffen,Principal Librarian,fae.giffen@fresnolibrary.org,Library,Public Wi-Fi/Computer center(s)/Online educational resources/Workforce development resources,County-wide or across multiple counties,Fresno County,All,Both,No,Yes,"Aging Individuals (Age 60+)/Veterans/Individuals with Disabilities/Individuals with Language Barriers (Limited English Proficiency individuals, etc.)/Ethnic or Minority Communities/Rural Communities",English,Information sharing,No,,,
Fresno County Public Library - Woodward Park Library,944 E Perrin Avenue,Fresno,CA,93720,559-600-3135,"M-Th 9am-9pm, F & Sa 9am-5pm Su 12pm-5pm",https://www.fresnolibrary.org/index.html,Fae Giffen,Principal Librarian,fae.giffen@fresnolibrary.org,Library,Public Wi-Fi/Computer center(s)/Online educational resources/Workforce development resources,County-wide or across multiple counties,Fresno County,All,Both,No,Yes,"Aging Individuals (Age 60+)/Veterans/Individuals with Disabilities/Individuals with Language Barriers (Limited English Proficiency individuals, etc.)/Ethnic or Minority Communities/Rural Communities",English,Information sharing,No,,,
"Glendale Library, Arts & Culture - Brand Library & Art Center",1601 W Mountain St.,Glendale,CA,91201,(818) 548-2051,,https://www.glendaleca.gov/government/departments/library-arts-culture,Lessa Pelayo-Lozada,Director,lpelayolozada@glendaleca.gov,Library,"Digital literacy & skills training, Free/Low-cost devices, Free/Low-cost hotspots, Public Wi-Fi, Computer center(s), Online educational resources",Multiple cities,Los Angeles County,"Glendale, CA",Both,No,Yes,"Aging Individuals (Age 60+), Veterans, Individuals with Disabilities, Individuals with Language Barriers (Limited English Proficiency individuals, etc.), Ethnic or Minority Communities","English, Spanish, Armenian",Partnership opportunities,,,,
"Glendale Library, Arts & Culture - Casa Verdugo Library",1151 N Brand Blvd,Glendale,CA,91202,(818) 548-2047,,https://www.glendaleca.gov/government/departments/library-arts-culture,Lessa Pelayo-Lozada,Director,lpelayolozada@glendaleca.gov,Library,"Digital literacy & skills training, Free/Low-cost devices, Free/Low-cost hotspots, Public Wi-Fi, Computer center(s), Online educational resources",Multiple cities,Los Angeles County,"Glendale, CA",Both,No,Yes,"Aging Individuals (Age 60+), Veterans, Individuals with Disabilities, Individuals with Language Barriers (Limited English Proficiency individuals, etc.), Ethnic or Minority Communities","English, Spanish, Armenian",Partnership opportunities,,,,
"Glendale Library, Arts & Culture - Chevy Chase Library",3301 E. Chevy Chase Dr.,Glendale,CA,91206,(818) 548-2046,,https://www.glendaleca.gov/government/departments/library-arts-culture,Lessa Pelayo-Lozada,Director,lpelayolozada@glendaleca.gov,Library,"Digital literacy & skills training, Free/Low-cost devices, Free/Low-cost hotspots, Public Wi-Fi, Computer center(s), Online educational resources",Multiple cities,Los Angeles County,"Glendale, CA",Both,No,Yes,"Aging Individuals (Age 60+), Veterans, Individuals with Disabilities, Individuals with Language Barriers (Limited English Proficiency individuals, etc.), Ethnic or Minority Communities","English, Spanish, Armenian",Partnership opportunities,,,,
"Glendale Library, Arts & Culture - Glendale Central Library",222 E. Harvard St.,Glendale,CA,91205,(818) 548-2021,,https://www.glendaleca.gov/government/departments/library-arts-culture,Lessa Pelayo-Lozada,Director,lpelayolozada@glendaleca.gov,Library,"Digital literacy & skills training, Free/Low-cost devices, Free/Low-cost hotspots, Public Wi-Fi, Computer center(s), Online educational resources",Multiple cities,Los Angeles County,"Glendale, CA",Both,No,Yes,"Aging Individuals (Age 60+), Veterans, Individuals with Disabilities, Individuals with Language Barriers (Limited English Proficiency individuals, etc.), Ethnic or Minority Communities","English, Spanish, Korean, Armenian",Partnership opportunities,,,,
"Glendale Library, Arts & Culture - Grandview Library",1535 5th St.,Glendale,CA,91201,(818) 548-2049,,https://www.glendaleca.gov/government/departments/library-arts-culture,Lessa Pelayo-Lozada,Director,lpelayolozada@glendaleca.gov,Library,"Digital literacy & skills training, Free/Low-cost devices, Free/Low-cost hotspots, Public Wi-Fi, Computer center(s), Online educational resources",Multiple cities,Los Angeles County,"Glendale, CA",Both,No,Yes,"Aging Individuals (Age 60+), Veterans, Individuals with Disabilities, Individuals with Language Barriers (Limited English Proficiency individuals, etc.), Ethnic or Minority Communities","English, Spanish, Armenian",Partnership opportunities,,,,
"Glendale Library, Arts & Culture - Library Connection at Adams Square",1100 E. Chevy Chase Dr.,Glendale,CA,91205,(818) 548-3833,,https://www.glendaleca.gov/government/departments/library-arts-culture,Lessa Pelayo-Lozada,Director,lpelayolozada@glendaleca.gov,Library,"Digital literacy & skills training, Free/Low-cost devices, Free/Low-cost hotspots, Public Wi-Fi, Computer center(s), Online educational resources",Multiple cities,Los Angeles County,"Glendale, CA",Both,No,Yes,"Aging Individuals (Age 60+), Veterans, Individuals with Disabilities, Individuals with Language Barriers (Limited English Proficiency individuals, etc.), Ethnic or Minority Communities","English, Spanish, Armenian",Partnership opportunities,,,,
"Glendale Library, Arts & Culture - Montrose Library",2465 Honolulu Ave.,Glendale,CA,91020,(818) 548-2048,,https://www.glendaleca.gov/government/departments/library-arts-culture,Lessa Pelayo-Lozada,Director,lpelayolozada@glendaleca.gov,Library,"Digital literacy & skills training, Free/Low-cost devices, Free/Low-cost hotspots, Public Wi-Fi, Computer center(s), Online educational resources",Multiple cities,Los Angeles County,"Glendale, CA",Both,No,Yes,"Aging Individuals (Age 60+), Veterans, Individuals with Disabilities, Individuals with Language Barriers (Limited English Proficiency individuals, etc.), Ethnic or Minority Communities","English, Spanish, Armenian",Partnership opportunities,,,,
"Glendale Library, Arts & Culture - Pacific Park Library",501 S. Pacific Ave.,Glendale,CA,91204,(818) 548-3760,,https://www.glendaleca.gov/government/departments/library-arts-culture,Lessa Pelayo-Lozada,Director,lpelayolozada@glendaleca.gov,Library,"Digital literacy & skills training, Free/Low-cost devices, Free/Low-cost hotspots, Public Wi-Fi, Computer center(s), Online educational resources",Multiple cities,Los Angeles County,"Glendale, CA",Both,No,Yes,"Aging Individuals (Age 60+), Veterans, Individuals with Disabilities, Individuals with Language Barriers (Limited English Proficiency individuals, etc.), Ethnic or Minority Communities","English, Spanish, Armenian",Partnership opportunities,,,,
Golden Gate Senior Services - Castro Senior Center,110 Diamond Street,San Francisco,CA,94114,415-863-3507,M-F 9:00-2:00,https://www.sfhsa.org/services/disability-aging/community-activities/sf-connected/sf-connected-locations,DAS-OCP SF Connected,DAS OCP /SF Connected Program Team,"""SFConnected,  (HSA) (DSS)"" <sfconnected@sfgov.org>",Other: SF Connected Technology Lab hosted at non-Governmental Organization sites,Public Wi-Fi and Computer center,City-wide or across multiple cities,San Francisco,San Francisco,In-Person,No,Yes,"Aging Individuals (Age 60+),Veterans Individuals with Disabilities , Individuals with Language Barriers (Limited English Proficiency individuals, etc.), Ethnic or Minority Communities","Other- SF Connected computer- interface languages (Chinese, English, Russian, Spanish, Vietnamese)
",Partnership opportunities,,,,
GoldenGate Senior Services - Richmond Senior Center,"6221 Geary Boulevard, 3rd Floor",San Francisco,CA,94121,415-752-6444,M-F 9:30 - 3:00,https://www.sfhsa.org/services/disability-aging/community-activities/sf-connected/sf-connected-locations,DAS-OCP SF Connected,DAS OCP /SF Connected Program Team,"""SFConnected,  (HSA) (DSS)"" <sfconnected@sfgov.org>",Other: SF Connected Technology Lab hosted at non-Governmental Organization sites,Public Wi-Fi and Computer center,City-wide or across multiple cities,San Francisco,San Francisco,In-Person,No,Yes,"Aging Individuals (Age 60+),Veterans Individuals with Disabilities , Individuals with Language Barriers (Limited English Proficiency individuals, etc.), Ethnic or Minority Communities","Other- SF Connected computer- interface languages (Chinese, English, Russian, Spanish, Vietnamese)
",Partnership opportunities,,,,
HACLA - (Housing Authority of the City of Los Angeles),2600 Wilshire Blvd,Los Angeles,CA,90057,(833) 422-5248,Mon-Fri 12:00pm - 5:00pm,https://www.hacla.org/en/computer-labsdigital-libraries-old,Katherine Romo,Program Development Coordinator,katherine.romo@hacla.org,"Public Housing Authority or Affordable Housing Organization, Local or Regional Authority","Locating low-cost internet service programs, Enrollment assistance in low-cost internet service programs, Digital navigation (in-person or virtual/call center), Digital literacy & skills training, Technical support, Free/Low-cost devices, Free/Low-cost hotspots, Public Wi-Fi, Computer center(s), Online educational resources, Workforce development resources",City-wide or across multiple cities,Los Angeles,Los Angeles,Both,No,Yes,"Aging Individuals (Age 60+), Veterans, Individuals with Disabilities, Individuals with Language Barriers (Limited English Proficiency individuals, etc.), Ethnic or Minority Communities","English, Spanish","Partnership opportunities, Collective action, Information sharing",No,,,
HACLA - Avalon Gardens,701 E. 88th Place,Los Angeles,CA,90002,,Mon-Fri 12:00pm - 5:00pm,https://www.hacla.org/en/computer-labsdigital-libraries-old,Katherine Romo,Program Development Coordinator,katherine.romo@hacla.org,"Public Housing Authority or Affordable Housing Organization, Local or Regional Authority","Locating low-cost internet service programs, Enrollment assistance in low-cost internet service programs, Digital navigation (in-person or virtual/call center), Digital literacy & skills training, Technical support, Free/Low-cost devices, Free/Low-cost hotspots, Public Wi-Fi, Computer center(s), Online educational resources, Workforce development resources",City-wide or across multiple cities,Los Angeles,Los Angeles,Both,No,Yes,"Aging Individuals (Age 60+), Veterans, Individuals with Disabilities, Individuals with Language Barriers (Limited English Proficiency individuals, etc.), Ethnic or Minority Communities","English, Spanish","Partnership opportunities, Collective action, Information sharing",No,,,
HACLA - Gonzaque Village,1515 E. 105th Street,Los Angeles,CA,90002,,Mon-Fri 12:00pm - 5:00pm,https://www.hacla.org/en/computer-labsdigital-libraries-old,Katherine Romo,Program Development Coordinator,katherine.romo@hacla.org,"Public Housing Authority or Affordable Housing Organization, Local or Regional Authority","Locating low-cost internet service programs, Enrollment assistance in low-cost internet service programs, Digital navigation (in-person or virtual/call center), Digital literacy & skills training, Technical support, Free/Low-cost devices, Free/Low-cost hotspots, Public Wi-Fi, Computer center(s), Online educational resources, Workforce development resources",City-wide or across multiple cities,Los Angeles,Los Angeles,Both,No,Yes,"Aging Individuals (Age 60+), Veterans, Individuals with Disabilities, Individuals with Language Barriers (Limited English Proficiency individuals, etc.), Ethnic or Minority Communities","English, Spanish","Partnership opportunities, Collective action, Information sharing",No,,,
HACLA - Imperial Courts,2245 E. 115th Street,Los Angeles,CA,90059,,Mon-Fri 12:00pm - 5:00pm,https://www.hacla.org/en/computer-labsdigital-libraries-old,Katherine Romo,Program Development Coordinator,katherine.romo@hacla.org,"Public Housing Authority or Affordable Housing Organization, Local or Regional Authority","Locating low-cost internet service programs, Enrollment assistance in low-cost internet service programs, Digital navigation (in-person or virtual/call center), Digital literacy & skills training, Technical support, Free/Low-cost devices, Free/Low-cost hotspots, Public Wi-Fi, Computer center(s), Online educational resources, Workforce development resources",City-wide or across multiple cities,Los Angeles,Los Angeles,Both,No,Yes,"Aging Individuals (Age 60+), Veterans, Individuals with Disabilities, Individuals with Language Barriers (Limited English Proficiency individuals, etc.), Ethnic or Minority Communities","English, Spanish","Partnership opportunities, Collective action, Information sharing",No,,,
HACLA - Jordan Downs,9900 Grape Street,Los Angeles,CA,90059,,Mon-Fri 12:00pm - 5:00pm,https://www.hacla.org/en/computer-labsdigital-libraries-old,Katherine Romo,Program Development Coordinator,katherine.romo@hacla.org,"Public Housing Authority or Affordable Housing Organization, Local or Regional Authority","Locating low-cost internet service programs, Enrollment assistance in low-cost internet service programs, Digital navigation (in-person or virtual/call center), Digital literacy & skills training, Technical support, Free/Low-cost devices, Free/Low-cost hotspots, Public Wi-Fi, Computer center(s), Online educational resources, Workforce development resources",City-wide or across multiple cities,Los Angeles,Los Angeles,Both,No,Yes,"Aging Individuals (Age 60+), Veterans, Individuals with Disabilities, Individuals with Language Barriers (Limited English Proficiency individuals, etc.), Ethnic or Minority Communities","English, Spanish","Partnership opportunities, Collective action, Information sharing",No,,,
HACLA - Mar Vista Gardens,4909 Marionwood Drive,Los Angeles,CA,90230,,Mon-Fri 12:00pm - 5:00pm,https://www.hacla.org/en/computer-labsdigital-libraries-old,Katherine Romo,Program Development Coordinator,katherine.romo@hacla.org,"Public Housing Authority or Affordable Housing Organization, Local or Regional Authority","Locating low-cost internet service programs, Enrollment assistance in low-cost internet service programs, Digital navigation (in-person or virtual/call center), Digital literacy & skills training, Technical support, Free/Low-cost devices, Free/Low-cost hotspots, Public Wi-Fi, Computer center(s), Online educational resources, Workforce development resources",City-wide or across multiple cities,Los Angeles,Los Angeles,Both,No,Yes,"Aging Individuals (Age 60+), Veterans, Individuals with Disabilities, Individuals with Language Barriers (Limited English Proficiency individuals, etc.), Ethnic or Minority Communities","English, Spanish","Partnership opportunities, Collective action, Information sharing",No,,,
HACLA - Nickerson Gardens,1450 E. 114th Street,Los Angeles,CA,90059,,Mon-Fri 12:00pm - 5:00pm,https://www.hacla.org/en/computer-labsdigital-libraries-old,Katherine Romo,Program Development Coordinator,katherine.romo@hacla.org,"Public Housing Authority or Affordable Housing Organization, Local or Regional Authority","Locating low-cost internet service programs, Enrollment assistance in low-cost internet service programs, Digital navigation (in-person or virtual/call center), Digital literacy & skills training, Technical support, Free/Low-cost devices, Free/Low-cost hotspots, Public Wi-Fi, Computer center(s), Online educational resources, Workforce development resources",City-wide or across multiple cities,Los Angeles,Los Angeles,Both,No,Yes,"Aging Individuals (Age 60+), Veterans, Individuals with Disabilities, Individuals with Language Barriers (Limited English Proficiency individuals, etc.), Ethnic or Minority Communities","English, Spanish","Partnership opportunities, Collective action, Information sharing",No,,,
HACLA - Pueblo del Rio,1801 E. 53rd Street,Los Angeles,CA,90058,,Mon-Fri 12:00pm - 5:00pm,https://www.hacla.org/en/computer-labsdigital-libraries-old,Katherine Romo,Program Development Coordinator,katherine.romo@hacla.org,"Public Housing Authority or Affordable Housing Organization, Local or Regional Authority","Locating low-cost internet service programs, Enrollment assistance in low-cost internet service programs, Digital navigation (in-person or virtual/call center), Digital literacy & skills training, Technical support, Free/Low-cost devices, Free/Low-cost hotspots, Public Wi-Fi, Computer center(s), Online educational resources, Workforce development resources",City-wide or across multiple cities,Los Angeles,Los Angeles,Both,No,Yes,"Aging Individuals (Age 60+), Veterans, Individuals with Disabilities, Individuals with Language Barriers (Limited English Proficiency individuals, etc.), Ethnic or Minority Communities","English, Spanish","Partnership opportunities, Collective action, Information sharing",No,,,
HACLA - Ramona Gardens, 2830 Lancaster Avenue,Los Angeles,CA,90033,,Mon-Fri 12:00pm - 5:00pm,https://www.hacla.org/en/computer-labsdigital-libraries-old,Katherine Romo,Program Development Coordinator,katherine.romo@hacla.org,"Public Housing Authority or Affordable Housing Organization, Local or Regional Authority","Locating low-cost internet service programs, Enrollment assistance in low-cost internet service programs, Digital navigation (in-person or virtual/call center), Digital literacy & skills training, Technical support, Free/Low-cost devices, Free/Low-cost hotspots, Public Wi-Fi, Computer center(s), Online educational resources, Workforce development resources",City-wide or across multiple cities,Los Angeles,Los Angeles,Both,No,Yes,"Aging Individuals (Age 60+), Veterans, Individuals with Disabilities, Individuals with Language Barriers (Limited English Proficiency individuals, etc.), Ethnic or Minority Communities","English, Spanish","Partnership opportunities, Collective action, Information sharing",No,,,
HACLA - Rancho San Pedro,202 S. Beacon Street,San Pedro,CA,90731,,Mon-Fri 12:00pm - 5:00pm,https://www.hacla.org/en/computer-labsdigital-libraries-old,Katherine Romo,Program Development Coordinator,katherine.romo@hacla.org,"Public Housing Authority or Affordable Housing Organization, Local or Regional Authority","Locating low-cost internet service programs, Enrollment assistance in low-cost internet service programs, Digital navigation (in-person or virtual/call center), Digital literacy & skills training, Technical support, Free/Low-cost devices, Free/Low-cost hotspots, Public Wi-Fi, Computer center(s), Online educational resources, Workforce development resources",City-wide or across multiple cities,Los Angeles,San Pedro,Both,No,Yes,"Aging Individuals (Age 60+), Veterans, Individuals with Disabilities, Individuals with Language Barriers (Limited English Proficiency individuals, etc.), Ethnic or Minority Communities","English, Spanish","Partnership opportunities, Collective action, Information sharing",No,,,
HACLA - William Mead Homes,1300 N. Cardinal Street,Los Angeles,CA,90012,,Mon-Fri 12:00pm - 5:00pm,https://www.hacla.org/en/computer-labsdigital-libraries-old,Katherine Romo,Program Development Coordinator,katherine.romo@hacla.org,"Public Housing Authority or Affordable Housing Organization, Local or Regional Authority","Locating low-cost internet service programs, Enrollment assistance in low-cost internet service programs, Digital navigation (in-person or virtual/call center), Digital literacy & skills training, Technical support, Free/Low-cost devices, Free/Low-cost hotspots, Public Wi-Fi, Computer center(s), Online educational resources, Workforce development resources",City-wide or across multiple cities,Los Angeles,Los Angeles,Both,No,Yes,"Aging Individuals (Age 60+), Veterans, Individuals with Disabilities, Individuals with Language Barriers (Limited English Proficiency individuals, etc.), Ethnic or Minority Communities","English, Spanish","Partnership opportunities, Collective action, Information sharing",No,,,
Heart of Ida,1150 E 4th Street,Long Beach,CA,90803,(562) 570-3548,"M-W-F 10:00am-1:00pm, closed 2nd Fri of the month",https://www.heartofida.org/digital-inclusion/,Dina Berg,,,Community-based organization/Non-profit (501c3),Digital literacy & skills training,City-wide or across multiple cities,Los Angeles,Long Beach,In-Person,No,Yes,"seniors, aging population","English, Spanish",no,No,,,
Long Beach City College,4901 E Carson St,Long Beach,CA,90808,(562) 938-3248,Mon - Fri 8am - 5pm,"https://lbcc.edu/pod/free-esl-classes



https://lbcc.edu/post/computer-office-studies",Sarah Bowers,Community Education Coordinator,sbowers@lbcc.edu,Community College,Digital literacy & skills training,City-wide or across multiple cities,Los Angeles,Long Beach,Both,No,Yes,All,English,,No,,,
Los Angeles County Library - A C Bilbrew Library,150 E. El Segundo Blvd.,Los Angeles,CA,90061,310.538.3350,"Mon 10-8, Tue 10-8, Wed 10-8, Thu 10-8, Fri 10-6, Sat 10-6, Sun Closed",https://lacountylibrary.org/location/a-c-bilbrew-library/,Community Library Manager ,Community Library Manager , LibraryDirector@library.lacounty.gov,"Library, County Government","Digital navigation (in-person or virtual/call center), Digital literacy & skills training, Public Wi-Fi, Computer center(s), Online educational resources, Workforce development resources",County-wide or across multiple counties,Los Angeles,Los Angeles,Both,No,Yes,"Aging Individuals (Age 60+), Incarcerated Individuals, Veterans, Individuals with Disabilities, Individuals with Language Barriers (Limited English Proficiency individuals, etc.), Ethnic or Minority Communities","English, Spanish, Mandarin","Partnership opportunities, Information sharing",No,,,
Los Angeles County Library - Acton Agua Dulce Library,33792 Crown Valley Rd.,Acton,CA,93510,661.269.7101,"Mon 10-8, Tue 10-8, Wed 10-8, Thu 10-8, Fri 10-6, Sat 10-6, Sun Closed",Acton Agua Dulce Library – LA County Library,Community Library Manager ,Community Library Manager , LibraryDirector@library.lacounty.gov,"Library, County Government","Digital navigation (in-person or virtual/call center), Digital literacy & skills training, Public Wi-Fi, Computer center(s), Online educational resources, Workforce development resources",County-wide or across multiple counties,Los Angeles,Acton,Both,No,Yes,"Aging Individuals (Age 60+), Incarcerated Individuals, Veterans, Individuals with Disabilities, Individuals with Language Barriers (Limited English Proficiency individuals, etc.), Ethnic or Minority Communities","English, Spanish, Mandarin","Partnership opportunities, Information sharing",No,,,
Los Angeles County Library - Agoura Hills Library,29901 Ladyface Court,Agoura Hills,CA,91301,818.889.2278,"Mon Closed, Tue 12-8, Wed 12-8, Thu 10-6, Fri 10-6, Sat 10-6, Sun Closed",Agoura Hills Library – LA County Library,Community Library Manager ,Community Library Manager , LibraryDirector@library.lacounty.gov,"Library, County Government","Digital navigation (in-person or virtual/call center), Digital literacy & skills training, Public Wi-Fi, Computer center(s), Online educational resources, Workforce development resources",County-wide or across multiple counties,Los Angeles,Agoura Hills,Both,No,Yes,"Aging Individuals (Age 60+), Incarcerated Individuals, Veterans, Individuals with Disabilities, Individuals with Language Barriers (Limited English Proficiency individuals, etc.), Ethnic or Minority Communities","English, Spanish, Mandarin","Partnership opportunities, Information sharing",No,,,
Los Angeles County Library - Alondra Library,11949 Alondra Blvd.,Norwalk,CA,90650,562.868.7771,"Mon 10-6, Tue 12-8, Wed 12-8, Thu 10-6, Fri 10-6, Sat Closed, Sun Closed",Alondra Library – LA County Library,Community Library Manager ,Community Library Manager , LibraryDirector@library.lacounty.gov,"Library, County Government","Digital navigation (in-person or virtual/call center), Digital literacy & skills training, Public Wi-Fi, Computer center(s), Online educational resources, Workforce development resources",County-wide or across multiple counties,Los Angeles,Norwalk,Both,No,Yes,"Aging Individuals (Age 60+), Incarcerated Individuals, Veterans, Individuals with Disabilities, Individuals with Language Barriers (Limited English Proficiency individuals, etc.), Ethnic or Minority Communities","English, Spanish, Mandarin","Partnership opportunities, Information sharing",No,,,
Los Angeles County Library - Angelo M. Iacoboni Library,4990 Clark Avenue,Lakewood,CA,90712,562.866.1777,"Mon Closed, Tue 12-8, Wed 12-8, Thu 10-6, Fri 10-6, Sat 10-6, Sun Closed",Angelo M. Iacoboni Library – LA County Library,Community Library Manager ,Community Library Manager , LibraryDirector@library.lacounty.gov,"Library, County Government","Digital navigation (in-person or virtual/call center), Digital literacy & skills training, Public Wi-Fi, Computer center(s), Online educational resources, Workforce development resources",County-wide or across multiple counties,Los Angeles,Lakewood,Both,No,Yes,"Aging Individuals (Age 60+), Incarcerated Individuals, Veterans, Individuals with Disabilities, Individuals with Language Barriers (Limited English Proficiency individuals, etc.), Ethnic or Minority Communities","English, Spanish, Mandarin","Partnership opportunities, Information sharing",No,,,
Los Angeles County Library - Antelope Valley East Bookmobile,601 W. Lancaster Blvd.,Lancaster,CA,93534,661.948.0796,"Mon Closed, Tue 8-5, Wed 8-5, Thu 8-5, Fri 8-5, Sat 8-5, Sun Closed",Antelope Valley East Bookmobile – LA County Library,Community Library Manager ,Community Library Manager , LibraryDirector@library.lacounty.gov,"Library, County Government","Digital navigation (in-person or virtual/call center), Digital literacy & skills training, Public Wi-Fi, Computer center(s), Online educational resources, Workforce development resources",County-wide or across multiple counties,Los Angeles,Lancaster,Both,No,Yes,"Aging Individuals (Age 60+), Incarcerated Individuals, Veterans, Individuals with Disabilities, Individuals with Language Barriers (Limited English Proficiency individuals, etc.), Ethnic or Minority Communities","English, Spanish, Mandarin","Partnership opportunities, Information sharing",No,,,
Los Angeles County Library - Antelope Valley West Bookmobile,601 W. Lancaster Blvd.,Lancaster,CA,93534,661.948.8270,"Mon Closed, Tue 8-5, Wed 8-5, Thu 8-5, Fri 8-5, Sat 8-5, Sun Closed",Antelope Valley West Bookmobile – LA County Library,Community Library Manager ,Community Library Manager , LibraryDirector@library.lacounty.gov,"Library, County Government","Digital navigation (in-person or virtual/call center), Digital literacy & skills training, Public Wi-Fi, Computer center(s), Online educational resources, Workforce development resources",County-wide or across multiple counties,Los Angeles,Lancaster,Both,No,Yes,"Aging Individuals (Age 60+), Incarcerated Individuals, Veterans, Individuals with Disabilities, Individuals with Language Barriers (Limited English Proficiency individuals, etc.), Ethnic or Minority Communities","English, Spanish, Mandarin","Partnership opportunities, Information sharing",No,,,
Los Angeles County Library - Anthony Quinn Library,3965 Cesar E. Chavez Avenue,Los Angeles,CA,90063,323.264.7715,"Mon 10-8, Tue 10-8, Wed 10-8, Thu 10-8, Fri 10-6, Sat 10-6, Sun Closed",Anthony Quinn Library – LA County Library,Community Library Manager ,Community Library Manager , LibraryDirector@library.lacounty.gov,"Library, County Government","Digital navigation (in-person or virtual/call center), Digital literacy & skills training, Public Wi-Fi, Computer center(s), Online educational resources, Workforce development resources",County-wide or across multiple counties,Los Angeles,Los Angeles,Both,No,Yes,"Aging Individuals (Age 60+), Incarcerated Individuals, Veterans, Individuals with Disabilities, Individuals with Language Barriers (Limited English Proficiency individuals, etc.), Ethnic or Minority Communities","English, Spanish, Mandarin","Partnership opportunities, Information sharing",No,,,
Los Angeles County Library - Artesia Library,18801 Elaine Ave.,Artesia,CA,90701,562.865.6614,"Mon Closed, Tue 12-8, Wed 12-8, Thu 10-6, Fri 10-6, Sat 10-6, Sun Closed",Artesia Library – LA County Library,Community Library Manager ,Community Library Manager , LibraryDirector@library.lacounty.gov,"Library, County Government","Digital navigation (in-person or virtual/call center), Digital literacy & skills training, Public Wi-Fi, Computer center(s), Online educational resources, Workforce development resources",County-wide or across multiple counties,Los Angeles,Artesia,Both,No,Yes,"Aging Individuals (Age 60+), Incarcerated Individuals, Veterans, Individuals with Disabilities, Individuals with Language Barriers (Limited English Proficiency individuals, etc.), Ethnic or Minority Communities","English, Spanish, Mandarin","Partnership opportunities, Information sharing",No,,,
Los Angeles County Library - Avalon Library,215 Sumner Ave. P.O. Box 585,Avalon,CA,90704,310.510.1050,"Mon Closed, Tue 12-8, Wed 12-8, Thu 10-6, Fri 10-6, Sat 10-6, Sun Closed",Avalon Library – LA County Library,Community Library Manager ,Community Library Manager , LibraryDirector@library.lacounty.gov,"Library, County Government","Digital navigation (in-person or virtual/call center), Digital literacy & skills training, Public Wi-Fi, Computer center(s), Online educational resources, Workforce development resources",County-wide or across multiple counties,Los Angeles,Avalon,Both,No,Yes,"Aging Individuals (Age 60+), Incarcerated Individuals, Veterans, Individuals with Disabilities, Individuals with Language Barriers (Limited English Proficiency individuals, etc.), Ethnic or Minority Communities","English, Spanish, Mandarin","Partnership opportunities, Information sharing",No,,,
Los Angeles County Library - Baldwin Park Library,4181 Baldwin Park Blvd.,Baldwin Park,CA,91706,626.962.6947,"Mon Closed, Tue 12-8, Wed 12-8, Thu 10-6, Fri 10-6, Sat 10-6, Sun Closed",Baldwin Park Library – LA County Library,Community Library Manager ,Community Library Manager , LibraryDirector@library.lacounty.gov,"Library, County Government","Digital navigation (in-person or virtual/call center), Digital literacy & skills training, Public Wi-Fi, Computer center(s), Online educational resources, Workforce development resources",County-wide or across multiple counties,Los Angeles,Baldwin Park,Both,No,Yes,"Aging Individuals (Age 60+), Incarcerated Individuals, Veterans, Individuals with Disabilities, Individuals with Language Barriers (Limited English Proficiency individuals, etc.), Ethnic or Minority Communities","English, Spanish, Mandarin","Partnership opportunities, Information sharing",No,,,
Los Angeles County Library - Bell Gardens Library,7110 S. Garfield Avenue,Bell Gardens,CA,90201,562.927.1309,"Mon Closed, Tue 12-8, Wed 12-8, Thu 10-6, Fri 10-6, Sat 10-6, Sun Closed",Bell Gardens Library – LA County Library,Community Library Manager ,Community Library Manager , LibraryDirector@library.lacounty.gov,"Library, County Government","Digital navigation (in-person or virtual/call center), Digital literacy & skills training, Public Wi-Fi, Computer center(s), Online educational resources, Workforce development resources",County-wide or across multiple counties,Los Angeles,Bell Gardens,Both,No,Yes,"Aging Individuals (Age 60+), Incarcerated Individuals, Veterans, Individuals with Disabilities, Individuals with Language Barriers (Limited English Proficiency individuals, etc.), Ethnic or Minority Communities","English, Spanish, Mandarin","Partnership opportunities, Information sharing",No,,,
Los Angeles County Library - Bell Library,4411 East Gage Avenue,Bell,CA,90201,323.560.2149,"Mon Closed, Tue 12-8, Wed 12-8, Thu 10-6, Fri 10-6, Sat 10-6, Sun Closed",Bell Express Library – LA County Library,Community Library Manager ,Community Library Manager , LibraryDirector@library.lacounty.gov,"Library, County Government","Digital navigation (in-person or virtual/call center), Digital literacy & skills training, Public Wi-Fi, Computer center(s), Online educational resources, Workforce development resources",County-wide or across multiple counties,Los Angeles,Bell,Both,No,Yes,"Aging Individuals (Age 60+), Incarcerated Individuals, Veterans, Individuals with Disabilities, Individuals with Language Barriers (Limited English Proficiency individuals, etc.), Ethnic or Minority Communities","English, Spanish, Mandarin","Partnership opportunities, Information sharing",No,,,
Los Angeles County Library - Carson Library,151 East Carson Street,Carson,CA,90745,310.830.0901,"Mon Closed, Tue 12-8, Wed 12-8, Thu 10-6, Fri 10-6, Sat 10-6, Sun Closed",Carson Library – LA County Library,Community Library Manager ,Community Library Manager , LibraryDirector@library.lacounty.gov,"Library, County Government","Digital navigation (in-person or virtual/call center), Digital literacy & skills training, Public Wi-Fi, Computer center(s), Online educational resources, Workforce development resources",County-wide or across multiple counties,Los Angeles,Carson,Both,No,Yes,"Aging Individuals (Age 60+), Incarcerated Individuals, Veterans, Individuals with Disabilities, Individuals with Language Barriers (Limited English Proficiency individuals, etc.), Ethnic or Minority Communities","English, Spanish, Mandarin","Partnership opportunities, Information sharing",No,,,
Los Angeles County Library - Castaic Library,27971 Sloan Canyon Road,Castaic,CA,91384,661.257.7410,"Mon 10-8, Tue 10-8, Wed 10-8, Thu 10-8, Fri 10-6, Sat 10-6, Sun Closed",Castaic Library – LA County Library,Community Library Manager ,Community Library Manager , LibraryDirector@library.lacounty.gov,"Library, County Government","Digital navigation (in-person or virtual/call center), Digital literacy & skills training, Public Wi-Fi, Computer center(s), Online educational resources, Workforce development resources",County-wide or across multiple counties,Los Angeles,Castaic,Both,No,Yes,"Aging Individuals (Age 60+), Incarcerated Individuals, Veterans, Individuals with Disabilities, Individuals with Language Barriers (Limited English Proficiency individuals, etc.), Ethnic or Minority Communities","English, Spanish, Mandarin","Partnership opportunities, Information sharing",No,,,
Los Angeles County Library - Charter Oak Library,"20540 Arrow Highway, Suite K",Covina,CA,91724,626.339.2151,"Mon 10-8, Tue 10-8, Wed 10-8, Thu 10-8, Fri 10-6, Sat 10-6, Sun Closed",Charter Oak Library – LA County Library,Community Library Manager ,Community Library Manager , LibraryDirector@library.lacounty.gov,"Library, County Government","Digital navigation (in-person or virtual/call center), Digital literacy & skills training, Public Wi-Fi, Computer center(s), Online educational resources, Workforce development resources",County-wide or across multiple counties,Los Angeles,Covina,Both,No,Yes,"Aging Individuals (Age 60+), Incarcerated Individuals, Veterans, Individuals with Disabilities, Individuals with Language Barriers (Limited English Proficiency individuals, etc.), Ethnic or Minority Communities","English, Spanish, Mandarin","Partnership opportunities, Information sharing",No,,,
Los Angeles County Library - Chet Holifield Library,1060 South Greenwood Avenue,Montebello,CA,90640,323.728.0421,"Mon 10-6, Tue 12-8, Wed 12-8, Thu 10-6, Fri 10-6, Sat Closed, Sun Closed",Chet Holifield Library – LA County Library,Community Library Manager ,Community Library Manager , LibraryDirector@library.lacounty.gov,"Library, County Government","Digital navigation (in-person or virtual/call center), Digital literacy & skills training, Public Wi-Fi, Computer center(s), Online educational resources, Workforce development resources",County-wide or across multiple counties,Los Angeles,Montebello,Both,No,Yes,"Aging Individuals (Age 60+), Incarcerated Individuals, Veterans, Individuals with Disabilities, Individuals with Language Barriers (Limited English Proficiency individuals, etc.), Ethnic or Minority Communities","English, Spanish, Mandarin","Partnership opportunities, Information sharing",No,,,
Los Angeles County Library - City Terrace Library,4025 East City Terrace Drive,Los Angeles,CA,90063,323.261.0295,"Mon 10-8, Tue 10-8, Wed 10-8, Thu 10-8, Fri 10-6, Sat 10-6, Sun Closed",City Terrace Library – LA County Library,Community Library Manager ,Community Library Manager , LibraryDirector@library.lacounty.gov,"Library, County Government","Digital navigation (in-person or virtual/call center), Digital literacy & skills training, Public Wi-Fi, Computer center(s), Online educational resources, Workforce development resources",County-wide or across multiple counties,Los Angeles,Los Angeles,Both,No,Yes,"Aging Individuals (Age 60+), Incarcerated Individuals, Veterans, Individuals with Disabilities, Individuals with Language Barriers (Limited English Proficiency individuals, etc.), Ethnic or Minority Communities","English, Spanish, Mandarin","Partnership opportunities, Information sharing",No,,,
Los Angeles County Library - Claremont Helen Renwick Library,208 N. Harvard Ave.,Claremont,CA,91711,909.621.4902,"Mon Closed, Tue 12-8, Wed 12-8, Thu 10-6, Fri 10-6, Sat 10-6, Sun Closed",Claremont Helen Renwick Library – LA County Library,Community Library Manager ,Community Library Manager , LibraryDirector@library.lacounty.gov,"Library, County Government","Digital navigation (in-person or virtual/call center), Digital literacy & skills training, Public Wi-Fi, Computer center(s), Online educational resources, Workforce development resources",County-wide or across multiple counties,Los Angeles,Claremont,Both,No,Yes,"Aging Individuals (Age 60+), Incarcerated Individuals, Veterans, Individuals with Disabilities, Individuals with Language Barriers (Limited English Proficiency individuals, etc.), Ethnic or Minority Communities","English, Spanish, Mandarin","Partnership opportunities, Information sharing",No,,,
Los Angeles County Library - Clifton M. Brakensiek Library,9945 E. Flower Street,Bellflower,CA,90706,562.925.5543,"Mon Closed, Tue 12-8, Wed 12-8, Thu 10-6, Fri 10-6, Sat 10-6, Sun Closed",Clifton M. Brakensiek Library – LA County Library,Community Library Manager ,Community Library Manager , LibraryDirector@library.lacounty.gov,"Library, County Government","Digital navigation (in-person or virtual/call center), Digital literacy & skills training, Public Wi-Fi, Computer center(s), Online educational resources, Workforce development resources",County-wide or across multiple counties,Los Angeles,Bellflower,Both,No,Yes,"Aging Individuals (Age 60+), Incarcerated Individuals, Veterans, Individuals with Disabilities, Individuals with Language Barriers (Limited English Proficiency individuals, etc.), Ethnic or Minority Communities","English, Spanish, Mandarin","Partnership opportunities, Information sharing",No,,,
Los Angeles County Library - Compton Library,240 West Compton Blvd.,Compton,CA,90220,310.637.0202,"Mon Closed, Tue 12-8, Wed 12-8, Thu 10-6, Fri 10-6, Sat 10-6, Sun Closed",Compton Library – LA County Library,Community Library Manager ,Community Library Manager , LibraryDirector@library.lacounty.gov,"Library, County Government","Digital navigation (in-person or virtual/call center), Digital literacy & skills training, Public Wi-Fi, Computer center(s), Online educational resources, Workforce development resources",County-wide or across multiple counties,Los Angeles,Compton,Both,No,Yes,"Aging Individuals (Age 60+), Incarcerated Individuals, Veterans, Individuals with Disabilities, Individuals with Language Barriers (Limited English Proficiency individuals, etc.), Ethnic or Minority Communities","English, Spanish, Mandarin","Partnership opportunities, Information sharing",No,,,
Los Angeles County Library - Cudahy Library,5218 Santa Ana Street,Cudahy,CA,90201,323.771.1345,"Mon Closed, Tue 12-8, Wed 12-8, Thu 10-6, Fri 10-6, Sat 10-6, Sun Closed",Cudahy Library – LA County Library,Community Library Manager ,Community Library Manager , LibraryDirector@library.lacounty.gov,"Library, County Government","Digital navigation (in-person or virtual/call center), Digital literacy & skills training, Public Wi-Fi, Computer center(s), Online educational resources, Workforce development resources",County-wide or across multiple counties,Los Angeles,Cudahy,Both,No,Yes,"Aging Individuals (Age 60+), Incarcerated Individuals, Veterans, Individuals with Disabilities, Individuals with Language Barriers (Limited English Proficiency individuals, etc.), Ethnic or Minority Communities","English, Spanish, Mandarin","Partnership opportunities, Information sharing",No,,,
Los Angeles County Library - Culver City Julian Dixon Library,4975 Overland Avenue,Culver City,CA,90230,310.559.1676,"Mon Closed, Tue 12-8, Wed 12-8, Thu 10-6, Fri 10-6, Sat 10-6, Sun Closed",Culver City Julian Dixon Library – LA County Library,Community Library Manager ,Community Library Manager , LibraryDirector@library.lacounty.gov,"Library, County Government","Digital navigation (in-person or virtual/call center), Digital literacy & skills training, Public Wi-Fi, Computer center(s), Online educational resources, Workforce development resources",County-wide or across multiple counties,Los Angeles,Culver City,Both,No,Yes,"Aging Individuals (Age 60+), Incarcerated Individuals, Veterans, Individuals with Disabilities, Individuals with Language Barriers (Limited English Proficiency individuals, etc.), Ethnic or Minority Communities","English, Spanish, Mandarin","Partnership opportunities, Information sharing",No,,,
Los Angeles County Library - Diamond Bar Library,21800 Copley Dr.,Diamond Bar,CA,91765,909.861.4978,"Mon 10-8, Tue 10-8, Wed 10-8, Thu 10-8, Fri 10-6, Sat 10-6, Sun Closed",Diamond Bar Library – LA County Library,Community Library Manager ,Community Library Manager , LibraryDirector@library.lacounty.gov,"Library, County Government","Digital navigation (in-person or virtual/call center), Digital literacy & skills training, Public Wi-Fi, Computer center(s), Online educational resources, Workforce development resources",County-wide or across multiple counties,Los Angeles,Diamond Bar,Both,No,Yes,"Aging Individuals (Age 60+), Incarcerated Individuals, Veterans, Individuals with Disabilities, Individuals with Language Barriers (Limited English Proficiency individuals, etc.), Ethnic or Minority Communities","English, Spanish, Mandarin","Partnership opportunities, Information sharing",No,,,
"Los Angeles County Library - Dr. Martin Luther King, Jr. Library",17906 South Avalon Blvd.,Carson,CA,90746,310.327.4830,"Mon 10-6, Tue 12-8, Wed 12-8, Thu 10-6, Fri 10-6, Sat Closed, Sun Closed","Dr. Martin Luther King, Jr. Library – LA County Library",Community Library Manager ,Community Library Manager , LibraryDirector@library.lacounty.gov,"Library, County Government","Digital navigation (in-person or virtual/call center), Digital literacy & skills training, Public Wi-Fi, Computer center(s), Online educational resources, Workforce development resources",County-wide or across multiple counties,Los Angeles,Carson,Both,No,Yes,"Aging Individuals (Age 60+), Incarcerated Individuals, Veterans, Individuals with Disabilities, Individuals with Language Barriers (Limited English Proficiency individuals, etc.), Ethnic or Minority Communities","English, Spanish, Mandarin","Partnership opportunities, Information sharing",No,,,
Los Angeles County Library - Duarte Library,1301 Buena Vista Street,Duarte,CA,91010,626.358.1865,"Mon Closed, Tue 12-8, Wed 12-8, Thu 10-6, Fri 10-6, Sat 10-6, Sun Closed",Duarte Library – LA County Library,Community Library Manager ,Community Library Manager , LibraryDirector@library.lacounty.gov,"Library, County Government","Digital navigation (in-person or virtual/call center), Digital literacy & skills training, Public Wi-Fi, Computer center(s), Online educational resources, Workforce development resources",County-wide or across multiple counties,Los Angeles,Duarte,Both,No,Yes,"Aging Individuals (Age 60+), Incarcerated Individuals, Veterans, Individuals with Disabilities, Individuals with Language Barriers (Limited English Proficiency individuals, etc.), Ethnic or Minority Communities","English, Spanish, Mandarin","Partnership opportunities, Information sharing",No,,,
Los Angeles County Library - East Bookmobile,1601 West Covina Parkway,West Covina,CA,91790,626.338.8373,"Mon Closed, Tue 10-6, Wed 10-6, Thu 10-6, Fri 10-6, Sat 10-6, Sun Closed",East Bookmobile – LA County Library,Community Library Manager ,Community Library Manager , LibraryDirector@library.lacounty.gov,"Library, County Government","Digital navigation (in-person or virtual/call center), Digital literacy & skills training, Public Wi-Fi, Computer center(s), Online educational resources, Workforce development resources",County-wide or across multiple counties,Los Angeles,West Covina,Both,No,Yes,"Aging Individuals (Age 60+), Incarcerated Individuals, Veterans, Individuals with Disabilities, Individuals with Language Barriers (Limited English Proficiency individuals, etc.), Ethnic or Minority Communities","English, Spanish, Mandarin","Partnership opportunities, Information sharing",No,,,
Los Angeles County Library - East Los Angeles Library,4837 East 3rd St.,Los Angeles,CA,90022,323.264.0155,"Mon 10-8, Tue 10-8, Wed 10-8, Thu 10-8, Fri 10-6, Sat 10-6, Sun 1-5",East Los Angeles Library – LA County Library,Community Library Manager ,Community Library Manager , LibraryDirector@library.lacounty.gov,"Library, County Government","Digital navigation (in-person or virtual/call center), Digital literacy & skills training, Public Wi-Fi, Computer center(s), Online educational resources, Workforce development resources",County-wide or across multiple counties,Los Angeles,Los Angeles,Both,No,Yes,"Aging Individuals (Age 60+), Incarcerated Individuals, Veterans, Individuals with Disabilities, Individuals with Language Barriers (Limited English Proficiency individuals, etc.), Ethnic or Minority Communities","English, Spanish, Mandarin","Partnership opportunities, Information sharing",No,,,
Los Angeles County Library - East Rancho Dominguez Library,4420 East Rose Street,E. Rancho Dominguez,CA,90221,310.632.6193,"Mon 10-8, Tue 10-8, Wed 10-8, Thu 10-8, Fri 10-6, Sat 10-6, Sun Closed",East Rancho Dominguez Library – LA County Library,Community Library Manager ,Community Library Manager , LibraryDirector@library.lacounty.gov,"Library, County Government","Digital navigation (in-person or virtual/call center), Digital literacy & skills training, Public Wi-Fi, Computer center(s), Online educational resources, Workforce development resources",County-wide or across multiple counties,Los Angeles,E. Rancho Dominguez,Both,No,Yes,"Aging Individuals (Age 60+), Incarcerated Individuals, Veterans, Individuals with Disabilities, Individuals with Language Barriers (Limited English Proficiency individuals, etc.), Ethnic or Minority Communities","English, Spanish, Mandarin","Partnership opportunities, Information sharing",No,,,
Los Angeles County Library - El Camino Real Library,4264 East Whittier Blvd.,Los Angeles,CA,90023,323.269.8102,"Mon 10-8, Tue 10-8, Wed 10-8, Thu 10-8, Fri 10-6, Sat 10-6, Sun Closed",El Camino Real Library – LA County Library,Community Library Manager ,Community Library Manager , LibraryDirector@library.lacounty.gov,"Library, County Government","Digital navigation (in-person or virtual/call center), Digital literacy & skills training, Public Wi-Fi, Computer center(s), Online educational resources, Workforce development resources",County-wide or across multiple counties,Los Angeles,Los Angeles,Both,No,Yes,"Aging Individuals (Age 60+), Incarcerated Individuals, Veterans, Individuals with Disabilities, Individuals with Language Barriers (Limited English Proficiency individuals, etc.), Ethnic or Minority Communities","English, Spanish, Mandarin","Partnership opportunities, Information sharing",No,,,
Los Angeles County Library - El Monte Library,3224 Tyler Avenue,El Monte,CA,91731,626.444.9506,"Mon Closed, Tue 12-8, Wed 12-8, Thu 10-6, Fri 10-6, Sat 10-6, Sun Closed",El Monte Library – LA County Library,Community Library Manager ,Community Library Manager , LibraryDirector@library.lacounty.gov,"Library, County Government","Digital navigation (in-person or virtual/call center), Digital literacy & skills training, Public Wi-Fi, Computer center(s), Online educational resources, Workforce development resources",County-wide or across multiple counties,Los Angeles,El Monte,Both,No,Yes,"Aging Individuals (Age 60+), Incarcerated Individuals, Veterans, Individuals with Disabilities, Individuals with Language Barriers (Limited English Proficiency individuals, etc.), Ethnic or Minority Communities","English, Spanish, Mandarin","Partnership opportunities, Information sharing",No,,,
Los Angeles County Library - Florence Library,7807 Compton Ave.,Los Angeles,CA,90001,323.581.8028,"Mon 10-8, Tue 10-8, Wed 10-8, Thu 10-8, Fri 10-6, Sat 10-6, Sun Closed",Florence Library – LA County Library,Community Library Manager ,Community Library Manager , LibraryDirector@library.lacounty.gov,"Library, County Government","Digital navigation (in-person or virtual/call center), Digital literacy & skills training, Public Wi-Fi, Computer center(s), Online educational resources, Workforce development resources",County-wide or across multiple counties,Los Angeles,Los Angeles,Both,No,Yes,"Aging Individuals (Age 60+), Incarcerated Individuals, Veterans, Individuals with Disabilities, Individuals with Language Barriers (Limited English Proficiency individuals, etc.), Ethnic or Minority Communities","English, Spanish, Mandarin","Partnership opportunities, Information sharing",No,,,
Los Angeles County Library - Gardena Mayme Dear Library,1731 West Gardena Blvd.,Gardena,CA,90247,310.323.6363,"Mon Closed, Tue 12-8, Wed 12-8, Thu 10-6, Fri 10-6, Sat 10-6, Sun Closed",Gardena Mayme Dear Library – LA County Library,Community Library Manager ,Community Library Manager , LibraryDirector@library.lacounty.gov,"Library, County Government","Digital navigation (in-person or virtual/call center), Digital literacy & skills training, Public Wi-Fi, Computer center(s), Online educational resources, Workforce development resources",County-wide or across multiple counties,Los Angeles,Gardena,Both,No,Yes,"Aging Individuals (Age 60+), Incarcerated Individuals, Veterans, Individuals with Disabilities, Individuals with Language Barriers (Limited English Proficiency individuals, etc.), Ethnic or Minority Communities","English, Spanish, Mandarin","Partnership opportunities, Information sharing",No,,,
Los Angeles County Library - Gateway Bookmobile,1601 West Covina Parkway,West Covina,CA,91790,626.338.8373,"Mon Closed, Tue 10-6, Wed 10-6, Thu 10-6, Fri 10-6, Sat 10-6, Sun Closed",Gateway Bookmobile – LA County Library,Community Library Manager ,Community Library Manager , LibraryDirector@library.lacounty.gov,"Library, County Government","Digital navigation (in-person or virtual/call center), Digital literacy & skills training, Public Wi-Fi, Computer center(s), Online educational resources, Workforce development resources",County-wide or across multiple counties,Los Angeles,West Covina,Both,No,Yes,"Aging Individuals (Age 60+), Incarcerated Individuals, Veterans, Individuals with Disabilities, Individuals with Language Barriers (Limited English Proficiency individuals, etc.), Ethnic or Minority Communities","English, Spanish, Mandarin","Partnership opportunities, Information sharing",No,,,
Los Angeles County Library - George Nye Jr. Library,6600 Del Amo Blvd.,Lakewood,CA,90713,562.421.8497,"Mon 10-6, Tue 12-8, Wed 12-8, Thu 10-6, Fri 10-6, Sat Closed, Sun Closed","George Nye, Jr. Library – LA County Library",Community Library Manager ,Community Library Manager , LibraryDirector@library.lacounty.gov,"Library, County Government","Digital navigation (in-person or virtual/call center), Digital literacy & skills training, Public Wi-Fi, Computer center(s), Online educational resources, Workforce development resources",County-wide or across multiple counties,Los Angeles,Lakewood,Both,No,Yes,"Aging Individuals (Age 60+), Incarcerated Individuals, Veterans, Individuals with Disabilities, Individuals with Language Barriers (Limited English Proficiency individuals, etc.), Ethnic or Minority Communities","English, Spanish, Mandarin","Partnership opportunities, Information sharing",No,,,
Los Angeles County Library - Graham Library,1900 East Firestone Blvd.,Los Angeles,CA,90001,323.582.2903,"Mon 10-8, Tue 10-8, Wed 10-8, Thu 10-8, Fri 10-6, Sat 10-6, Sun Closed",Graham Library – LA County Library,Community Library Manager ,Community Library Manager , LibraryDirector@library.lacounty.gov,"Library, County Government","Digital navigation (in-person or virtual/call center), Digital literacy & skills training, Public Wi-Fi, Computer center(s), Online educational resources, Workforce development resources",County-wide or across multiple counties,Los Angeles,Los Angeles,Both,No,Yes,"Aging Individuals (Age 60+), Incarcerated Individuals, Veterans, Individuals with Disabilities, Individuals with Language Barriers (Limited English Proficiency individuals, etc.), Ethnic or Minority Communities","English, Spanish, Mandarin","Partnership opportunities, Information sharing",No,,,
Los Angeles County Library - Hacienda Heights Library,16010 La Monde St.,Hacienda Heights,CA,91745,626.968.9356,"Mon 10-8, Tue 10-8, Wed 10-8, Thu 10-8, Fri 10-6, Sat 10-6, Sun 1-5",Hacienda Heights Library – LA County Library,Community Library Manager ,Community Library Manager , LibraryDirector@library.lacounty.gov,"Library, County Government","Digital navigation (in-person or virtual/call center), Digital literacy & skills training, Public Wi-Fi, Computer center(s), Online educational resources, Workforce development resources",County-wide or across multiple counties,Los Angeles,Hacienda Heights,Both,No,Yes,"Aging Individuals (Age 60+), Incarcerated Individuals, Veterans, Individuals with Disabilities, Individuals with Language Barriers (Limited English Proficiency individuals, etc.), Ethnic or Minority Communities","English, Spanish, Mandarin","Partnership opportunities, Information sharing",No,,,
Los Angeles County Library - Hawaiian Gardens Library,11940 Carson St.,Hawaiian Gardens,CA,90716,562.496.1212,"Mon Closed, Tue 12-8, Wed 12-8, Thu 10-6, Fri 10-6, Sat 10-6, Sun Closed",https://lacountylibrary.org/location/hawaiian-gardens-library/,Community Library Manager ,Community Library Manager , LibraryDirector@library.lacounty.gov,"Library, County Government","Digital navigation (in-person or virtual/call center), Digital literacy & skills training, Public Wi-Fi, Computer center(s), Online educational resources, Workforce development resources",County-wide or across multiple counties,Los Angeles,Hawaiian Gardens,Both,No,Yes,"Aging Individuals (Age 60+), Incarcerated Individuals, Veterans, Individuals with Disabilities, Individuals with Language Barriers (Limited English Proficiency individuals, etc.), Ethnic or Minority Communities","English, Spanish, Mandarin","Partnership opportunities, Information sharing",No,,,
Los Angeles County Library - Hawthorne Library,12700 Grevillea Avenue,Hawthorne,CA,90250,310.679.8193,"Mon Closed, Tue 12-8, Wed 12-8, Thu 10-6, Fri 10-6, Sat 10-6, Sun Closed",Hawthorne Library – LA County Library,Community Library Manager ,Community Library Manager , LibraryDirector@library.lacounty.gov,"Library, County Government","Digital navigation (in-person or virtual/call center), Digital literacy & skills training, Public Wi-Fi, Computer center(s), Online educational resources, Workforce development resources",County-wide or across multiple counties,Los Angeles,Hawthorne,Both,No,Yes,"Aging Individuals (Age 60+), Incarcerated Individuals, Veterans, Individuals with Disabilities, Individuals with Language Barriers (Limited English Proficiency individuals, etc.), Ethnic or Minority Communities","English, Spanish, Mandarin","Partnership opportunities, Information sharing",No,,,
Los Angeles County Library - Hermosa Beach Library,550 Pier Avenue,Hermosa Beach,CA,90254,310.379.8475,"Mon Closed, Tue 12-8, Wed 12-8, Thu 10-6, Fri 10-6, Sat 10-6, Sun Closed",Hermosa Beach Library – LA County Library,Community Library Manager ,Community Library Manager , LibraryDirector@library.lacounty.gov,"Library, County Government","Digital navigation (in-person or virtual/call center), Digital literacy & skills training, Public Wi-Fi, Computer center(s), Online educational resources, Workforce development resources",County-wide or across multiple counties,Los Angeles,Hermosa Beach,Both,No,Yes,"Aging Individuals (Age 60+), Incarcerated Individuals, Veterans, Individuals with Disabilities, Individuals with Language Barriers (Limited English Proficiency individuals, etc.), Ethnic or Minority Communities","English, Spanish, Mandarin","Partnership opportunities, Information sharing",No,,,
Los Angeles County Library - Hollydale Library,12000 South Garfield Avenue,South Gate,CA,90280,562.634.0156,"Mon 10-6, Tue 12-8, Wed 12-8, Thu 10-6, Fri 10-6, Sat Closed, Sun Closed",Hollydale Library – LA County Library,Community Library Manager ,Community Library Manager , LibraryDirector@library.lacounty.gov,"Library, County Government","Digital navigation (in-person or virtual/call center), Digital literacy & skills training, Public Wi-Fi, Computer center(s), Online educational resources, Workforce development resources",County-wide or across multiple counties,Los Angeles,South Gate,Both,No,Yes,"Aging Individuals (Age 60+), Incarcerated Individuals, Veterans, Individuals with Disabilities, Individuals with Language Barriers (Limited English Proficiency individuals, etc.), Ethnic or Minority Communities","English, Spanish, Mandarin","Partnership opportunities, Information sharing",No,,,
Los Angeles County Library - Huntington Park Library,6518 Miles Avenue,Huntington Park,CA,90255,323.583.1461,"Mon Closed, Tue 12-8, Wed 12-8, Thu 10-6, Fri 10-6, Sat 10-6, Sun Closed",Huntington Park Library – LA County Library,Community Library Manager ,Community Library Manager , LibraryDirector@library.lacounty.gov,"Library, County Government","Digital navigation (in-person or virtual/call center), Digital literacy & skills training, Public Wi-Fi, Computer center(s), Online educational resources, Workforce development resources",County-wide or across multiple counties,Los Angeles,Huntington Park,Both,No,Yes,"Aging Individuals (Age 60+), Incarcerated Individuals, Veterans, Individuals with Disabilities, Individuals with Language Barriers (Limited English Proficiency individuals, etc.), Ethnic or Minority Communities","English, Spanish, Mandarin","Partnership opportunities, Information sharing",No,,,
Los Angeles County Library - La Canada Flintridge Library,4545 North Oakwood Avenue,La Canada Flintridge,CA,91011,818.790.3330,"Mon Closed, Tue 12-8, Wed 12-8, Thu 10-6, Fri 10-6, Sat 10-6, Sun Closed",La Cañada Flintridge Library – LA County Library,Community Library Manager ,Community Library Manager , LibraryDirector@library.lacounty.gov,"Library, County Government","Digital navigation (in-person or virtual/call center), Digital literacy & skills training, Public Wi-Fi, Computer center(s), Online educational resources, Workforce development resources",County-wide or across multiple counties,Los Angeles,La Canada Flintridge,Both,No,Yes,"Aging Individuals (Age 60+), Incarcerated Individuals, Veterans, Individuals with Disabilities, Individuals with Language Barriers (Limited English Proficiency individuals, etc.), Ethnic or Minority Communities","English, Spanish, Mandarin","Partnership opportunities, Information sharing",No,,,
Los Angeles County Library - La Crescenta Library,2809 Foothill Blvd.,La Crescenta,CA,91214,818.248.5313,"Mon 10-8, Tue 10-8, Wed 10-8, Thu 10-8, Fri 10-6, Sat 10-6, Sun 1-5",La Crescenta Library – LA County Library,Community Library Manager ,Community Library Manager , LibraryDirector@library.lacounty.gov,"Library, County Government","Digital navigation (in-person or virtual/call center), Digital literacy & skills training, Public Wi-Fi, Computer center(s), Online educational resources, Workforce development resources",County-wide or across multiple counties,Los Angeles,La Crescenta,Both,No,Yes,"Aging Individuals (Age 60+), Incarcerated Individuals, Veterans, Individuals with Disabilities, Individuals with Language Barriers (Limited English Proficiency individuals, etc.), Ethnic or Minority Communities","English, Spanish, Mandarin","Partnership opportunities, Information sharing",No,,,
Los Angeles County Library - La Mirada Library,13800 La Mirada Blvd.,La Mirada,CA,90638,562.943.0277,"Mon Closed, Tue 12-8, Wed 12-8, Thu 10-6, Fri 10-6, Sat 10-6, Sun Closed",La Mirada Library – LA County Library,Community Library Manager ,Community Library Manager , LibraryDirector@library.lacounty.gov,"Library, County Government","Digital navigation (in-person or virtual/call center), Digital literacy & skills training, Public Wi-Fi, Computer center(s), Online educational resources, Workforce development resources",County-wide or across multiple counties,Los Angeles,La Mirada,Both,No,Yes,"Aging Individuals (Age 60+), Incarcerated Individuals, Veterans, Individuals with Disabilities, Individuals with Language Barriers (Limited English Proficiency individuals, etc.), Ethnic or Minority Communities","English, Spanish, Mandarin","Partnership opportunities, Information sharing",No,,,
Los Angeles County Library - La Puente Library,15920 East Central Avenue,La Puente,CA,91744,626.968.4613,"Mon Closed, Tue 12-8, Wed 12-8, Thu 10-6, Fri 10-6, Sat 10-6, Sun Closed",La Puente Library – LA County Library,Community Library Manager ,Community Library Manager , LibraryDirector@library.lacounty.gov,"Library, County Government","Digital navigation (in-person or virtual/call center), Digital literacy & skills training, Public Wi-Fi, Computer center(s), Online educational resources, Workforce development resources",County-wide or across multiple counties,Los Angeles,La Puente,Both,No,Yes,"Aging Individuals (Age 60+), Incarcerated Individuals, Veterans, Individuals with Disabilities, Individuals with Language Barriers (Limited English Proficiency individuals, etc.), Ethnic or Minority Communities","English, Spanish, Mandarin","Partnership opportunities, Information sharing",No,,,
Los Angeles County Library - La Verne Library,3640 D. Street,La Verne,CA,91750,909.596.1934,"Mon Closed, Tue 12-8, Wed 12-8, Thu 10-6, Fri 10-6, Sat 10-6, Sun Closed",La Verne Library – LA County Library,Community Library Manager ,Community Library Manager , LibraryDirector@library.lacounty.gov,"Library, County Government","Digital navigation (in-person or virtual/call center), Digital literacy & skills training, Public Wi-Fi, Computer center(s), Online educational resources, Workforce development resources",County-wide or across multiple counties,Los Angeles,La Verne,Both,No,Yes,"Aging Individuals (Age 60+), Incarcerated Individuals, Veterans, Individuals with Disabilities, Individuals with Language Barriers (Limited English Proficiency individuals, etc.), Ethnic or Minority Communities","English, Spanish, Mandarin","Partnership opportunities, Information sharing",No,,,
Los Angeles County Library - Lake Los Angeles Library,"16921 East Avenue O, #A",Palmdale,CA,93591,661.264.0593,"Mon 10-8, Tue 10-8, Wed 10-8, Thu 10-8, Fri 10-6, Sat 10-6, Sun Closed",Lake Los Angeles Library – LA County Library,Community Library Manager ,Community Library Manager , LibraryDirector@library.lacounty.gov,"Library, County Government","Digital navigation (in-person or virtual/call center), Digital literacy & skills training, Public Wi-Fi, Computer center(s), Online educational resources, Workforce development resources",County-wide or across multiple counties,Los Angeles,Palmdale,Both,No,Yes,"Aging Individuals (Age 60+), Incarcerated Individuals, Veterans, Individuals with Disabilities, Individuals with Language Barriers (Limited English Proficiency individuals, etc.), Ethnic or Minority Communities","English, Spanish, Mandarin","Partnership opportunities, Information sharing",No,,,
Los Angeles County Library - Lancaster Library,601 W. Lancaster Blvd.,Lancaster,CA,93534,661.948.5029,"Mon Closed, Tue 12-8, Wed 12-8, Thu 10-6, Fri 10-6, Sat 10-6, Sun Closed",Lancaster Library – LA County Library,Community Library Manager ,Community Library Manager , LibraryDirector@library.lacounty.gov,"Library, County Government","Digital navigation (in-person or virtual/call center), Digital literacy & skills training, Public Wi-Fi, Computer center(s), Online educational resources, Workforce development resources",County-wide or across multiple counties,Los Angeles,Lancaster,Both,No,Yes,"Aging Individuals (Age 60+), Incarcerated Individuals, Veterans, Individuals with Disabilities, Individuals with Language Barriers (Limited English Proficiency individuals, etc.), Ethnic or Minority Communities","English, Spanish, Mandarin","Partnership opportunities, Information sharing",No,,,
Los Angeles County Library - Lawndale Library,14615 Burin Avenue,Lawndale,CA,90260,310.676.0177,"Mon Closed, Tue 12-8, Wed 12-8, Thu 10-6, Fri 10-6, Sat 10-6, Sun Closed",Lawndale Library – LA County Library,Community Library Manager ,Community Library Manager , LibraryDirector@library.lacounty.gov,"Library, County Government","Digital navigation (in-person or virtual/call center), Digital literacy & skills training, Public Wi-Fi, Computer center(s), Online educational resources, Workforce development resources",County-wide or across multiple counties,Los Angeles,Lawndale,Both,No,Yes,"Aging Individuals (Age 60+), Incarcerated Individuals, Veterans, Individuals with Disabilities, Individuals with Language Barriers (Limited English Proficiency individuals, etc.), Ethnic or Minority Communities","English, Spanish, Mandarin","Partnership opportunities, Information sharing",No,,,
Los Angeles County Library - Leland R. Weaver Library,4035 Tweedy Blvd.,South Gate,CA,90280,323.567.8853,"Mon Closed, Tue 12-8, Wed 12-8, Thu 10-6, Fri 10-6, Sat 10-6, Sun Closed",Leland R. Weaver Library – LA County Library,Community Library Manager ,Community Library Manager , LibraryDirector@library.lacounty.gov,"Library, County Government","Digital navigation (in-person or virtual/call center), Digital literacy & skills training, Public Wi-Fi, Computer center(s), Online educational resources, Workforce development resources",County-wide or across multiple counties,Los Angeles,South Gate,Both,No,Yes,"Aging Individuals (Age 60+), Incarcerated Individuals, Veterans, Individuals with Disabilities, Individuals with Language Barriers (Limited English Proficiency individuals, etc.), Ethnic or Minority Communities","English, Spanish, Mandarin","Partnership opportunities, Information sharing",No,,,
Los Angeles County Library - Lennox Library,4359 Lennox Blvd.,Lennox,CA,90304,310.674.0385,"Mon 10-8, Tue 10-8, Wed 10-8, Thu 10-8, Fri 10-6, Sat 10-6, Sun Closed",Lennox Library – LA County Library,Community Library Manager ,Community Library Manager , LibraryDirector@library.lacounty.gov,"Library, County Government","Digital navigation (in-person or virtual/call center), Digital literacy & skills training, Public Wi-Fi, Computer center(s), Online educational resources, Workforce development resources",County-wide or across multiple counties,Los Angeles,Lennox,Both,No,Yes,"Aging Individuals (Age 60+), Incarcerated Individuals, Veterans, Individuals with Disabilities, Individuals with Language Barriers (Limited English Proficiency individuals, etc.), Ethnic or Minority Communities","English, Spanish, Mandarin","Partnership opportunities, Information sharing",No,,,
Los Angeles County Library - Littlerock Library,35119 80th Street East,Littlerock,CA,93543,661.944.4138,"Mon 10-8, Tue 10-8, Wed 10-8, Thu 10-8, Fri 10-6, Sat 10-6, Sun Closed",Littlerock Library – LA County Library,Community Library Manager ,Community Library Manager , LibraryDirector@library.lacounty.gov,"Library, County Government","Digital navigation (in-person or virtual/call center), Digital literacy & skills training, Public Wi-Fi, Computer center(s), Online educational resources, Workforce development resources",County-wide or across multiple counties,Los Angeles,Littlerock,Both,No,Yes,"Aging Individuals (Age 60+), Incarcerated Individuals, Veterans, Individuals with Disabilities, Individuals with Language Barriers (Limited English Proficiency individuals, etc.), Ethnic or Minority Communities","English, Spanish, Mandarin","Partnership opportunities, Information sharing",No,,,
Los Angeles County Library - Live Oak Library,22 W. Live Oak Ave.,Arcadia,CA,91007,626.446.8803,"Mon 10-8, Tue 10-8, Wed 10-8, Thu 10-8, Fri 10-6, Sat 10-6, Sun Closed",Live Oak Library – LA County Library,Community Library Manager ,Community Library Manager , LibraryDirector@library.lacounty.gov,"Library, County Government","Digital navigation (in-person or virtual/call center), Digital literacy & skills training, Public Wi-Fi, Computer center(s), Online educational resources, Workforce development resources",County-wide or across multiple counties,Los Angeles,Arcadia,Both,No,Yes,"Aging Individuals (Age 60+), Incarcerated Individuals, Veterans, Individuals with Disabilities, Individuals with Language Barriers (Limited English Proficiency individuals, etc.), Ethnic or Minority Communities","English, Spanish, Mandarin","Partnership opportunities, Information sharing",No,,,
Los Angeles County Library - Lloyd Taber-Marina del Rey Library,4533 Admiralty Way,Marina del Rey,CA,90292,310.821.3415,"Mon 10-8, Tue 10-8, Wed 10-8, Thu 10-8, Fri 10-6, Sat 10-6, Sun Closed",Lloyd Taber-Marina del Rey Library – LA County Library,Community Library Manager ,Community Library Manager , LibraryDirector@library.lacounty.gov,"Library, County Government","Digital navigation (in-person or virtual/call center), Digital literacy & skills training, Public Wi-Fi, Computer center(s), Online educational resources, Workforce development resources",County-wide or across multiple counties,Los Angeles,Marina del Rey,Both,No,Yes,"Aging Individuals (Age 60+), Incarcerated Individuals, Veterans, Individuals with Disabilities, Individuals with Language Barriers (Limited English Proficiency individuals, etc.), Ethnic or Minority Communities","English, Spanish, Mandarin","Partnership opportunities, Information sharing",No,,,
Los Angeles County Library - Lomita Library,24200 Narbonne Avenue,Lomita,CA,90717,310.539.4515,"Mon Closed, Tue 12-8, Wed 12-8, Thu 10-6, Fri 10-6, Sat 10-6, Sun Closed",Lomita Library – LA County Library,Community Library Manager ,Community Library Manager , LibraryDirector@library.lacounty.gov,"Library, County Government","Digital navigation (in-person or virtual/call center), Digital literacy & skills training, Public Wi-Fi, Computer center(s), Online educational resources, Workforce development resources",County-wide or across multiple counties,Los Angeles,Lomita,Both,No,Yes,"Aging Individuals (Age 60+), Incarcerated Individuals, Veterans, Individuals with Disabilities, Individuals with Language Barriers (Limited English Proficiency individuals, etc.), Ethnic or Minority Communities","English, Spanish, Mandarin","Partnership opportunities, Information sharing",No,,,
Los Angeles County Library - Los Nietos Library,8511 Duchess Drive,Whittier,CA,90606,562.695.0708,"Mon 10-8, Tue 10-8, Wed 10-8, Thu 10-8, Fri 10-6, Sat 10-6, Sun Closed",Los Nietos Library – LA County Library,Community Library Manager ,Community Library Manager , LibraryDirector@library.lacounty.gov,"Library, County Government","Digital navigation (in-person or virtual/call center), Digital literacy & skills training, Public Wi-Fi, Computer center(s), Online educational resources, Workforce development resources",County-wide or across multiple counties,Los Angeles,Whittier,Both,No,Yes,"Aging Individuals (Age 60+), Incarcerated Individuals, Veterans, Individuals with Disabilities, Individuals with Language Barriers (Limited English Proficiency individuals, etc.), Ethnic or Minority Communities","English, Spanish, Mandarin","Partnership opportunities, Information sharing",No,,,
Los Angeles County Library - Lynwood Library Express,3798 Martin Luther King Jr. Blvd.,Lynwood,CA,90262,310.635.7121,"Mon Closed, Tue 12-8, Wed 12-8, Thu 10-6, Fri 10-6, Sat 10-6, Sun Closed",Lynwood Express Library – LA County Library,Community Library Manager ,Community Library Manager , LibraryDirector@library.lacounty.gov,"Library, County Government","Digital navigation (in-person or virtual/call center), Digital literacy & skills training, Public Wi-Fi, Computer center(s), Online educational resources, Workforce development resources",County-wide or across multiple counties,Los Angeles,Lynwood,Both,No,Yes,"Aging Individuals (Age 60+), Incarcerated Individuals, Veterans, Individuals with Disabilities, Individuals with Language Barriers (Limited English Proficiency individuals, etc.), Ethnic or Minority Communities","English, Spanish, Mandarin","Partnership opportunities, Information sharing",No,,,
Los Angeles County Library - Malibu Library,23519 West Civic Center Way,Malibu,CA,90265,310.456.6438,"Mon 10-8, Tue 10-8, Wed 10-8, Thu 10-8, Fri 9-5, Sat 9-5, Sun 1-5",https://lacountylibrary.org/location/malibu-library/,Community Library Manager ,Community Library Manager , LibraryDirector@library.lacounty.gov,"Library, County Government","Digital navigation (in-person or virtual/call center), Digital literacy & skills training, Public Wi-Fi, Computer center(s), Online educational resources, Workforce development resources",County-wide or across multiple counties,Los Angeles,Malibu,Both,No,Yes,"Aging Individuals (Age 60+), Incarcerated Individuals, Veterans, Individuals with Disabilities, Individuals with Language Barriers (Limited English Proficiency individuals, etc.), Ethnic or Minority Communities","English, Spanish, Mandarin","Partnership opportunities, Information sharing",No,,,
Los Angeles County Library - Manhattan Beach Library,1320 Highland Avenue,Manhattan Beach,CA,90266,310.545.8595,"Mon 10-8, Tue 10-8, Wed 10-8, Thu 10-6, Fri 10-6, Sat 10-6, Sun 1-5",https://lacountylibrary.org/location/manhattan-beach-library/,Community Library Manager ,Community Library Manager , LibraryDirector@library.lacounty.gov,"Library, County Government","Digital navigation (in-person or virtual/call center), Digital literacy & skills training, Public Wi-Fi, Computer center(s), Online educational resources, Workforce development resources",County-wide or across multiple counties,Los Angeles,Manhattan Beach,Both,No,Yes,"Aging Individuals (Age 60+), Incarcerated Individuals, Veterans, Individuals with Disabilities, Individuals with Language Barriers (Limited English Proficiency individuals, etc.), Ethnic or Minority Communities","English, Spanish, Mandarin","Partnership opportunities, Information sharing",No,,,
Los Angeles County Library - Masao W. Satow Library,14433 South Crenshaw Blvd.,Gardena,CA,90249,310.679.0638,"Mon 10-8, Tue 10-8, Wed 10-8, Thu 10-8, Fri 10-6, Sat 10-6, Sun Closed",https://lacountylibrary.org/location/masao-w-satow-library/,Community Library Manager ,Community Library Manager , LibraryDirector@library.lacounty.gov,"Library, County Government","Digital navigation (in-person or virtual/call center), Digital literacy & skills training, Public Wi-Fi, Computer center(s), Online educational resources, Workforce development resources",County-wide or across multiple counties,Los Angeles,Gardena,Both,No,Yes,"Aging Individuals (Age 60+), Incarcerated Individuals, Veterans, Individuals with Disabilities, Individuals with Language Barriers (Limited English Proficiency individuals, etc.), Ethnic or Minority Communities","English, Spanish, Mandarin","Partnership opportunities, Information sharing",No,,,
Los Angeles County Library - Maywood Cesar Chavez Library,4323 East Slauson Avenue,Maywood,CA,90270,323.771.8600,"Mon Closed, Tue 12-8, Wed 12-8, Thu 10-6, Fri 10-6, Sat 10-6, Sun Closed",https://lacountylibrary.org/location/maywood-cesar-chavez-library/,Community Library Manager ,Community Library Manager , LibraryDirector@library.lacounty.gov,"Library, County Government","Digital navigation (in-person or virtual/call center), Digital literacy & skills training, Public Wi-Fi, Computer center(s), Online educational resources, Workforce development resources",County-wide or across multiple counties,Los Angeles,Maywood,Both,No,Yes,"Aging Individuals (Age 60+), Incarcerated Individuals, Veterans, Individuals with Disabilities, Individuals with Language Barriers (Limited English Proficiency individuals, etc.), Ethnic or Minority Communities","English, Spanish, Mandarin","Partnership opportunities, Information sharing",No,,,
Los Angeles County Library - Montebello Library,1550 West Beverly Blvd.,Montebello,CA,90640,323.722.6551,"Mon Closed, Tue 12-8, Wed 12-8, Thu 10-6, Fri 10-6, Sat 10-6, Sun Closed",https://lacountylibrary.org/location/montebello-library/,Community Library Manager ,Community Library Manager , LibraryDirector@library.lacounty.gov,"Library, County Government","Digital navigation (in-person or virtual/call center), Digital literacy & skills training, Public Wi-Fi, Computer center(s), Online educational resources, Workforce development resources",County-wide or across multiple counties,Los Angeles,Montebello,Both,No,Yes,"Aging Individuals (Age 60+), Incarcerated Individuals, Veterans, Individuals with Disabilities, Individuals with Language Barriers (Limited English Proficiency individuals, etc.), Ethnic or Minority Communities","English, Spanish, Mandarin","Partnership opportunities, Information sharing",No,,,
Los Angeles County Library - Norwalk Library,12350 Imperial Hwy.,Norwalk,CA,90650,562.868.0775,"Mon Closed, Tue 12-8, Wed 12-8, Thu 10-6, Fri 10-6, Sat 10-6, Sun Closed",https://lacountylibrary.org/location/norwalk-library/,Community Library Manager ,Community Library Manager , LibraryDirector@library.lacounty.gov,"Library, County Government","Digital navigation (in-person or virtual/call center), Digital literacy & skills training, Public Wi-Fi, Computer center(s), Online educational resources, Workforce development resources",County-wide or across multiple counties,Los Angeles,Norwalk,Both,No,Yes,"Aging Individuals (Age 60+), Incarcerated Individuals, Veterans, Individuals with Disabilities, Individuals with Language Barriers (Limited English Proficiency individuals, etc.), Ethnic or Minority Communities","English, Spanish, Mandarin","Partnership opportunities, Information sharing",No,,,
Los Angeles County Library - Norwood Library,4550 North Peck Road,El Monte,CA,91732,626.443.3147,"Mon 10-6, Tue 12-8, Wed 12-8, Thu 10-6, Fri 10-6, Sat Closed, Sun Closed",https://lacountylibrary.org/location/norwood-library/,Community Library Manager ,Community Library Manager , LibraryDirector@library.lacounty.gov,"Library, County Government","Digital navigation (in-person or virtual/call center), Digital literacy & skills training, Public Wi-Fi, Computer center(s), Online educational resources, Workforce development resources",County-wide or across multiple counties,Los Angeles,El Monte,Both,No,Yes,"Aging Individuals (Age 60+), Incarcerated Individuals, Veterans, Individuals with Disabilities, Individuals with Language Barriers (Limited English Proficiency individuals, etc.), Ethnic or Minority Communities","English, Spanish, Mandarin","Partnership opportunities, Information sharing",No,,,
Los Angeles County Library - Paramount Library,16254  Colorado Avenue,Paramount,CA,90723,562.630.3171,"Mon Closed, Tue 12-8, Wed 12-8, Thu 10-6, Fri 10-6, Sat 10-6, Sun Closed",https://lacountylibrary.org/location/paramount-library/,Community Library Manager ,Community Library Manager , LibraryDirector@library.lacounty.gov,"Library, County Government","Digital navigation (in-person or virtual/call center), Digital literacy & skills training, Public Wi-Fi, Computer center(s), Online educational resources, Workforce development resources",County-wide or across multiple counties,Los Angeles,Paramount,Both,No,Yes,"Aging Individuals (Age 60+), Incarcerated Individuals, Veterans, Individuals with Disabilities, Individuals with Language Barriers (Limited English Proficiency individuals, etc.), Ethnic or Minority Communities","English, Spanish, Mandarin","Partnership opportunities, Information sharing",No,,,
Los Angeles County Library - Pico Rivera Library,9001 Mines Ave.,Pico Rivera,CA,90660,562.942.7394,"Mon Closed, Tue 12-8, Wed 12-8, Thu 10-6, Fri 10-6, Sat 10-6, Sun Closed",https://lacountylibrary.org/location/pico-rivera-library/,Community Library Manager ,Community Library Manager , LibraryDirector@library.lacounty.gov,"Library, County Government","Digital navigation (in-person or virtual/call center), Digital literacy & skills training, Public Wi-Fi, Computer center(s), Online educational resources, Workforce development resources",County-wide or across multiple counties,Los Angeles,Pico Rivera,Both,No,Yes,"Aging Individuals (Age 60+), Incarcerated Individuals, Veterans, Individuals with Disabilities, Individuals with Language Barriers (Limited English Proficiency individuals, etc.), Ethnic or Minority Communities","English, Spanish, Mandarin","Partnership opportunities, Information sharing",No,,,
Los Angeles County Library - Quartz Hill Library,5040 West Avenue M-2,Quartz Hill,CA,93536,661.943.2454,"Mon 10-8, Tue 10-8, Wed 10-8, Thu 10-8, Fri 10-6, Sat 10-6, Sun Closed",https://lacountylibrary.org/location/quartz-hill-library/,Community Library Manager ,Community Library Manager , LibraryDirector@library.lacounty.gov,"Library, County Government","Digital navigation (in-person or virtual/call center), Digital literacy & skills training, Public Wi-Fi, Computer center(s), Online educational resources, Workforce development resources",County-wide or across multiple counties,Los Angeles,Quartz Hill,Both,No,Yes,"Aging Individuals (Age 60+), Incarcerated Individuals, Veterans, Individuals with Disabilities, Individuals with Language Barriers (Limited English Proficiency individuals, etc.), Ethnic or Minority Communities","English, Spanish, Mandarin","Partnership opportunities, Information sharing",No,,,
Los Angeles County Library - Rivera Library,7828 S. Serapis Avenue,Pico Rivera,CA,90660,562.949.5485,"Mon 10-6, Tue 12-8, Wed 12-8, Thu 10-6, Fri 10-6, Sat Closed, Sun Closed",https://lacountylibrary.org/location/rivera-library/,Community Library Manager ,Community Library Manager , LibraryDirector@library.lacounty.gov,"Library, County Government","Digital navigation (in-person or virtual/call center), Digital literacy & skills training, Public Wi-Fi, Computer center(s), Online educational resources, Workforce development resources",County-wide or across multiple counties,Los Angeles,Pico Rivera,Both,No,Yes,"Aging Individuals (Age 60+), Incarcerated Individuals, Veterans, Individuals with Disabilities, Individuals with Language Barriers (Limited English Proficiency individuals, etc.), Ethnic or Minority Communities","English, Spanish, Mandarin","Partnership opportunities, Information sharing",No,,,
Los Angeles County Library - Rosemead Library,8800 Valley Blvd.,Rosemead,CA,91770,626.573.5220,"Mon Closed, Tue 12-8, Wed 12-8, Thu 10-6, Fri 10-6, Sat 10-6, Sun Closed",https://lacountylibrary.org/location/rosemead-library/,Community Library Manager ,Community Library Manager , LibraryDirector@library.lacounty.gov,"Library, County Government","Digital navigation (in-person or virtual/call center), Digital literacy & skills training, Public Wi-Fi, Computer center(s), Online educational resources, Workforce development resources",County-wide or across multiple counties,Los Angeles,Rosemead,Both,No,Yes,"Aging Individuals (Age 60+), Incarcerated Individuals, Veterans, Individuals with Disabilities, Individuals with Language Barriers (Limited English Proficiency individuals, etc.), Ethnic or Minority Communities","English, Spanish, Mandarin","Partnership opportunities, Information sharing",No,,,
Los Angeles County Library - Rowland Heights Library,1850 Nogales St.,Rowland Heights,CA,91748,626.912.5348,"Mon 10-8, Tue 10-8, Wed 10-8, Thu 10-8, Fri 10-6, Sat 10-6, Sun 1-5",https://lacountylibrary.org/location/rowland-heights-library/,Community Library Manager ,Community Library Manager , LibraryDirector@library.lacounty.gov,"Library, County Government","Digital navigation (in-person or virtual/call center), Digital literacy & skills training, Public Wi-Fi, Computer center(s), Online educational resources, Workforce development resources",County-wide or across multiple counties,Los Angeles,Rowland Heights,Both,No,Yes,"Aging Individuals (Age 60+), Incarcerated Individuals, Veterans, Individuals with Disabilities, Individuals with Language Barriers (Limited English Proficiency individuals, etc.), Ethnic or Minority Communities","English, Spanish, Mandarin","Partnership opportunities, Information sharing",No,,,
Los Angeles County Library - San Dimas Library,145 North Walnut Avenue,San Dimas,CA,91773,909.599.6738,"Mon Closed, Tue 12-8, Wed 12-8, Thu 10-6, Fri 10-6, Sat 10-6, Sun Closed",https://lacountylibrary.org/location/san-dimas-library/,Community Library Manager ,Community Library Manager , LibraryDirector@library.lacounty.gov,"Library, County Government","Digital navigation (in-person or virtual/call center), Digital literacy & skills training, Public Wi-Fi, Computer center(s), Online educational resources, Workforce development resources",County-wide or across multiple counties,Los Angeles,San Dimas,Both,No,Yes,"Aging Individuals (Age 60+), Incarcerated Individuals, Veterans, Individuals with Disabilities, Individuals with Language Barriers (Limited English Proficiency individuals, etc.), Ethnic or Minority Communities","English, Spanish, Mandarin","Partnership opportunities, Information sharing",No,,,
Los Angeles County Library - San Fernando Library,217 N. Maclay Avenue,San Fernando,CA,91340,818.365.6928,"Mon Closed, Tue 12-8, Wed 12-8, Thu 10-6, Fri 10-6, Sat 10-6, Sun Closed",https://lacountylibrary.org/location/san-fernando-library/,Community Library Manager ,Community Library Manager , LibraryDirector@library.lacounty.gov,"Library, County Government","Digital navigation (in-person or virtual/call center), Digital literacy & skills training, Public Wi-Fi, Computer center(s), Online educational resources, Workforce development resources",County-wide or across multiple counties,Los Angeles,San Fernando,Both,No,Yes,"Aging Individuals (Age 60+), Incarcerated Individuals, Veterans, Individuals with Disabilities, Individuals with Language Barriers (Limited English Proficiency individuals, etc.), Ethnic or Minority Communities","English, Spanish, Mandarin","Partnership opportunities, Information sharing",No,,,
Los Angeles County Library - San Gabriel Library,500 South Del Mar Avenue,San Gabriel,CA,91776,626.287.0761,"Mon Closed, Tue 12-8, Wed 12-8, Thu 10-6, Fri 10-6, Sat 10-6, Sun Closed",https://lacountylibrary.org/location/san-gabriel-library/,Community Library Manager ,Community Library Manager , LibraryDirector@library.lacounty.gov,"Library, County Government","Digital navigation (in-person or virtual/call center), Digital literacy & skills training, Public Wi-Fi, Computer center(s), Online educational resources, Workforce development resources",County-wide or across multiple counties,Los Angeles,San Gabriel,Both,No,Yes,"Aging Individuals (Age 60+), Incarcerated Individuals, Veterans, Individuals with Disabilities, Individuals with Language Barriers (Limited English Proficiency individuals, etc.), Ethnic or Minority Communities","English, Spanish, Mandarin","Partnership opportunities, Information sharing",No,,,
Los Angeles County Library - Sorensen Library,6934 Broadway Avenue,Whittier,CA,90606,562.695.3979,"Mon 10-8, Tue 10-8, Wed 10-8, Thu 10-8, Fri 10-6, Sat 10-6, Sun Closed",https://lacountylibrary.org/location/sorensen-library/,Community Library Manager ,Community Library Manager , LibraryDirector@library.lacounty.gov,"Library, County Government","Digital navigation (in-person or virtual/call center), Digital literacy & skills training, Public Wi-Fi, Computer center(s), Online educational resources, Workforce development resources",County-wide or across multiple counties,Los Angeles,Whittier,Both,No,Yes,"Aging Individuals (Age 60+), Incarcerated Individuals, Veterans, Individuals with Disabilities, Individuals with Language Barriers (Limited English Proficiency individuals, etc.), Ethnic or Minority Communities","English, Spanish, Mandarin","Partnership opportunities, Information sharing",No,,,
Los Angeles County Library - South El Monte Library,1430 North Central Ave.,South El Monte,CA,91733,626.443.4158,"Mon Closed, Tue 12-8, Wed 12-8, Thu 10-6, Fri 10-6, Sat 10-6, Sun Closed",https://lacountylibrary.org/location/south-el-monte-library/,Community Library Manager ,Community Library Manager , LibraryDirector@library.lacounty.gov,"Library, County Government","Digital navigation (in-person or virtual/call center), Digital literacy & skills training, Public Wi-Fi, Computer center(s), Online educational resources, Workforce development resources",County-wide or across multiple counties,Los Angeles,South El Monte,Both,No,Yes,"Aging Individuals (Age 60+), Incarcerated Individuals, Veterans, Individuals with Disabilities, Individuals with Language Barriers (Limited English Proficiency individuals, etc.), Ethnic or Minority Communities","English, Spanish, Mandarin","Partnership opportunities, Information sharing",No,,,
Los Angeles County Library - South Whittier Library,11543 Colima Road,Whittier,CA,90604,562.946.4415,"Mon 10-8, Tue 10-8, Wed 10-8, Thu 10-8, Fri 10-6, Sat 10-6, Sun Closed",https://lacountylibrary.org/location/south-whittier-library/,Community Library Manager ,Community Library Manager , LibraryDirector@library.lacounty.gov,"Library, County Government","Digital navigation (in-person or virtual/call center), Digital literacy & skills training, Public Wi-Fi, Computer center(s), Online educational resources, Workforce development resources",County-wide or across multiple counties,Los Angeles,Whittier,Both,No,Yes,"Aging Individuals (Age 60+), Incarcerated Individuals, Veterans, Individuals with Disabilities, Individuals with Language Barriers (Limited English Proficiency individuals, etc.), Ethnic or Minority Communities","English, Spanish, Mandarin","Partnership opportunities, Information sharing",No,,,
Los Angeles County Library - Stevenson Ranch Library,25950 The Old Rd.,Stevenson Ranch,CA,91381,661.255.2707,"Mon 10-8, Tue 10-8, Wed 10-8, Thu 10-8, Fri 10-6, Sat 10-6, Sun Closed",https://lacountylibrary.org/location/stevenson-ranch-library/,Community Library Manager ,Community Library Manager , LibraryDirector@library.lacounty.gov,"Library, County Government","Digital navigation (in-person or virtual/call center), Digital literacy & skills training, Public Wi-Fi, Computer center(s), Online educational resources, Workforce development resources",County-wide or across multiple counties,Los Angeles,Stevenson Ranch,Both,No,Yes,"Aging Individuals (Age 60+), Incarcerated Individuals, Veterans, Individuals with Disabilities, Individuals with Language Barriers (Limited English Proficiency individuals, etc.), Ethnic or Minority Communities","English, Spanish, Mandarin","Partnership opportunities, Information sharing",No,,,
Los Angeles County Library - Sunkist Library,840 North Puente Avenue,La Puente,CA,91746,626.960.2707,"Mon 10-8, Tue 10-8, Wed 10-8, Thu 10-8, Fri 10-6, Sat 10-6, Sun Closed",https://lacountylibrary.org/location/sunkist-library/,Community Library Manager ,Community Library Manager , LibraryDirector@library.lacounty.gov,"Library, County Government","Digital navigation (in-person or virtual/call center), Digital literacy & skills training, Public Wi-Fi, Computer center(s), Online educational resources, Workforce development resources",County-wide or across multiple counties,Los Angeles,La Puente,Both,No,Yes,"Aging Individuals (Age 60+), Incarcerated Individuals, Veterans, Individuals with Disabilities, Individuals with Language Barriers (Limited English Proficiency individuals, etc.), Ethnic or Minority Communities","English, Spanish, Mandarin","Partnership opportunities, Information sharing",No,,,
Los Angeles County Library - Temple City Library,5939 Golden West Avenue,Temple City,CA,91780,626.285.2136,"Mon Closed, Tue 12-8, Wed 12-8, Thu 10-6, Fri 10-6, Sat 10-6, Sun Closed",https://lacountylibrary.org/location/temple-city-library/,Community Library Manager ,Community Library Manager , LibraryDirector@library.lacounty.gov,"Library, County Government","Digital navigation (in-person or virtual/call center), Digital literacy & skills training, Public Wi-Fi, Computer center(s), Online educational resources, Workforce development resources",County-wide or across multiple counties,Los Angeles,Temple City,Both,No,Yes,"Aging Individuals (Age 60+), Incarcerated Individuals, Veterans, Individuals with Disabilities, Individuals with Language Barriers (Limited English Proficiency individuals, etc.), Ethnic or Minority Communities","English, Spanish, Mandarin","Partnership opportunities, Information sharing",No,,,
Los Angeles County Library - Topanga Library,122 N. Topanga Canyon Blvd.,Topanga,CA,90290,310.455.3480,"Mon 10-8, Tue 10-8, Wed 10-8, Thu 10-8, Fri 10-6, Sat 10-6, Sun 1-5",https://lacountylibrary.org/location/topanga-library/,Community Library Manager ,Community Library Manager , LibraryDirector@library.lacounty.gov,"Library, County Government","Digital navigation (in-person or virtual/call center), Digital literacy & skills training, Public Wi-Fi, Computer center(s), Online educational resources, Workforce development resources",County-wide or across multiple counties,Los Angeles,Topanga,Both,No,Yes,"Aging Individuals (Age 60+), Incarcerated Individuals, Veterans, Individuals with Disabilities, Individuals with Language Barriers (Limited English Proficiency individuals, etc.), Ethnic or Minority Communities","English, Spanish, Mandarin","Partnership opportunities, Information sharing",No,,,
Los Angeles County Library - View Park Bebe Moore Campbell Library,3854 W. 54th St.,Los Angeles,CA,90043,323.293.5371,"Mon 10-8, Tue 10-8, Wed 10-8, Thu 10-8, Fri 10-6, Sat 10-6, Sun Closed",https://lacountylibrary.org/location/view-park-library/,Community Library Manager ,Community Library Manager , LibraryDirector@library.lacounty.gov,"Library, County Government","Digital navigation (in-person or virtual/call center), Digital literacy & skills training, Public Wi-Fi, Computer center(s), Online educational resources, Workforce development resources",County-wide or across multiple counties,Los Angeles,Los Angeles,Both,No,Yes,"Aging Individuals (Age 60+), Incarcerated Individuals, Veterans, Individuals with Disabilities, Individuals with Language Barriers (Limited English Proficiency individuals, etc.), Ethnic or Minority Communities","English, Spanish, Mandarin","Partnership opportunities, Information sharing",No,,,
Los Angeles County Library - Walnut Library,21155 La Puente Road,Walnut,CA,91789,909.595.0757,"Mon Closed, Tue 12-8, Wed 12-8, Thu 10-6, Fri 10-6, Sat 10-6, Sun Closed",https://lacountylibrary.org/location/walnut-library/,Community Library Manager ,Community Library Manager , LibraryDirector@library.lacounty.gov,"Library, County Government","Digital navigation (in-person or virtual/call center), Digital literacy & skills training, Public Wi-Fi, Computer center(s), Online educational resources, Workforce development resources",County-wide or across multiple counties,Los Angeles,Walnut,Both,No,Yes,"Aging Individuals (Age 60+), Incarcerated Individuals, Veterans, Individuals with Disabilities, Individuals with Language Barriers (Limited English Proficiency individuals, etc.), Ethnic or Minority Communities","English, Spanish, Mandarin","Partnership opportunities, Information sharing",No,,,
Los Angeles County Library - West Covina Library,1601 West Covina Parkway,West Covina,CA,91790,626.962.3541,"Mon Closed, Tue 12-8, Wed 12-8, Thu 10-6, Fri 10-6, Sat 10-6, Sun Closed",https://lacountylibrary.org/location/west-covina-library/,Community Library Manager ,Community Library Manager , LibraryDirector@library.lacounty.gov,"Library, County Government","Digital navigation (in-person or virtual/call center), Digital literacy & skills training, Public Wi-Fi, Computer center(s), Online educational resources, Workforce development resources",County-wide or across multiple counties,Los Angeles,West Covina,Both,No,Yes,"Aging Individuals (Age 60+), Incarcerated Individuals, Veterans, Individuals with Disabilities, Individuals with Language Barriers (Limited English Proficiency individuals, etc.), Ethnic or Minority Communities","English, Spanish, Mandarin","Partnership opportunities, Information sharing",No,,,
Los Angeles County Library - West Hollywood Library,625 N. San Vicente Blvd.,West Hollywood,CA,90069,310.652.5340,"Mon 11-7, Tue 11-7, Wed 11-7, Thu 11-7, Fri 10-6, Sat 10-6, Sun 1-5",https://lacountylibrary.org/location/west-hollywood-library/,Community Library Manager ,Community Library Manager , LibraryDirector@library.lacounty.gov,"Library, County Government","Digital navigation (in-person or virtual/call center), Digital literacy & skills training, Public Wi-Fi, Computer center(s), Online educational resources, Workforce development resources",County-wide or across multiple counties,Los Angeles,West Hollywood,Both,No,Yes,"Aging Individuals (Age 60+), Incarcerated Individuals, Veterans, Individuals with Disabilities, Individuals with Language Barriers (Limited English Proficiency individuals, etc.), Ethnic or Minority Communities","English, Spanish, Mandarin","Partnership opportunities, Information sharing",No,,,
Los Angeles County Library - Westlake Village Library,31220 Oak Crest Dr.,Westlake Village,CA,91361,818.865.9230,"Mon Closed, Tue 12-8, Wed 12-8, Thu 10-6, Fri 10-6, Sat 10-6, Sun Closed",https://lacountylibrary.org/location/westlake-village-library/,Community Library Manager ,Community Library Manager , LibraryDirector@library.lacounty.gov,"Library, County Government","Digital navigation (in-person or virtual/call center), Digital literacy & skills training, Public Wi-Fi, Computer center(s), Online educational resources, Workforce development resources",County-wide or across multiple counties,Los Angeles,Westlake Village,Both,No,Yes,"Aging Individuals (Age 60+), Incarcerated Individuals, Veterans, Individuals with Disabilities, Individuals with Language Barriers (Limited English Proficiency individuals, etc.), Ethnic or Minority Communities","English, Spanish, Mandarin","Partnership opportunities, Information sharing",No,,,
Los Angeles County Library - Willowbrook Library,11737 Wilmington Avenue,Los Angeles,CA,90059,323.564.5698,"Mon 10-8, Tue 10-8, Wed 10-8, Thu 10-8, Fri 10-6, Sat 10-6, Sun Closed",https://lacountylibrary.org/location/willowbrook-library/,Community Library Manager ,Community Library Manager , LibraryDirector@library.lacounty.gov,"Library, County Government","Digital navigation (in-person or virtual/call center), Digital literacy & skills training, Public Wi-Fi, Computer center(s), Online educational resources, Workforce development resources",County-wide or across multiple counties,Los Angeles,Los Angeles,Both,No,Yes,"Aging Individuals (Age 60+), Incarcerated Individuals, Veterans, Individuals with Disabilities, Individuals with Language Barriers (Limited English Proficiency individuals, etc.), Ethnic or Minority Communities","English, Spanish, Mandarin","Partnership opportunities, Information sharing",No,,,
Los Angeles County Library - Wiseburn Library,5335 West 135th Street,Hawthorne,CA,90250,310.643.8880,"Mon 10-6, Tue 12-8, Wed 12-8, Thu 10-6, Fri 10-6, Sat Closed, Sun Closed",https://lacountylibrary.org/location/wiseburn-library/,Community Library Manager ,Community Library Manager , LibraryDirector@library.lacounty.gov,"Library, County Government","Digital navigation (in-person or virtual/call center), Digital literacy & skills training, Public Wi-Fi, Computer center(s), Online educational resources, Workforce development resources",County-wide or across multiple counties,Los Angeles,Hawthorne,Both,No,Yes,"Aging Individuals (Age 60+), Incarcerated Individuals, Veterans, Individuals with Disabilities, Individuals with Language Barriers (Limited English Proficiency individuals, etc.), Ethnic or Minority Communities","English, Spanish, Mandarin","Partnership opportunities, Information sharing",No,,,
Los Angeles County Library - Woodcrest Library,1340 West 106th Street,Los Angeles,CA,90044,323.757.9373,"Mon 10-8, Tue 10-8, Wed 10-8, Thu 10-8, Fri 10-6, Sat 10-6, Sun Closed",https://lacountylibrary.org/location/woodcrest-library/,Community Library Manager ,Community Library Manager , LibraryDirector@library.lacounty.gov,"Library, County Government","Digital navigation (in-person or virtual/call center), Digital literacy & skills training, Public Wi-Fi, Computer center(s), Online educational resources, Workforce development resources",County-wide or across multiple counties,Los Angeles,Los Angeles,Both,No,Yes,"Aging Individuals (Age 60+), Incarcerated Individuals, Veterans, Individuals with Disabilities, Individuals with Language Barriers (Limited English Proficiency individuals, etc.), Ethnic or Minority Communities","English, Spanish, Mandarin","Partnership opportunities, Information sharing",No,,,
Los Angeles Public Library - Alma Reaves Woods - Watts Branch Library,10205 Compton Avenue,Los Angeles,CA,90002,(323) 789-2850,"Mon: 10-8, Tue: 12-8, Wed: 10-8, Thu: 12-8, Fri: 9:30-5:30, Sat: 9:30-5:30, Sun: Closed",https://www.lapl.org/branches/watts,Jasmine Slaughter,Branch Manager,wattsl@lapl.org,Community Anchor Institution ,"Digital navigation, Digital literacy & skills training, Technical support, Free/Low-cost devices, Free/Low-cost hotspots, Public Wi-Fi, Computer center(s), Online educational resources, Workforce development resources",City-wide or across multiple cities,Los Angeles,Los Angeles,Both,No,Yes,"Aging Individuals, Veterans, Individuals with Disabilities, Individuals with Language Barriers, Ethnic or Minority Communities",All,"Partnership Opportunities, Information Sharing",No,,,
Los Angeles Public Library - Angeles Mesa Branch Library,2700 W. 52nd Street,Los Angeles,CA,90043,(323) 292-4328,"Mon: 10-8, Tue: 12-8, Wed: 10-8, Thu: 12-8, Fri: 9:30-5:30, Sat: 9:30-5:30, Sun: Closed",https://www.lapl.org/branches/angeles-mesa,Mildred Torres,Branch Manager,angmsa@lapl.org,Community Anchor Institution ,"Digital navigation, Digital literacy & skills training, Technical support, Free/Low-cost devices, Free/Low-cost hotspots, Public Wi-Fi, Computer center(s), Online educational resources, Workforce development resources",City-wide or across multiple cities,Los Angeles,Los Angeles,Both,No,Yes,"Aging Individuals, Veterans, Individuals with Disabilities, Individuals with Language Barriers, Ethnic or Minority Communities",All,"Partnership Opportunities, Information Sharing",No,,,
Los Angeles Public Library - Arroyo Seco Regional Library,6145 N. Figueroa Street,Los Angeles,CA,90042,(323) 255-0537,"Mon: 10-8, Tue: 10-8, Wed: 10-8, Thu: 10-8, Fri: 9:30-5:30, Sat: 9:30-5:30, Sun: 1-5",https://www.lapl.org/branches/arroyo-seco,Dora Suarez,Branch Manager,ayosco@lapl.org,Community Anchor Institution ,"Digital navigation, Digital literacy & skills training, Technical support, Free/Low-cost devices, Free/Low-cost hotspots, Public Wi-Fi, Computer center(s), Online educational resources, Workforce development resources",City-wide or across multiple cities,Los Angeles,Los Angeles,Both,No,Yes,"Aging Individuals, Veterans, Individuals with Disabilities, Individuals with Language Barriers, Ethnic or Minority Communities",All,"Partnership Opportunities, Information Sharing",No,,,
Los Angeles Public Library - Ascot Branch Library,120 W. Florence Avenue,Los Angeles,CA,90003,(323) 759-4817,"Mon: 10-8, Tue: 12-8, Wed: 10-8, Thu: 12-8, Fri: 9:30-5:30, Sat: 9:30-5:30, Sun: Closed",https://www.lapl.org/branches/ascot,Salvador Topete,Branch Manager,ascott@lapl.org,Community Anchor Institution ,"Digital navigation, Digital literacy & skills training, Technical support, Free/Low-cost devices, Free/Low-cost hotspots, Public Wi-Fi, Computer center(s), Online educational resources, Workforce development resources",City-wide or across multiple cities,Los Angeles,Los Angeles,Both,No,Yes,"Aging Individuals, Veterans, Individuals with Disabilities, Individuals with Language Barriers, Ethnic or Minority Communities",All,"Partnership Opportunities, Information Sharing",No,,,
Los Angeles Public Library - Atwater Village Branch Library,3379 Glendale Boulevard,Los Angeles,CA,90039,(323) 664-1353,"Mon: 10-8, Tue: 12-8, Wed: 10-8, Thu: 12-8, Fri: 9:30-5:30, Sat: 9:30-5:30, Sun: Closed",https://www.lapl.org/branches/atwater-village,Jeff Sargeant,Branch Manager,atwatr@lapl.org,Community Anchor Institution ,"Digital navigation, Digital literacy & skills training, Technical support, Free/Low-cost devices, Free/Low-cost hotspots, Public Wi-Fi, Computer center(s), Online educational resources, Workforce development resources",City-wide or across multiple cities,Los Angeles,Los Angeles,Both,No,Yes,"Aging Individuals, Veterans, Individuals with Disabilities, Individuals with Language Barriers, Ethnic or Minority Communities",All,"Partnership Opportunities, Information Sharing",No,,,
Los Angeles Public Library - Baldwin Hills Branch Library,2906 S. La Brea Avenue,Los Angeles,CA,90016,(323) 733-1196,"Mon: 10-8, Tue: 12-8, Wed: 10-8, Thu: 12-8, Fri: 9:30-5:30, Sat: 9:30-5:30, Sun: Closed",https://www.lapl.org/branches/baldwin-hills,Sada Mozer,Branch Manager,bldhls@lapl.org,Community Anchor Institution ,"Digital navigation, Digital literacy & skills training, Technical support, Free/Low-cost devices, Free/Low-cost hotspots, Public Wi-Fi, Computer center(s), Online educational resources, Workforce development resources",City-wide or across multiple cities,Los Angeles,Los Angeles,Both,No,Yes,"Aging Individuals, Veterans, Individuals with Disabilities, Individuals with Language Barriers, Ethnic or Minority Communities",All,"Partnership Opportunities, Information Sharing",No,,,
Los Angeles Public Library - Benjamin Franklin Branch Library,2200 E. 1st Street,Los Angeles,CA,90033,(323) 263-6901,Closed,https://www.lapl.org/branches/benjamin-franklin,,,bnfrnk@lapl.org,Community Anchor Institution ,"Digital navigation, Digital literacy & skills training, Technical support, Free/Low-cost devices, Free/Low-cost hotspots, Public Wi-Fi, Computer center(s), Online educational resources, Workforce development resources",City-wide or across multiple cities,Los Angeles,Los Angeles,Both,No,Yes,"Aging Individuals, Veterans, Individuals with Disabilities, Individuals with Language Barriers, Ethnic or Minority Communities",All,"Partnership Opportunities, Information Sharing",No,,,
Los Angeles Public Library - Cahuenga Branch Library,4591 Santa Monica Boulevard,Los Angeles,CA,90029,(323) 664-6418,"Mon: 10-8, Tue: 12-8, Wed: 10-8, Thu: 12-8, Fri: 9:30-5:30, Sat: 9:30-5:30, Sun: Closed",https://www.lapl.org/branches/cahuenga,Crystal Noe,Branch Manager,cahung@lapl.org,Community Anchor Institution ,"Digital navigation, Digital literacy & skills training, Technical support, Free/Low-cost devices, Free/Low-cost hotspots, Public Wi-Fi, Computer center(s), Online educational resources, Workforce development resources",City-wide or across multiple cities,Los Angeles,Los Angeles,Both,No,Yes,"Aging Individuals, Veterans, Individuals with Disabilities, Individuals with Language Barriers, Ethnic or Minority Communities",All,"Partnership Opportunities, Information Sharing",No,,,
Los Angeles Public Library - Canoga Park Branch Library,20939 Sherman Way,Canoga Park,CA,91303,(818) 887-0320,"Mon: 10-8, Tue: 12-8, Wed: 10-8, Thu: 12-8, Fri: 9:30-5:30, Sat: 9:30-5:30, Sun: Closed",https://www.lapl.org/branches/canoga-park,Chrissy Carr,Branch Manager,cngopk@lapl.org,Community Anchor Institution ,"Digital navigation, Digital literacy & skills training, Technical support, Free/Low-cost devices, Free/Low-cost hotspots, Public Wi-Fi, Computer center(s), Online educational resources, Workforce development resources",City-wide or across multiple cities,Los Angeles,Los Angeles,Both,No,Yes,"Aging Individuals, Veterans, Individuals with Disabilities, Individuals with Language Barriers, Ethnic or Minority Communities",All,"Partnership Opportunities, Information Sharing",No,,,
Los Angeles Public Library - Central Library,630 W. 5th Street,Los Angeles,CA,90071,(213) 228-7000,"Mon: 10-8, Tue: 10-8, Wed: 10-8, Thu: 10-8, Fri: 9:30-5:30, Sat: 9:30-5:30, Sun: 1-5",http://www.lapl.org/branches/central-library,,Branch Manager,infonow@lapl.org,Community Anchor Institution ,"Digital navigation, Digital literacy & skills training, Technical support, Free/Low-cost devices, Free/Low-cost hotspots, Public Wi-Fi, Computer center(s), Online educational resources, Workforce development resources",City-wide or across multiple cities,Los Angeles,Los Angeles,Both,No,Yes,"Aging Individuals, Veterans, Individuals with Disabilities, Individuals with Language Barriers, Ethnic or Minority Communities",All,"Partnership Opportunities, Information Sharing",No,,,
Los Angeles Public Library - Chatsworth Branch Library,21052 Devonshire Street,Chatsworth,CA,91311,(818) 341-4276,"Mon: 10-8, Tue: 12-8, Wed: 10-8, Thu: 12-8, Fri: 9:30-5:30, Sat: 9:30-5:30, Sun: Closed",https://www.lapl.org/branches/chatsworth,Hillary St. George,Branch Manager,ctswrt@lapl.org,Community Anchor Institution ,"Digital navigation, Digital literacy & skills training, Technical support, Free/Low-cost devices, Free/Low-cost hotspots, Public Wi-Fi, Computer center(s), Online educational resources, Workforce development resources",City-wide or across multiple cities,Los Angeles,Los Angeles,Both,No,Yes,"Aging Individuals, Veterans, Individuals with Disabilities, Individuals with Language Barriers, Ethnic or Minority Communities",All,"Partnership Opportunities, Information Sharing",No,,,
Los Angeles Public Library - Chinatown Branch Library,639 N. Hill Street,Los Angeles,CA,90012,(213) 620-0925,"Mon: 10-8, Tue: 12-8, Wed: 10-8, Thu: 12-8, Fri: 9:30-5:30, Sat: 9:30-5:30, Sun: Closed",https://www.lapl.org/branches/chinatown,Juanita Carter,Branch Manager,cwtown@lapl.org,Community Anchor Institution ,"Digital navigation, Digital literacy & skills training, Technical support, Free/Low-cost devices, Free/Low-cost hotspots, Public Wi-Fi, Computer center(s), Online educational resources, Workforce development resources",City-wide or across multiple cities,Los Angeles,Los Angeles,Both,No,Yes,"Aging Individuals, Veterans, Individuals with Disabilities, Individuals with Language Barriers, Ethnic or Minority Communities",All,"Partnership Opportunities, Information Sharing",No,,,
Los Angeles Public Library - Cypress Park Branch Library,1150 Cypress Avenue,Los Angeles,CA,90065,(323) 224-0039,"Mon: 10-8, Tue: 12-8, Wed: 10-8, Thu: 12-8, Fri: 9:30-5:30, Sat: 9:30-5:30, Sun: Closed",https://www.lapl.org/branches/cypress-park,Patrick Xavier,Branch Manager,cypprk@lapl.org,Community Anchor Institution ,"Digital navigation, Digital literacy & skills training, Technical support, Free/Low-cost devices, Free/Low-cost hotspots, Public Wi-Fi, Computer center(s), Online educational resources, Workforce development resources",City-wide or across multiple cities,Los Angeles,Los Angeles,Both,No,Yes,"Aging Individuals, Veterans, Individuals with Disabilities, Individuals with Language Barriers, Ethnic or Minority Communities",All,"Partnership Opportunities, Information Sharing",No,,,
Los Angeles Public Library - Donald Bruce Kaufman - Brentwood Branch Library,11820 San Vicente Boulevard,Los Angeles,CA,90049,(310) 575-8273,"Mon: 10-8, Tue: 12-8, Wed: 10-8, Thu: 12-8, Fri: 9:30-5:30, Sat: 9:30-5:30, Sun: Closed",https://www.lapl.org/branches/brentwood,Bennett Rankin,Branch Manager,brntwd@lapl.org,Community Anchor Institution ,"Digital navigation, Digital literacy & skills training, Technical support, Free/Low-cost devices, Free/Low-cost hotspots, Public Wi-Fi, Computer center(s), Online educational resources, Workforce development resources",City-wide or across multiple cities,Los Angeles,Los Angeles,Both,No,Yes,"Aging Individuals, Veterans, Individuals with Disabilities, Individuals with Language Barriers, Ethnic or Minority Communities",All,"Partnership Opportunities, Information Sharing",No,,,
Los Angeles Public Library - Eagle Rock Branch Library,5027 Caspar Avenue,Los Angeles,CA,90041,(323) 258-8078,"Mon: 10-8, Tue: 12-8, Wed: 10-8, Thu: 12-8, Fri: 9:30-5:30, Sat: 9:30-5:30, Sun: Closed",https://www.lapl.org/branches/eagle-rock,Elizabeth Goralka,Branch Manager,eaglrk@lapl.org,Community Anchor Institution ,"Digital navigation, Digital literacy & skills training, Technical support, Free/Low-cost devices, Free/Low-cost hotspots, Public Wi-Fi, Computer center(s), Online educational resources, Workforce development resources",City-wide or across multiple cities,Los Angeles,Los Angeles,Both,No,Yes,"Aging Individuals, Veterans, Individuals with Disabilities, Individuals with Language Barriers, Ethnic or Minority Communities",All,"Partnership Opportunities, Information Sharing",No,,,
Los Angeles Public Library - Echo Park Branch Library,1410 W. Temple Street,Los Angeles,CA,90026,(213) 250-7808,"Mon: 10-8, Tue: 12-8, Wed: 10-8, Thu: 12-8, Fri: 9:30-5:30, Sat: 9:30-5:30, Sun: Closed",https://www.lapl.org/branches/echo-park,Alana Johnson,Branch Manager,echopk@lapl.org,Community Anchor Institution ,"Digital navigation, Digital literacy & skills training, Technical support, Free/Low-cost devices, Free/Low-cost hotspots, Public Wi-Fi, Computer center(s), Online educational resources, Workforce development resources",City-wide or across multiple cities,Los Angeles,Los Angeles,Both,No,Yes,"Aging Individuals, Veterans, Individuals with Disabilities, Individuals with Language Barriers, Ethnic or Minority Communities",All,"Partnership Opportunities, Information Sharing",No,,,
Los Angeles Public Library - Edendale Branch Library,2011 W. Sunset Boulevard,Los Angeles,CA,90026,(213) 207-3000,"Mon: 10-8, Tue: 12-8, Wed: 10-8, Thu: 12-8, Fri: 9:30-5:30, Sat: 9:30-5:30, Sun: Closed",https://www.lapl.org/branches/edendale,Niels Bartel,Branch Manager,eden@lapl.org,Community Anchor Institution ,"Digital navigation, Digital literacy & skills training, Technical support, Free/Low-cost devices, Free/Low-cost hotspots, Public Wi-Fi, Computer center(s), Online educational resources, Workforce development resources",City-wide or across multiple cities,Los Angeles,Los Angeles,Both,No,Yes,"Aging Individuals, Veterans, Individuals with Disabilities, Individuals with Language Barriers, Ethnic or Minority Communities",All,"Partnership Opportunities, Information Sharing",No,,,
Los Angeles Public Library - El Sereno Branch Library,5226 S. Huntington Drive,Los Angeles,CA,90032,(323) 225-9201,"Mon: 10-8, Tue: 12-8, Wed: 10-8, Thu: 12-8, Fri: 9:30-5:30, Sat: 9:30-5:30, Sun: Closed",https://www.lapl.org/branches/el-sereno,Jennifer Kim,Branch Manager,elsrno@lapl.org,Community Anchor Institution ,"Digital navigation, Digital literacy & skills training, Technical support, Free/Low-cost devices, Free/Low-cost hotspots, Public Wi-Fi, Computer center(s), Online educational resources, Workforce development resources",City-wide or across multiple cities,Los Angeles,Los Angeles,Both,No,Yes,"Aging Individuals, Veterans, Individuals with Disabilities, Individuals with Language Barriers, Ethnic or Minority Communities",All,"Partnership Opportunities, Information Sharing",No,,,
Los Angeles Public Library - Encino - Tarzana Branch Library,18231 Ventura Boulevard,Tarzana,CA,91356,(818) 343-1983,"Mon: 10-8, Tue: 12-8, Wed: 10-8, Thu: 12-8, Fri: 9:30-5:30, Sat: 9:30-5:30, Sun: Closed",https://www.lapl.org/branches/encino-tarzana,Asif Khan,Branch Manager,enctar@lapl.org,Community Anchor Institution ,"Digital navigation, Digital literacy & skills training, Technical support, Free/Low-cost devices, Free/Low-cost hotspots, Public Wi-Fi, Computer center(s), Online educational resources, Workforce development resources",City-wide or across multiple cities,Los Angeles,Los Angeles,Both,No,Yes,"Aging Individuals, Veterans, Individuals with Disabilities, Individuals with Language Barriers, Ethnic or Minority Communities",All,"Partnership Opportunities, Information Sharing",No,,,
Los Angeles Public Library - Exposition Park - Dr. Mary McLeod Bethune Regional Library,3900 S. Western Ave,Los Angeles,CA,90062,(323) 290-3113,"Mon: 10-8, Tue: 10-8, Wed: 10-8, Thu: 10-8, Fri: 9:30-5:30, Sat: 9:30-5:30, Sun: 1-5",https://www.lapl.org/branches/exposition-park,Alberto Alvarez,Branch Manager,expopk@lapl.org,Community Anchor Institution ,"Digital navigation, Digital literacy & skills training, Technical support, Free/Low-cost devices, Free/Low-cost hotspots, Public Wi-Fi, Computer center(s), Online educational resources, Workforce development resources",City-wide or across multiple cities,Los Angeles,Los Angeles,Both,No,Yes,"Aging Individuals, Veterans, Individuals with Disabilities, Individuals with Language Barriers, Ethnic or Minority Communities",All,"Partnership Opportunities, Information Sharing",No,,,
Los Angeles Public Library - Fairfax Branch Library,161 S. Gardner Street,Los Angeles,CA,90036,(323) 936-6191,"Mon: 10-8, Tue: 12-8, Wed: 10-8, Thu: 12-8, Fri: 9:30-5:30, Sat: 9:30-5:30, Sun: Closed",https://www.lapl.org/branches/fairfax,Jennifer Ham,Branch Manager,fairfx@lapl.org,Community Anchor Institution ,"Digital navigation, Digital literacy & skills training, Technical support, Free/Low-cost devices, Free/Low-cost hotspots, Public Wi-Fi, Computer center(s), Online educational resources, Workforce development resources",City-wide or across multiple cities,Los Angeles,Los Angeles,Both,No,Yes,"Aging Individuals, Veterans, Individuals with Disabilities, Individuals with Language Barriers, Ethnic or Minority Communities",All,"Partnership Opportunities, Information Sharing",No,,,
Los Angeles Public Library - Felipe de Neve Branch Library,2820 W. 6th Street,Los Angeles,CA,90057,(213) 384-7676,"Mon: 10-8, Tue: 12-8, Wed: 10-8, Thu: 12-8, Fri: 9:30-5:30, Sat: 9:30-5:30, Sun: Closed",https://www.lapl.org/branches/felipe-de-neve,Cathie Ehle,Branch Manager,felipe@lapl.org,Community Anchor Institution ,"Digital navigation, Digital literacy & skills training, Technical support, Free/Low-cost devices, Free/Low-cost hotspots, Public Wi-Fi, Computer center(s), Online educational resources, Workforce development resources",City-wide or across multiple cities,Los Angeles,Los Angeles,Both,No,Yes,"Aging Individuals, Veterans, Individuals with Disabilities, Individuals with Language Barriers, Ethnic or Minority Communities",All,"Partnership Opportunities, Information Sharing",No,,,
Los Angeles Public Library - Frances Howard Goldwyn - Hollywood Regional Library,1623 N. Ivar Avenue,Los Angeles,CA,90028,(323) 856-8260,"Mon: 10-8, Tue: 10-8, Wed: 10-8, Thu: 10-8, Fri: 9:30-5:30, Sat: 9:30-5:30, Sun: 1-5",https://www.lapl.org/branches/hollywood,Benjamin Naderi,Branch Manager,holywd@lapl.org,Community Anchor Institution ,"Digital navigation, Digital literacy & skills training, Technical support, Free/Low-cost devices, Free/Low-cost hotspots, Public Wi-Fi, Computer center(s), Online educational resources, Workforce development resources",City-wide or across multiple cities,Los Angeles,Los Angeles,Both,No,Yes,"Aging Individuals, Veterans, Individuals with Disabilities, Individuals with Language Barriers, Ethnic or Minority Communities",All,"Partnership Opportunities, Information Sharing",No,,,
Los Angeles Public Library - Granada Hills Branch Library,10640 Petit Avenue,Granada Hills,CA,91344,(818) 368-5687,"Mon: 10-8, Tue: 12-8, Wed: 10-8, Thu: 12-8, Fri: 9:30-5:30, Sat: 9:30-5:30, Sun: Closed",https://www.lapl.org/branches/granada-hills,Pam Rhodes,Branch Manager,grnhls@lapl.org,Community Anchor Institution ,"Digital navigation, Digital literacy & skills training, Technical support, Free/Low-cost devices, Free/Low-cost hotspots, Public Wi-Fi, Computer center(s), Online educational resources, Workforce development resources",City-wide or across multiple cities,Los Angeles,Los Angeles,Both,No,Yes,"Aging Individuals, Veterans, Individuals with Disabilities, Individuals with Language Barriers, Ethnic or Minority Communities",All,"Partnership Opportunities, Information Sharing",No,,,
Los Angeles Public Library - Harbor City - Harbor Gateway Branch Library,24000 S. Western,Harbor City,CA,90710,(310) 534-9520,"Mon: 10-8, Tue: 12-8, Wed: 10-8, Thu: 12-8, Fri: 9:30-5:30, Sat: 9:30-5:30, Sun: Closed",https://www.lapl.org/branches/harbor-city,John Pham,Branch Manager,harbor@lapl.org,Community Anchor Institution ,"Digital navigation, Digital literacy & skills training, Technical support, Free/Low-cost devices, Free/Low-cost hotspots, Public Wi-Fi, Computer center(s), Online educational resources, Workforce development resources",City-wide or across multiple cities,Los Angeles,Los Angeles,Both,No,Yes,"Aging Individuals, Veterans, Individuals with Disabilities, Individuals with Language Barriers, Ethnic or Minority Communities",All,"Partnership Opportunities, Information Sharing",No,,,
Los Angeles Public Library - Hyde Park Miriam Matthews Branch Library,2205 W. Florence Avenue,Los Angeles,CA,90043,(323) 750-7241,"Mon: 10-8, Tue: 12-8, Wed: 10-8, Thu: 12-8, Fri: 9:30-5:30, Sat: 9:30-5:30, Sun: Closed",https://www.lapl.org/branches/hyde-park,Justin Sugiyama,Branch Manager,hydepk@lapl.org,Community Anchor Institution ,"Digital navigation, Digital literacy & skills training, Technical support, Free/Low-cost devices, Free/Low-cost hotspots, Public Wi-Fi, Computer center(s), Online educational resources, Workforce development resources",City-wide or across multiple cities,Los Angeles,Los Angeles,Both,No,Yes,"Aging Individuals, Veterans, Individuals with Disabilities, Individuals with Language Barriers, Ethnic or Minority Communities",All,"Partnership Opportunities, Information Sharing",No,,,
Los Angeles Public Library - Jefferson - Vassie D. Wright Memorial Branch Library,2211 W. Jefferson Boulevard,Los Angeles,CA,90018,(323) 734-8573,"Mon: 10-8, Tue: 12-8, Wed: 10-8, Thu: 12-8, Fri: 9:30-5:30, Sat: 9:30-5:30, Sun: Closed",https://www.lapl.org/branches/jefferson,Karla Valdez,Branch Manager,jfrson@lapl.org,Community Anchor Institution ,"Digital navigation, Digital literacy & skills training, Technical support, Free/Low-cost devices, Free/Low-cost hotspots, Public Wi-Fi, Computer center(s), Online educational resources, Workforce development resources",City-wide or across multiple cities,Los Angeles,Los Angeles,Both,No,Yes,"Aging Individuals, Veterans, Individuals with Disabilities, Individuals with Language Barriers, Ethnic or Minority Communities",All,"Partnership Opportunities, Information Sharing",No,,,
Los Angeles Public Library - John C. Fremont Branch Library,6121 Melrose Avenue,Los Angeles,CA,90038,(323) 962-3521,"Mon: 10-8, Tue: 12-8, Wed: 10-8, Thu: 12-8, Fri: 9:30-5:30, Sat: 9:30-5:30, Sun: Closed",https://www.lapl.org/branches/john-c-fremont,Kim Hughes,Branch Manager,jcfrmt@lapl.org,Community Anchor Institution ,"Digital navigation, Digital literacy & skills training, Technical support, Free/Low-cost devices, Free/Low-cost hotspots, Public Wi-Fi, Computer center(s), Online educational resources, Workforce development resources",City-wide or across multiple cities,Los Angeles,Los Angeles,Both,No,Yes,"Aging Individuals, Veterans, Individuals with Disabilities, Individuals with Language Barriers, Ethnic or Minority Communities",All,"Partnership Opportunities, Information Sharing",No,,,
Los Angeles Public Library - John Muir Branch Library,1005 W. 64th Street,Los Angeles,CA,90044,(323) 789-4800,"Mon: 10-8, Tue: 12-8, Wed: 10-8, Thu: 12-8, Fri: 9:30-5:30, Sat: 9:30-5:30, Sun: Closed",https://www.lapl.org/branches/john-muir,Corinda Humphrey,Branch Manager,jnmuir@lapl.org,Community Anchor Institution ,"Digital navigation, Digital literacy & skills training, Technical support, Free/Low-cost devices, Free/Low-cost hotspots, Public Wi-Fi, Computer center(s), Online educational resources, Workforce development resources",City-wide or across multiple cities,Los Angeles,Los Angeles,Both,No,Yes,"Aging Individuals, Veterans, Individuals with Disabilities, Individuals with Language Barriers, Ethnic or Minority Communities",All,"Partnership Opportunities, Information Sharing",No,,,
Los Angeles Public Library - Junipero Serra Branch Library,4607 S. Main Street,Los Angeles,CA,90037,(323) 234-1685,"Mon: 10-8, Tue: 12-8, Wed: 10-8, Thu: 12-8, Fri: 9:30-5:30, Sat: 9:30-5:30, Sun: Closed",https://www.lapl.org/branches/junipero-serra,Daisy Pulido,Branch Manager,jserra@lapl.org,Community Anchor Institution ,"Digital navigation, Digital literacy & skills training, Technical support, Free/Low-cost devices, Free/Low-cost hotspots, Public Wi-Fi, Computer center(s), Online educational resources, Workforce development resources",City-wide or across multiple cities,Los Angeles,Los Angeles,Both,No,Yes,"Aging Individuals, Veterans, Individuals with Disabilities, Individuals with Language Barriers, Ethnic or Minority Communities",All,"Partnership Opportunities, Information Sharing",No,,,
Los Angeles Public Library - Lake View Terrace Branch Library,12002 Osborne Street,Lake View Terrace,CA,91342,(818) 890-7404,"Mon: 10-8, Tue: 12-8, Wed: 10-8, Thu: 12-8, Fri: 9:30-5:30, Sat: 9:30-5:30, Sun: Closed",https://www.lapl.org/lake-view-terrace,Kelli Lowers,Branch Manager,lkview@lapl.org,Community Anchor Institution ,"Digital navigation, Digital literacy & skills training, Technical support, Free/Low-cost devices, Free/Low-cost hotspots, Public Wi-Fi, Computer center(s), Online educational resources, Workforce development resources",City-wide or across multiple cities,Los Angeles,Los Angeles,Both,No,Yes,"Aging Individuals, Veterans, Individuals with Disabilities, Individuals with Language Barriers, Ethnic or Minority Communities",All,"Partnership Opportunities, Information Sharing",No,,,
Los Angeles Public Library - Lincoln Heights Branch Library,2530 Workman Street,Los Angeles,CA,90031,(323) 226-1692,"Mon: 10-8, Tue: 12-8, Wed: 10-8, Thu: 12-8, Fri: 9:30-5:30, Sat: 9:30-5:30, Sun: Closed",https://www.lapl.org/branches/lincoln-heights,Angelina Garcia,Branch Manager,lcnhts@lapl.org,Community Anchor Institution ,"Digital navigation, Digital literacy & skills training, Technical support, Free/Low-cost devices, Free/Low-cost hotspots, Public Wi-Fi, Computer center(s), Online educational resources, Workforce development resources",City-wide or across multiple cities,Los Angeles,Los Angeles,Both,No,Yes,"Aging Individuals, Veterans, Individuals with Disabilities, Individuals with Language Barriers, Ethnic or Minority Communities",All,"Partnership Opportunities, Information Sharing",No,,,
Los Angeles Public Library - Little Tokyo Branch Library,203 S. Los Angeles Street,Los Angeles,CA,90012,(213) 612-0525,"Mon: 10-8, Tue: 12-8, Wed: 10-8, Thu: 12-8, Fri: 9:30-5:30, Sat: 9:30-5:30, Sun: Closed",https://www.lapl.org/branches/little-tokyo,Jim Sherod,Branch Manager,ltokyo@lapl.org,Community Anchor Institution ,"Digital navigation, Digital literacy & skills training, Technical support, Free/Low-cost devices, Free/Low-cost hotspots, Public Wi-Fi, Computer center(s), Online educational resources, Workforce development resources",City-wide or across multiple cities,Los Angeles,Los Angeles,Both,No,Yes,"Aging Individuals, Veterans, Individuals with Disabilities, Individuals with Language Barriers, Ethnic or Minority Communities",All,"Partnership Opportunities, Information Sharing",No,,,
Los Angeles Public Library - Los Feliz Branch Library,1874 Hillhurst Avenue,Los Angeles,CA,90027,(323) 913-4710,"Mon: 10-8, Tue: 12-8, Wed: 10-8, Thu: 12-8, Fri: 9:30-5:30, Sat: 9:30-5:30, Sun: Closed",https://www.lapl.org/branches/los-feliz,Pearl Yonezawa,Branch Manager,lfeliz@lapl.org,Community Anchor Institution ,"Digital navigation, Digital literacy & skills training, Technical support, Free/Low-cost devices, Free/Low-cost hotspots, Public Wi-Fi, Computer center(s), Online educational resources, Workforce development resources",City-wide or across multiple cities,Los Angeles,Los Angeles,Both,No,Yes,"Aging Individuals, Veterans, Individuals with Disabilities, Individuals with Language Barriers, Ethnic or Minority Communities",All,"Partnership Opportunities, Information Sharing",No,,,
Los Angeles Public Library - Malabar Branch Library,2801 Wabash Avenue,Los Angeles,CA,90033,(323) 263-1497,"Mon: 10-8, Tue: 12-8, Wed: 10-8, Thu: 12-8, Fri: 9:30-5:30, Sat: 9:30-5:30, Sun: Closed",https://www.lapl.org/branches/malabar,Lupie Leyva,Branch Manager,mlabar@lapl.org,Community Anchor Institution ,"Digital navigation, Digital literacy & skills training, Technical support, Free/Low-cost devices, Free/Low-cost hotspots, Public Wi-Fi, Computer center(s), Online educational resources, Workforce development resources",City-wide or across multiple cities,Los Angeles,Los Angeles,Both,No,Yes,"Aging Individuals, Veterans, Individuals with Disabilities, Individuals with Language Barriers, Ethnic or Minority Communities",All,"Partnership Opportunities, Information Sharing",No,,,
Los Angeles Public Library - Mar Vista Branch Library,12006 Venice Boulevard,Los Angeles,CA,90066,(310) 390-3454,"Mon: 10-8, Tue: 12-8, Wed: 10-8, Thu: 12-8, Fri: 9:30-5:30, Sat: 9:30-5:30, Sun: Closed",https://www.lapl.org/branches/mar-vista,Carole Kealoha,Branch Manager,mrvsta@lapl.org,Community Anchor Institution ,"Digital navigation, Digital literacy & skills training, Technical support, Free/Low-cost devices, Free/Low-cost hotspots, Public Wi-Fi, Computer center(s), Online educational resources, Workforce development resources",City-wide or across multiple cities,Los Angeles,Los Angeles,Both,No,Yes,"Aging Individuals, Veterans, Individuals with Disabilities, Individuals with Language Barriers, Ethnic or Minority Communities",All,"Partnership Opportunities, Information Sharing",No,,,
Los Angeles Public Library - Mark Twain Branch Library,9621 S. Figueroa Street,Los Angeles,CA,90003,(323) 755-4088,"Mon: 10-8, Tue: 12-8, Wed: 10-8, Thu: 12-8, Fri: 9:30-5:30, Sat: 9:30-5:30, Sun: Closed",https://www.lapl.org/branches/mark-twain,Senele Rios,Branch Manager,mtwain@lapl.org,Community Anchor Institution ,"Digital navigation, Digital literacy & skills training, Technical support, Free/Low-cost devices, Free/Low-cost hotspots, Public Wi-Fi, Computer center(s), Online educational resources, Workforce development resources",City-wide or across multiple cities,Los Angeles,Los Angeles,Both,No,Yes,"Aging Individuals, Veterans, Individuals with Disabilities, Individuals with Language Barriers, Ethnic or Minority Communities",All,"Partnership Opportunities, Information Sharing",No,,,
Los Angeles Public Library - Memorial Branch Library,4625 W. Olympic Boulevard,Los Angeles,CA,90019,(323) 938-2732,"Mon: 10-8, Tue: 12-8, Wed: 10-8, Thu: 12-8, Fri: 9:30-5:30, Sat: 9:30-5:30, Sun: Closed",https://www.lapl.org/branches/memorial,Loren Spector,Branch Manager,mmrial@lapl.org,Community Anchor Institution ,"Digital navigation, Digital literacy & skills training, Technical support, Free/Low-cost devices, Free/Low-cost hotspots, Public Wi-Fi, Computer center(s), Online educational resources, Workforce development resources",City-wide or across multiple cities,Los Angeles,Los Angeles,Both,No,Yes,"Aging Individuals, Veterans, Individuals with Disabilities, Individuals with Language Barriers, Ethnic or Minority Communities",All,"Partnership Opportunities, Information Sharing",No,,,
Los Angeles Public Library - Mid-Valley Regional Library,16244 Nordhoff Street,North Hills,CA,91343,(818) 895-3650,"Mon: 10-8, Tue: 10-8, Wed: 10-8, Thu: 10-8, Fri: 9:30-5:30, Sat: 9:30-5:30, Sun: 1-5",https://www.lapl.org/branches/mid-valley,Chris Kiefer,Branch Manager,midval@lapl.org,Community Anchor Institution ,"Digital navigation, Digital literacy & skills training, Technical support, Free/Low-cost devices, Free/Low-cost hotspots, Public Wi-Fi, Computer center(s), Online educational resources, Workforce development resources",City-wide or across multiple cities,Los Angeles,Los Angeles,Both,No,Yes,"Aging Individuals, Veterans, Individuals with Disabilities, Individuals with Language Barriers, Ethnic or Minority Communities",All,"Partnership Opportunities, Information Sharing",No,,,
Los Angeles Public Library - North Hollywood Amelia Earhart Regional Library,5211 Tujunga Avenue,North Hollywood,CA,91601,(818) 766-7185,"Mon: 10-8, Tue: 10-8, Wed: 10-8, Thu: 10-8, Fri: 9:30-5:30, Sat: 9:30-5:30, Sun: 1-5",https://www.lapl.org/branches/north-hollywood,Karen Smith-Chen,Branch Manager,nohlwd@lapl.org,Community Anchor Institution ,"Digital navigation, Digital literacy & skills training, Technical support, Free/Low-cost devices, Free/Low-cost hotspots, Public Wi-Fi, Computer center(s), Online educational resources, Workforce development resources",City-wide or across multiple cities,Los Angeles,Los Angeles,Both,No,Yes,"Aging Individuals, Veterans, Individuals with Disabilities, Individuals with Language Barriers, Ethnic or Minority Communities",All,"Partnership Opportunities, Information Sharing",No,,,
Los Angeles Public Library - Northridge Branch Library,9051 Darby Avenue,Northridge,CA,91325,(818) 886-3640,"Mon: 10-8, Tue: 12-8, Wed: 10-8, Thu: 12-8, Fri: 9:30-5:30, Sat: 9:30-5:30, Sun: Closed",https://www.lapl.org/branches/northridge,Toktam Gholami,Branch Manager,nrthrg@lapl.org,Community Anchor Institution ,"Digital navigation, Digital literacy & skills training, Technical support, Free/Low-cost devices, Free/Low-cost hotspots, Public Wi-Fi, Computer center(s), Online educational resources, Workforce development resources",City-wide or across multiple cities,Los Angeles,Los Angeles,Both,No,Yes,"Aging Individuals, Veterans, Individuals with Disabilities, Individuals with Language Barriers, Ethnic or Minority Communities",All,"Partnership Opportunities, Information Sharing",No,,,
Los Angeles Public Library - Pacoima Branch Library,13605 Van Nuys Boulevard,Pacoima,CA,91331,(818) 899-5203,"Mon: 10-8, Tue: 12-8, Wed: 10-8, Thu: 12-8, Fri: 9:30-5:30, Sat: 9:30-5:30, Sun: Closed",https://www.lapl.org/branches/pacoima,Christine Godinez,Branch Manager,pcoima@lapl.org,Community Anchor Institution ,"Digital navigation, Digital literacy & skills training, Technical support, Free/Low-cost devices, Free/Low-cost hotspots, Public Wi-Fi, Computer center(s), Online educational resources, Workforce development resources",City-wide or across multiple cities,Los Angeles,Los Angeles,Both,No,Yes,"Aging Individuals, Veterans, Individuals with Disabilities, Individuals with Language Barriers, Ethnic or Minority Communities",All,"Partnership Opportunities, Information Sharing",No,,,
Los Angeles Public Library - Palisades Branch Library,861 Alma Real Drive,Pacific Palisades,CA,90272,(310) 459-2754,Closed,https://www.lapl.org/branches/palisades,,,palsds@lapl.org,Community Anchor Institution ,"Digital navigation, Digital literacy & skills training, Technical support, Free/Low-cost devices, Free/Low-cost hotspots, Public Wi-Fi, Computer center(s), Online educational resources, Workforce development resources",City-wide or across multiple cities,Los Angeles,Los Angeles,Both,No,Yes,"Aging Individuals, Veterans, Individuals with Disabilities, Individuals with Language Barriers, Ethnic or Minority Communities",All,"Partnership Opportunities, Information Sharing",No,,,
Los Angeles Public Library - Palms - Rancho Park Branch Library,2920 Overland Avenue,Los Angeles,CA,90064,(310) 840-2142,"Mon: 10-8, Tue: 12-8, Wed: 10-8, Thu: 12-8, Fri: 9:30-5:30, Sat: 9:30-5:30, Sun: Closed",https://www.lapl.org/branches/palms,Rachel Bindman,Branch Manager,prncho@lapl.org,Community Anchor Institution ,"Digital navigation, Digital literacy & skills training, Technical support, Free/Low-cost devices, Free/Low-cost hotspots, Public Wi-Fi, Computer center(s), Online educational resources, Workforce development resources",City-wide or across multiple cities,Los Angeles,Los Angeles,Both,No,Yes,"Aging Individuals, Veterans, Individuals with Disabilities, Individuals with Language Barriers, Ethnic or Minority Communities",All,"Partnership Opportunities, Information Sharing",No,,,
Los Angeles Public Library - Panorama City Branch Library,14345 Roscoe Boulevard,Panorama City,CA,91402,(818) 894-4071,"Mon: 10-8, Tue: 12-8, Wed: 10-8, Thu: 12-8, Fri: 9:30-5:30, Sat: 9:30-5:30, Sun: Closed",https://www.lapl.org/branches/panorama-city,Roman Antonio,Branch Manager,pnoram@lapl.org,Community Anchor Institution ,"Digital navigation, Digital literacy & skills training, Technical support, Free/Low-cost devices, Free/Low-cost hotspots, Public Wi-Fi, Computer center(s), Online educational resources, Workforce development resources",City-wide or across multiple cities,Los Angeles,Los Angeles,Both,No,Yes,"Aging Individuals, Veterans, Individuals with Disabilities, Individuals with Language Barriers, Ethnic or Minority Communities",All,"Partnership Opportunities, Information Sharing",No,,,
Los Angeles Public Library - Pico Union Branch Library,1030 S. Alvarado Street,Los Angeles,CA,90006,(213) 368-7545,"Mon: 10-8, Tue: 12-8, Wed: 10-8, Thu: 12-8, Fri: 9:30-5:30, Sat: 9:30-5:30, Sun: Closed",https://www.lapl.org/branches/pico-union,Kristen Peers,Branch Manager,punion@lapl.org,Community Anchor Institution ,"Digital navigation, Digital literacy & skills training, Technical support, Free/Low-cost devices, Free/Low-cost hotspots, Public Wi-Fi, Computer center(s), Online educational resources, Workforce development resources",City-wide or across multiple cities,Los Angeles,Los Angeles,Both,No,Yes,"Aging Individuals, Veterans, Individuals with Disabilities, Individuals with Language Barriers, Ethnic or Minority Communities",All,"Partnership Opportunities, Information Sharing",No,,,
Los Angeles Public Library - Pio Pico - Koreatown Branch Library,694 S. Oxford Avenue,Los Angeles,CA,90005,(213) 368-7647,"Mon: 10-8, Tue: 12-8, Wed: 10-8, Thu: 12-8, Fri: 9:30-5:30, Sat: 9:30-5:30, Sun: Closed",https://www.lapl.org/branches/pio-pico,Beth Feinberg,Branch Manager,piokor@lapl.org,Community Anchor Institution ,"Digital navigation, Digital literacy & skills training, Technical support, Free/Low-cost devices, Free/Low-cost hotspots, Public Wi-Fi, Computer center(s), Online educational resources, Workforce development resources",City-wide or across multiple cities,Los Angeles,Los Angeles,Both,No,Yes,"Aging Individuals, Veterans, Individuals with Disabilities, Individuals with Language Barriers, Ethnic or Minority Communities",All,"Partnership Opportunities, Information Sharing",No,,,
Los Angeles Public Library - Platt Branch Library,23600 Victory Boulevard,Woodland Hills,CA,91367,(818) 340-9386,"Mon: 10-8, Tue: 12-8, Wed: 10-8, Thu: 12-8, Fri: 9:30-5:30, Sat: 9:30-5:30, Sun: Closed",https://www.lapl.org/branches/platt,David Hagopian,Branch Manager,platt@lapl.org,Community Anchor Institution ,"Digital navigation, Digital literacy & skills training, Technical support, Free/Low-cost devices, Free/Low-cost hotspots, Public Wi-Fi, Computer center(s), Online educational resources, Workforce development resources",City-wide or across multiple cities,Los Angeles,Los Angeles,Both,No,Yes,"Aging Individuals, Veterans, Individuals with Disabilities, Individuals with Language Barriers, Ethnic or Minority Communities",All,"Partnership Opportunities, Information Sharing",No,,,
Los Angeles Public Library - Playa Vista Branch Library,6400 Playa Vista Dr.,Los Angeles,CA,90094,(310) 437-6680,"Mon: 10-8, Tue: 12-8, Wed: 10-8, Thu: 12-8, Fri: 9:30-5:30, Sat: 9:30-5:30, Sun: Closed",https://www.lapl.org/branches/playa-vista,Henry Gambill,Branch Manager,pvista@lapl.org,Community Anchor Institution ,"Digital navigation, Digital literacy & skills training, Technical support, Free/Low-cost devices, Free/Low-cost hotspots, Public Wi-Fi, Computer center(s), Online educational resources, Workforce development resources",City-wide or across multiple cities,Los Angeles,Los Angeles,Both,No,Yes,"Aging Individuals, Veterans, Individuals with Disabilities, Individuals with Language Barriers, Ethnic or Minority Communities",All,"Partnership Opportunities, Information Sharing",No,,,
Los Angeles Public Library - Porter Ranch Branch Library,11371 Tampa Avenue,Porter Ranch,CA,91326,(818) 360-5706,"Mon: 10-8, Tue: 12-8, Wed: 10-8, Thu: 12-8, Fri: 9:30-5:30, Sat: 9:30-5:30, Sun: Closed",https://www.lapl.org/branches/porter-ranch,Shayera Tangri,Branch Manager,ptrran@lapl.org,Community Anchor Institution ,"Digital navigation, Digital literacy & skills training, Technical support, Free/Low-cost devices, Free/Low-cost hotspots, Public Wi-Fi, Computer center(s), Online educational resources, Workforce development resources",City-wide or across multiple cities,Los Angeles,Los Angeles,Both,No,Yes,"Aging Individuals, Veterans, Individuals with Disabilities, Individuals with Language Barriers, Ethnic or Minority Communities",All,"Partnership Opportunities, Information Sharing",No,,,
Los Angeles Public Library - Robert Louis Stevenson Branch Library,803 Spence Street,Los Angeles,CA,90023,(323) 268-4710,"Mon: 10-8, Tue: 12-8, Wed: 10-8, Thu: 12-8, Fri: 9:30-5:30, Sat: 9:30-5:30, Sun: Closed",https://www.lapl.org/branches/rl-stevenson,Patricia Tarango,Branch Manager,rlstvn@lapl.org,Community Anchor Institution ,"Digital navigation, Digital literacy & skills training, Technical support, Free/Low-cost devices, Free/Low-cost hotspots, Public Wi-Fi, Computer center(s), Online educational resources, Workforce development resources",City-wide or across multiple cities,Los Angeles,Los Angeles,Both,No,Yes,"Aging Individuals, Veterans, Individuals with Disabilities, Individuals with Language Barriers, Ethnic or Minority Communities",All,"Partnership Opportunities, Information Sharing",No,,,
Los Angeles Public Library - Robertson Branch Library,1719 S. Robertson Boulevard,Los Angeles,CA,90035,(310) 840-2147,"Mon: 10-8, Tue: 12-8, Wed: 10-8, Thu: 12-8, Fri: 9:30-5:30, Sat: Closed, Sun: 1-5",https://www.lapl.org/branches/robertson,Hillary Perelyubskiy,Branch Manager,rbrtsn@lapl.org,Community Anchor Institution ,"Digital navigation, Digital literacy & skills training, Technical support, Free/Low-cost devices, Free/Low-cost hotspots, Public Wi-Fi, Computer center(s), Online educational resources, Workforce development resources",City-wide or across multiple cities,Los Angeles,Los Angeles,Both,No,Yes,"Aging Individuals, Veterans, Individuals with Disabilities, Individuals with Language Barriers, Ethnic or Minority Communities",All,"Partnership Opportunities, Information Sharing",No,,,
Los Angeles Public Library - San Pedro Regional Library,931 S. Gaffey Street,San Pedro,CA,90731,(310) 548-7779,"Mon: 10-8, Tue: 10-8, Wed: 10-8, Thu: 10-8, Fri: 9:30-5:30, Sat: 9:30-5:30, Sun: 1-5",https://www.lapl.org/branches/san-pedro,David Ellis,Branch Manager,spedro@lapl.org,Community Anchor Institution ,"Digital navigation, Digital literacy & skills training, Technical support, Free/Low-cost devices, Free/Low-cost hotspots, Public Wi-Fi, Computer center(s), Online educational resources, Workforce development resources",City-wide or across multiple cities,Los Angeles,Los Angeles,Both,No,Yes,"Aging Individuals, Veterans, Individuals with Disabilities, Individuals with Language Barriers, Ethnic or Minority Communities",All,"Partnership Opportunities, Information Sharing",No,,,
Los Angeles Public Library - Sherman Oaks Martin Pollard Branch Library,14245 Moorpark Street,Sherman Oaks,CA,91423,(818) 205-9716,"Mon: 10-8, Tue: 12-8, Wed: 10-8, Thu: 12-8, Fri: 9:30-5:30, Sat: 9:30-5:30, Sun: Closed",https://www.lapl.org/branches/sherman-oaks,Emily Aaronson,Branch Manager,shrmno@lapl.org,Community Anchor Institution ,"Digital navigation, Digital literacy & skills training, Technical support, Free/Low-cost devices, Free/Low-cost hotspots, Public Wi-Fi, Computer center(s), Online educational resources, Workforce development resources",City-wide or across multiple cities,Los Angeles,Los Angeles,Both,No,Yes,"Aging Individuals, Veterans, Individuals with Disabilities, Individuals with Language Barriers, Ethnic or Minority Communities",All,"Partnership Opportunities, Information Sharing",No,,,
Los Angeles Public Library - Silver Lake Branch Library,2411 Glendale Blvd,Los Angeles,CA,90039,(323) 913-7451,"Mon: 10-8, Tue: 12-8, Wed: 10-8, Thu: 12-8, Fri: 9:30-5:30, Sat: 9:30-5:30, Sun: Closed",https://www.lapl.org/branches/silver-lake,Lisa Palombi,Branch Manager,silver@lapl.org,Community Anchor Institution ,"Digital navigation, Digital literacy & skills training, Technical support, Free/Low-cost devices, Free/Low-cost hotspots, Public Wi-Fi, Computer center(s), Online educational resources, Workforce development resources",City-wide or across multiple cities,Los Angeles,Los Angeles,Both,No,Yes,"Aging Individuals, Veterans, Individuals with Disabilities, Individuals with Language Barriers, Ethnic or Minority Communities",All,"Partnership Opportunities, Information Sharing",No,,,
Los Angeles Public Library - Studio City Branch Library,12511 Moorpark Street,Studio City,CA,91604,(818) 755-7873,"Mon: 10-8, Tue: 12-8, Wed: 10-8, Thu: 12-8, Fri: 9:30-5:30, Sat: 9:30-5:30, Sun: Closed",https://www.lapl.org/branches/studio-city,Brian Cunningham,Branch Manager,studio@lapl.org,Community Anchor Institution ,"Digital navigation, Digital literacy & skills training, Technical support, Free/Low-cost devices, Free/Low-cost hotspots, Public Wi-Fi, Computer center(s), Online educational resources, Workforce development resources",City-wide or across multiple cities,Los Angeles,Los Angeles,Both,No,Yes,"Aging Individuals, Veterans, Individuals with Disabilities, Individuals with Language Barriers, Ethnic or Minority Communities",All,"Partnership Opportunities, Information Sharing",No,,,
Los Angeles Public Library - Sun Valley Branch Library,7935 Vineland Avenue,Sun Valley,CA,91352,(818) 764-1338,"Mon: 10-8, Tue: 12-8, Wed: 10-8, Thu: 12-8, Fri: 9:30-5:30, Sat: 9:30-5:30, Sun: Closed",https://www.lapl.org/branches/sun-valley,Stephanie Studer,Branch Manager,sunval@lapl.org,Community Anchor Institution ,"Digital navigation, Digital literacy & skills training, Technical support, Free/Low-cost devices, Free/Low-cost hotspots, Public Wi-Fi, Computer center(s), Online educational resources, Workforce development resources",City-wide or across multiple cities,Los Angeles,Los Angeles,Both,No,Yes,"Aging Individuals, Veterans, Individuals with Disabilities, Individuals with Language Barriers, Ethnic or Minority Communities",All,"Partnership Opportunities, Information Sharing",No,,,
Los Angeles Public Library - Sunland - Tujunga Branch Library,7771 Foothill Boulevard,Tujunga,CA,91042,(818) 352-4481,"Mon: 10-8, Tue: 12-8, Wed: 10-8, Thu: 12-8, Fri: 9:30-5:30, Sat: 9:30-5:30, Sun: Closed",https://www.lapl.org/branches/sunland-tujunga,Ashley Kagan,Branch Manager,snlndt@lapl.org,Community Anchor Institution ,"Digital navigation, Digital literacy & skills training, Technical support, Free/Low-cost devices, Free/Low-cost hotspots, Public Wi-Fi, Computer center(s), Online educational resources, Workforce development resources",City-wide or across multiple cities,Los Angeles,Los Angeles,Both,No,Yes,"Aging Individuals, Veterans, Individuals with Disabilities, Individuals with Language Barriers, Ethnic or Minority Communities",All,"Partnership Opportunities, Information Sharing",No,,,
Los Angeles Public Library - Sylmar Branch Library,14561 Polk Street,Sylmar,CA,91342,(818) 367-6102,"Mon: 10-8, Tue: 12-8, Wed: 10-8, Thu: 12-8, Fri: 9:30-5:30, Sat: 9:30-5:30, Sun: Closed",https://www.lapl.org/branches/sylmar,Chukwuji Onianwa,Branch Manager,sylmar@lapl.org,Community Anchor Institution ,"Digital navigation, Digital literacy & skills training, Technical support, Free/Low-cost devices, Free/Low-cost hotspots, Public Wi-Fi, Computer center(s), Online educational resources, Workforce development resources",City-wide or across multiple cities,Los Angeles,Los Angeles,Both,No,Yes,"Aging Individuals, Veterans, Individuals with Disabilities, Individuals with Language Barriers, Ethnic or Minority Communities",All,"Partnership Opportunities, Information Sharing",No,,,
Los Angeles Public Library - Valley Plaza Branch Library,12311 Vanowen Street,North Hollywood,CA,91605,(818) 765-9251,"Mon: 10-8, Tue: 12-8, Wed: 10-8, Thu: 12-8, Fri: 9:30-5:30, Sat: 9:30-5:30, Sun: Closed",https://www.lapl.org/branches/valley-plaza,Kate Aaronson,Branch Manager,valplz@lapl.org,Community Anchor Institution ,"Digital navigation, Digital literacy & skills training, Technical support, Free/Low-cost devices, Free/Low-cost hotspots, Public Wi-Fi, Computer center(s), Online educational resources, Workforce development resources",City-wide or across multiple cities,Los Angeles,Los Angeles,Both,No,Yes,"Aging Individuals, Veterans, Individuals with Disabilities, Individuals with Language Barriers, Ethnic or Minority Communities",All,"Partnership Opportunities, Information Sharing",No,,,
Los Angeles Public Library - Van Nuys Branch Library,6250 Sylmar Ave,Van Nuys,CA,91401,(818) 756-8453,"Mon: 10-8, Tue: 12-8, Wed: 10-8, Thu: 12-8, Fri: 9:30-5:30, Sat: 9:30-5:30, Sun: Closed",https://www.lapl.org/branches/van-nuys,Chris Barriero,Branch Manager,vnnuys@lapl.org,Community Anchor Institution ,"Digital navigation, Digital literacy & skills training, Technical support, Free/Low-cost devices, Free/Low-cost hotspots, Public Wi-Fi, Computer center(s), Online educational resources, Workforce development resources",City-wide or across multiple cities,Los Angeles,Los Angeles,Both,No,Yes,"Aging Individuals, Veterans, Individuals with Disabilities, Individuals with Language Barriers, Ethnic or Minority Communities",All,"Partnership Opportunities, Information Sharing",No,,,
Los Angeles Public Library - Venice - Abbot Kinney Memorial Branch Library,501 S. Venice Boulevard,Venice,CA,90291,(310) 821-1769,"Mon: 10-8, Tue: 12-8, Wed: 10-8, Thu: 12-8, Fri: 9:30-5:30, Sat: 9:30-5:30, Sun: Closed",https://www.lapl.org/branches/venice,John Frank,Branch Manager,venice@lapl.org,Community Anchor Institution ,"Digital navigation, Digital literacy & skills training, Technical support, Free/Low-cost devices, Free/Low-cost hotspots, Public Wi-Fi, Computer center(s), Online educational resources, Workforce development resources",City-wide or across multiple cities,Los Angeles,Los Angeles,Both,No,Yes,"Aging Individuals, Veterans, Individuals with Disabilities, Individuals with Language Barriers, Ethnic or Minority Communities",All,"Partnership Opportunities, Information Sharing",No,,,
Los Angeles Public Library - Vermont Square Branch Library,1201 W. 48th. Street,Los Angeles,CA,90037,(323) 290-7405,"Mon: 10-8, Tue: 12-8, Wed: 10-8, Thu: 12-8, Fri: 9:30-5:30, Sat: 9:30-5:30, Sun: Closed",https://www.lapl.org/branches/vermont-square,Martha Sherod,Branch Manager,vmtsqr@lapl.org,Community Anchor Institution ,"Digital navigation, Digital literacy & skills training, Technical support, Free/Low-cost devices, Free/Low-cost hotspots, Public Wi-Fi, Computer center(s), Online educational resources, Workforce development resources",City-wide or across multiple cities,Los Angeles,Los Angeles,Both,No,Yes,"Aging Individuals, Veterans, Individuals with Disabilities, Individuals with Language Barriers, Ethnic or Minority Communities",All,"Partnership Opportunities, Information Sharing",No,,,
Los Angeles Public Library - Vernon - Leon H. Washington Jr. Memorial Branch Library,4504 S. Central Avenue,Los Angeles,CA,90011,(323) 234-9106,"Mon: 10-8, Tue: 12-8, Wed: 10-8, Thu: 12-8, Fri: 9:30-5:30, Sat: 9:30-5:30, Sun: Closed",https://www.lapl.org/branches/vernon,Julie Flores,Branch Manager,vrnonl@lapl.org,Community Anchor Institution ,"Digital navigation, Digital literacy & skills training, Technical support, Free/Low-cost devices, Free/Low-cost hotspots, Public Wi-Fi, Computer center(s), Online educational resources, Workforce development resources",City-wide or across multiple cities,Los Angeles,Los Angeles,Both,No,Yes,"Aging Individuals, Veterans, Individuals with Disabilities, Individuals with Language Barriers, Ethnic or Minority Communities",All,"Partnership Opportunities, Information Sharing",No,,,
Los Angeles Public Library - Washington Irving Branch Library,4117 W. Washington Boulevard,Los Angeles,CA,90018,(323) 734-6303,"Mon: 10-8, Tue: 12-8, Wed: 10-8, Thu: 12-8, Fri: 9:30-5:30, Sat: 9:30-5:30, Sun: Closed",https://www.lapl.org/branches/washington-irving,Marcie Jones,Branch Manager,wirvng@lapl.org,Community Anchor Institution ,"Digital navigation, Digital literacy & skills training, Technical support, Free/Low-cost devices, Free/Low-cost hotspots, Public Wi-Fi, Computer center(s), Online educational resources, Workforce development resources",City-wide or across multiple cities,Los Angeles,Los Angeles,Both,No,Yes,"Aging Individuals, Veterans, Individuals with Disabilities, Individuals with Language Barriers, Ethnic or Minority Communities",All,"Partnership Opportunities, Information Sharing",No,,,
Los Angeles Public Library - West Los Angeles Regional Library,11360 Santa Monica Boulevard,Los Angeles,CA,90025,(310) 575-8323,"Mon: 10-8, Tue: 10-8, Wed: 10-8, Thu: 10-8, Fri: 9:30-5:30, Sat: 9:30-5:30, Sun: 1-5",https://www.lapl.org/branches/west-la,Jacqueline Henriquez,Branch Manager,westla@lapl.org,Community Anchor Institution ,"Digital navigation, Digital literacy & skills training, Technical support, Free/Low-cost devices, Free/Low-cost hotspots, Public Wi-Fi, Computer center(s), Online educational resources, Workforce development resources",City-wide or across multiple cities,Los Angeles,Los Angeles,Both,No,Yes,"Aging Individuals, Veterans, Individuals with Disabilities, Individuals with Language Barriers, Ethnic or Minority Communities",All,"Partnership Opportunities, Information Sharing",No,,,
Los Angeles Public Library - West Valley Regional Branch Library,19036 Vanowen Street,Reseda,CA,91335,(818) 345-9806,"Mon: 10-8, Tue: 10-8, Wed: 10-8, Thu: 10-8, Fri: 9:30-5:30, Sat: 9:30-5:30, Sun: 1-5",https://www.lapl.org/branches/west-valley,Kevin Hasely,Branch Manager,wvally@lapl.org,Community Anchor Institution ,"Digital navigation, Digital literacy & skills training, Technical support, Free/Low-cost devices, Free/Low-cost hotspots, Public Wi-Fi, Computer center(s), Online educational resources, Workforce development resources",City-wide or across multiple cities,Los Angeles,Los Angeles,Both,No,Yes,"Aging Individuals, Veterans, Individuals with Disabilities, Individuals with Language Barriers, Ethnic or Minority Communities",All,"Partnership Opportunities, Information Sharing",No,,,
Los Angeles Public Library - Westchester - Loyola Village Branch Library,7114 W. Manchester Avenue,Los Angeles,CA,90045,(310) 348-1096,"Mon: 10-8, Tue: 12-8, Wed: 10-8, Thu: 12-8, Fri: 9:30-5:30, Sat: 9:30-5:30, Sun: Closed",https://www.lapl.org/branches/westchester,Claudia Martinez,Branch Manager,wstchs@lapl.org,Community Anchor Institution ,"Digital navigation, Digital literacy & skills training, Technical support, Free/Low-cost devices, Free/Low-cost hotspots, Public Wi-Fi, Computer center(s), Online educational resources, Workforce development resources",City-wide or across multiple cities,Los Angeles,Los Angeles,Both,No,Yes,"Aging Individuals, Veterans, Individuals with Disabilities, Individuals with Language Barriers, Ethnic or Minority Communities",All,"Partnership Opportunities, Information Sharing",No,,,
Los Angeles Public Library - Westwood Branch Library,1246 Glendon Avenue,Los Angeles,CA,90024,(310) 474-1739,"Mon: 10-8, Tue: 12-8, Wed: 10-8, Thu: 12-8, Fri: 9:30-5:30, Sat: 9:30-5:30, Sun: Closed",https://www.lapl.org/branches/westwood,Jennifer Noble,Branch Manager,wwood@lapl.org,Community Anchor Institution ,"Digital navigation, Digital literacy & skills training, Technical support, Free/Low-cost devices, Free/Low-cost hotspots, Public Wi-Fi, Computer center(s), Online educational resources, Workforce development resources",City-wide or across multiple cities,Los Angeles,Los Angeles,Both,No,Yes,"Aging Individuals, Veterans, Individuals with Disabilities, Individuals with Language Barriers, Ethnic or Minority Communities",All,"Partnership Opportunities, Information Sharing",No,,,
Los Angeles Public Library - Will & Ariel Durant Branch Library,7140 W. Sunset Boulevard,Los Angeles,CA,90046,(323) 876-2741,"Mon: 10-8, Tue: 12-8, Wed: 10-8, Thu: 12-8, Fri: 9:30-5:30, Sat: 9:30-5:30, Sun: Closed",https://www.lapl.org/branches/durant,Oscar Giurcovich,Branch Manager,durant@lapl.org,Community Anchor Institution ,"Digital navigation, Digital literacy & skills training, Technical support, Free/Low-cost devices, Free/Low-cost hotspots, Public Wi-Fi, Computer center(s), Online educational resources, Workforce development resources",City-wide or across multiple cities,Los Angeles,Los Angeles,Both,No,Yes,"Aging Individuals, Veterans, Individuals with Disabilities, Individuals with Language Barriers, Ethnic or Minority Communities",All,"Partnership Opportunities, Information Sharing",No,,,
Los Angeles Public Library - Wilmington Branch Library,1300 N. Avalon Boulevard,Wilmington,CA,90744,(310) 834-1082,"Mon: 10-8, Tue: 12-8, Wed: 10-8, Thu: 12-8, Fri: 9:30-5:30, Sat: 9:30-5:30, Sun: Closed",https://www.lapl.org/branches/wilmington,Ednita Seavers,Branch Manager,wmngtn@lapl.org,Community Anchor Institution ,"Digital navigation, Digital literacy & skills training, Technical support, Free/Low-cost devices, Free/Low-cost hotspots, Public Wi-Fi, Computer center(s), Online educational resources, Workforce development resources",City-wide or across multiple cities,Los Angeles,Los Angeles,Both,No,Yes,"Aging Individuals, Veterans, Individuals with Disabilities, Individuals with Language Barriers, Ethnic or Minority Communities",All,"Partnership Opportunities, Information Sharing",No,,,
Los Angeles Public Library - Wilshire Branch Library,149 N. Saint Andrews Pl,Los Angeles,CA,90004,(323) 957-4550,"Mon: 10-8, Tue: 12-8, Wed: 10-8, Thu: 12-8, Fri: 9:30-5:30, Sat: 9:30-5:30, Sun: Closed",https://www.lapl.org/branches/wilshire,Eric Kennedy,Branch Manager,wlshre@lapl.org,Community Anchor Institution ,"Digital navigation, Digital literacy & skills training, Technical support, Free/Low-cost devices, Free/Low-cost hotspots, Public Wi-Fi, Computer center(s), Online educational resources, Workforce development resources",City-wide or across multiple cities,Los Angeles,Los Angeles,Both,No,Yes,"Aging Individuals, Veterans, Individuals with Disabilities, Individuals with Language Barriers, Ethnic or Minority Communities",All,"Partnership Opportunities, Information Sharing",No,,,
Los Angeles Public Library - Woodland Hills Branch Library,22200 Ventura Boulevard,Woodland Hills,CA,91364,(818) 226-0017,"Mon: 10-8, Tue: 12-8, Wed: 10-8, Thu: 12-8, Fri: 9:30-5:30, Sat: 9:30-5:30, Sun: Closed",https://www.lapl.org/branches/woodland-hills,Kathryn Ross,Branch Manager,woodln@lapl.org,Community Anchor Institution ,"Digital navigation, Digital literacy & skills training, Technical support, Free/Low-cost devices, Free/Low-cost hotspots, Public Wi-Fi, Computer center(s), Online educational resources, Workforce development resources",City-wide or across multiple cities,Los Angeles,Los Angeles,Both,No,Yes,"Aging Individuals, Veterans, Individuals with Disabilities, Individuals with Language Barriers, Ethnic or Minority Communities",All,"Partnership Opportunities, Information Sharing",No,,,
Mission Neighborhood Center- Capp Street Senior Center,362 Capp Street,San Francisco,CA,94110,415.206.7759                                                       415.206.7750,M-S 9:00-4:00,https://www.sfhsa.org/services/disability-aging/community-activities/sf-connected/sf-connected-locations,DAS-OCP SF Connected,DAS OCP /SF Connected Program Team,"""SFConnected,  (HSA) (DSS)"" <sfconnected@sfgov.org>",Other: SF Connected Technology Lab hosted at non-Governmental Organization sites,Public Wi-Fi and Computer center,City-wide or across multiple cities,San Francisco,San Francisco,In-Person,No,Yes,"Aging Individuals (Age 60+),Veterans Individuals with Disabilities , Individuals with Language Barriers (Limited English Proficiency individuals, etc.), Ethnic or Minority Communities","Other- SF Connected computer- interface languages (Chinese, English, Russian, Spanish, Vietnamese)
",Partnership opportunities,,,,
On Lok - 30th Street Senior Center,225 30th Street              ,San Francisco,CA,94131,415-550-2210,M-S 10:00-4:00,https://www.sfhsa.org/services/disability-aging/community-activities/sf-connected/sf-connected-locations,DAS-OCP SF Connected,DAS OCP /SF Connected Program Team,"""SFConnected,  (HSA) (DSS)"" <sfconnected@sfgov.org>",Other: SF Connected Technology Lab hosted at non-Governmental Organization sites,Public Wi-Fi and Computer center,City-wide or across multiple cities,San Francisco,San Francisco,In-Person,No,Yes,"Aging Individuals (Age 60+),Veterans Individuals with Disabilities , Individuals with Language Barriers (Limited English Proficiency individuals, etc.), Ethnic or Minority Communities","Other- SF Connected computer- interface languages (Chinese, English, Russian, Spanish, Vietnamese)
",Partnership opportunities,,,,
Riverside County Libraries - Anza Library,57430 Mitchell Rd,Anza,CA,92539,951.763.4216,,https://www.rivlib.net/branch/anza,James Wyatt,Branch Manager,infoanz@rivlib.net,Public Library,"Public Wi-Fi, Online Educational Recources",Statewide,All ,All,In-Person,No,Yes,All,English and Other Languages depending on location,Partnership opportunities,,,,
Riverside County Libraries - Art Samson Thousand Palms Library ,31189 Robert Rd. ,Thousand Palms,CA,92276,760.343.0957,,https://www.rivlib.net/branch/thousand-palms-art-samson,Angel Rodriguez,Branch Manager,infotps@rivlib.net,Public Library,"Public Wi-Fi, Online Educational Recources",Statewide,All ,All ,In-Person,No,Yes,All,English and Other Languages depending on location,Partnership opportunities,,,,
Riverside County Libraries - Cabazon Library,50425 Carment Ave,Cabazon ,CA,92230,951.849.8234,,https://www.rivlib.net/branch/cabazon,Jeevan Panesar,Branch Manager,infocab@rivlib.net,Public Library,"Public Wi-Fi, Online Educational Recources",Statewide,All ,All ,In-Person,No,Yes,All,English and Other Languages depending on location,Partnership opportunities,,,,
Riverside County Libraries - Calimesa Library,974 Calimesa Blvd. ,Calimesa,CA,92320,909.795.3198,,https://www.rivlib.net/branch/calimesa,Ivan Aguirre ,Branch Manager,infocal@rivlib.net,Public Library,"Public Wi-Fi, Online Educational Recources",Statewide,All ,All ,In-Person,No,Yes,All,English and Other Languages depending on location,Partnership opportunities,,,,
Riverside County Libraries - Canyon Lake Library,31594 Railroad Canyon Rd,Canyon Lake,CA,92587,951.244.9181,,http://www.rivlib.net/branch/canyon-lake,Celeste Dennis,Branch Manager,infocnl@rivlib.net,Public Library,"Public Wi-Fi, Online Educational Recources",Statewide,All ,All ,In-Person,No,Yes,All,English and Other Languages depending on location,Partnership opportunities,,,,
Riverside County Libraries - Cathedral City Library,33520 Date Palm Drive,Cathedral City,CA,92234,760.328.4262,,http://www.rivlib.net/branch/cathedral-city,Kristin Lehigh,Branch Manager,infocat@rivlib.net,Public Library,"Public Wi-Fi, Online Educational Recources",Statewide,All ,All ,In-Person,No,Yes,All,English and Other Languages depending on location,Partnership opportunities,,,,
Riverside County Libraries - Coachella Library,1500 6th Street,Coachella,CA,92236,760.398.5148,,http://www.rivlib.net/branch/coachella ,Brittany Tribulski ,Branch Manager,infocoa@rivlib.net,Public Library,"Public Wi-Fi, Online Educational Recources",Statewide,All ,All ,In-Person,No,Yes,All,English and Other Languages depending on location,Partnership opportunities,,,,
Riverside County Libraries - Desert Hot Springs,14380 Palm Dr,Desert Hot Springs ,CA,92240,760.329.5926,,http://www.rivlib.net/branch/desert-hot-springs,Nyrza Castro,Branch Manager,infodhs@rivlib.net,Public Library,"Public Wi-Fi, Online Educational Recources",Statewide,All ,All ,In-Person,No,Yes,All,English and Other Languages depending on location,Partnership opportunities,,,,
Riverside County Libraries - Eastvale Library,7447 Scholar Way ,Eastvale,CA,92880,951.273.2025,,http://www.rivlib.net/branch/eastvale,Mia Bacerra,Branch Manager,infoeast@rivlib.net,Public Library,"Public Wi-Fi, Online Educational Recources",Statewide,All ,All ,In-Person,No,Yes,All,English and Other Languages depending on location,Partnership opportunities,,,,
Riverside County Libraries - El Cerrito Library,7581 Rudell Road,Corona,CA,92881,951.270.5012,,http://www.rivlib.net/branch/el-cerrito ,Maria Claudio ,Branch Manager,infoelc@rivlib.net,Public Library,"Public Wi-Fi, Online Educational Recources",Statewide,All ,All ,In-Person,No,Yes,All,English and Other Languages depending on location,Partnership opportunities,,,,
Riverside County Libraries - French Valley Library,31526 Skyview,Winchester,CA,92596,951.923.6636,,http://www.rivlib.net/branch/french-valley,Holly Fernandez,Branch Manager,infofva@rivlib.net,Public Library,"Public Wi-Fi, Online Educational Recources",Statewide,All ,All ,In-Person,No,Yes,All,English and Other Languages depending on location,Partnership opportunities,,,,
Riverside County Libraries - Glen Avon Library,244 Galena ,Jurupa Valley,CA,92509,951.685.7158,,http://www.rivlib.net/branch/glen-avon,Nancy Reiter ,Branch Manager,infogav@rivlib.net,Public Library,"Public Wi-Fi, Online Educational Recources",Statewide,All ,All ,In-Person,No,Yes,All,English and Other Languages depending on location,Partnership opportunities,,,,
Riverside County Libraries - Grace Mellman Community Library,41000 County Center Drive,Temecula,CA,92591,951.296.0229,,http://www.rivlib.net/branch/grace-mellman-community,Kim Christofferson,Branch Manager,infotmc@rivlib.net,Public Library,"Public Wi-Fi, Online Educational Recources",Statewide,All ,All ,In-Person,No,Yes,All,English and Other Languages depending on location,Partnership opportunities,,,,
Riverside County Libraries - Highgrove Library,30 W. Center St. ,Highgrove,CA,92507,951.682.1507,,http://www.rivlib.net/branch/highgrove,Anna Bekker,Branch Manager,infohig@rivlib.net,Public Library,"Public Wi-Fi, Online Educational Recources",Statewide,All ,All ,In-Person,No,Yes,All,English and Other Languages depending on location,Partnership opportunities,,,,
Riverside County Libraries - Home Gardens Library,3785 S Neece St,Corona,CA,92879,951.279.2148,,http://www.rivlib.net/branch/home-gardens,-,Branch Manager,infohga@rivlib.net,Public Library,"Public Wi-Fi, Online Educational Recources",Statewide,All ,All ,In-Person,No,Yes,All,English and Other Languages depending on location,Partnership opportunities,,,,
Riverside County Libraries - Idyllwild Library,544401 Village Center Drive,Idyllwild,CA,92549,951.659.2453,,http://www.rivlib.net/branch/idyllwild,James Wyatt,Branch Manager,infoidl@rivlib.net,Public Library,"Public Wi-Fi, Online Educational Recources",Statewide,All ,All ,In-Person,No,Yes,All,English and Other Languages depending on location,Partnership opportunities,,,,
Riverside County Libraries - Indio Public Library,200 Civic Center Drive,Indio ,CA,92201,760.347.2383,,http://www.rivlib.net/branch/indio ,Joseph Hamersly ,Branch Manager,infoind@rivlib.net,Public Library,"Public Wi-Fi, Online Educational Recources",Statewide,All ,All ,In-Person,No,Yes,All,English and Other Languages depending on location,Partnership opportunities,,,,
Riverside County Libraries - La Quinta Public Library,78275 Calle Tampico,La Quinta,CA,92253,760.564.4767,,http://www.rivlib.net/branch/la-quinta,Sara Delacruz,Branch Manager,infolaq@rivlib.net,Public Library,"Public Wi-Fi, Online Educational Recources",Statewide,All ,All ,In-Person,No,Yes,All,English and Other Languages depending on location,Partnership opportunities,,,,
Riverside County Libraries - Lake Elsinore Library,"17600 Collier Ave, Suite G170",Lake Elsinore,CA,92530,951.674.4517,,http://www.rivlib.net/branch/lake-elsinore,Krystal Van Eyk,Branch Manager,infolke@rivlib.net,Public Library,"Public Wi-Fi, Online Educational Recources",Statewide,All ,All ,In-Person,No,Yes,All,English and Other Languages depending on location,Partnership opportunities,,,,
Riverside County Libraries - Lake Tamarisk Library,43880 Tamarisk Dr,Desert Center,CA,92239,760.227.3273,,https://www.rivlib.net/branch/lake-tamarisk,Andrayah Mendoza,Branch Manager,infolkt@rivlib.net,Public Library,"Public Wi-Fi, Online Educational Recources",Statewide,All ,All ,In-Person,No,Yes,All,English and Other Languages depending on location,Partnership opportunities,,,,
Riverside County Libraries - Lakeland Village Library,"16275 Grand Ave., Suite E",Lake Elsinore,CA,92530,951.678.7083,,http://www.rivlib.net/branch/lakeland-village,Monica Ybanez,Branch Manager,infolak@rivlib.net,Public Library,"Public Wi-Fi, Online Educational Recources",Statewide,All ,All ,In-Person,No,Yes,All,English and Other Languages depending on location,Partnership opportunities,,,,
Riverside County Libraries - Louis Robidoux Library,5840 Mission Blvd.,Jurupa Valley,CA,92509,951.682.8641,,https://www.rivlib.net/branch/louis-robidoux,Charlotte Reynolds,Branch Manager,inforob@rivlib.net,Public Library,"Public Wi-Fi, Online Educational Recources",Statewide,All ,All ,In-Person,No,Yes,All,English and Other Languages depending on location,Partnership opportunities,,,,
Riverside County Libraries - Mead Valley Library,21580 Oakwood Street,Mead Valley ,CA,92570,951.943.4727,,https://www.rivlib.net/branch/mead-valley,Roger Zamarripa,Branch Manager,infomdv@rivlib.net,Public Library,"Public Wi-Fi, Online Educational Recources",Statewide,All ,All ,In-Person,No,Yes,All,English and Other Languages depending on location,Partnership opportunities,,,,
Riverside County Libraries - Mecca Library,91260 66th Ave.,Mecca,CA,92254,760.396.2363,,https://www.rivlib.net/branch/mecca,Lesly Vallejo ,Branch Manager,infomec@rivlib.net,Public Library,"Public Wi-Fi, Online Educational Recources",Statewide,All ,All ,In-Person,No,Yes,All,English and Other Languages depending on location,Partnership opportunities,,,,
Riverside County Libraries - Mennifee Library,28978 La Piedra Road,Meniffee,CA,92584,951.679.2527,,https://www.rivlib.net/branch/menifee,Alyssa Castaneda ,Branch Manager,infomen@rivlib.net,Public Library,"Public Wi-Fi, Online Educational Recources",Statewide,All ,All ,In-Person,No,Yes,All,English and Other Languages depending on location,Partnership opportunities,,,,
Riverside County Libraries - Norco Library,"3240 Hamner Ave., Suite 101B",Norco,CA,92860,951.735.5329,,https://www.rivlib.net/branch/norco,Jamie Shin ,Branch Manager,infonor@rivlib.net,Public Library,"Public Wi-Fi, Online Educational Recources",Statewide,All ,All ,In-Person,No,Yes,All,English and Other Languages depending on location,Partnership opportunities,,,,
Riverside County Libraries - Nuview Library,29990 Lakeview Ave. ,Nuevo,CA,92567,951.928.0769,,https://www.rivlib.net/branch/nuview,Angelica Ponce,Branch Manager,infonuv@rivlib.net,Public Library,"Public Wi-Fi, Online Educational Recources",Statewide,All ,All ,In-Person,No,Yes,All,English and Other Languages depending on location,Partnership opportunities,,,,
Riverside County Libraries - Perris Library,163 E. San Jacinto ,Perris,CA,92570,951.657.2358,,https://www.rivlib.net/branch/perris,Tyler Klaas ,Branch Manager,infoper@rivlib.net,Public Library,"Public Wi-Fi, Online Educational Recources",Statewide,All ,All ,In-Person,No,Yes,All,English and Other Languages depending on location,Partnership opportunities,,,,
Riverside County Libraries - Ronald H. Roberts Temecula Public Library,30600 Pauba Road,Temecula,CA,92592,951.693.8900,,https://www.rivlib.net/branch/temecula-public-library,Ginger Safstrom ,Branch Manager,infotem@rivlib.net,Public Library,"Public Wi-Fi, Online Educational Recources",Statewide,All ,All ,In-Person,No,Yes,All,English and Other Languages depending on location,Partnership opportunities,,,,
Riverside County Libraries - San Jacinto Library,"595 S. San Jacinto Ave, Ste. B",San Jacinto ,CA,92583,951.654.4470,,https://www.rivlib.net/branch/san-jacinto,Trevor Drown,Branch Manager,infosaj@rivlib.net,Public Library,"Public Wi-Fi, Online Educational Recources",Statewide,All ,All ,In-Person,No,Yes,All,English and Other Languages depending on location,Partnership opportunities,,,,
Riverside County Libraries - Sun City Library,26982 Cherry Hills,Meniffee,CA,92586,951.679.3534,,https://www.rivlib.net/branch/sun-city,Kim Pike,Branch Manager,infoscy@rivlib.net,Public Library,"Public Wi-Fi, Online Educational Recources",Statewide,All ,All ,In-Person,No,Yes,All,English and Other Languages depending on location,Partnership opportunities,,,,
Riverside County Libraries - Valle Vista Library,25757 Fairview Ave. ,Hemet,CA,92544,951.927.2611,,https://www.rivlib.net/branch/valle-vista,Roy Pedleton ,Branch Manager,infovva@rivlib.net,Public Library,"Public Wi-Fi, Online Educational Recources",Statewide,All ,All ,In-Person,No,Yes,All,English and Other Languages depending on location,Partnership opportunities,,,,
Riverside County Libraries - Wildomar Library,34303 Mission Trail ,Wildomar,CA,92595,951.471.3855,,https://www.rivlib.net/branch/wildomar,Nina Taylor,Branch Manager,infowil@rivlib.net,Public Library,"Public Wi-Fi, Online Educational Recources",Statewide,All ,All ,In-Person,No,Yes,All,English and Other Languages depending on location,Partnership opportunities,,,,
Riverside County Libraries - Woodcrest Library,16625 Krameria,Riverside,CA,92504,951.789.7324,,https://www.rivlib.net/branch/woodcrest,Sandra Brautigam-Strader,Branch Manager,infowct@rivlib.net,Public Library,"Public Wi-Fi, Online Educational Recources",Statewide,All ,All ,In-Person,No,Yes,All,English and Other Languages depending on location,Partnership opportunities,,,,
San Diego County Libraries - 4S Ranch Branch,10433 Reserve Drive,"San Diego, CA ",,92127,(858) 673-4697,,sdcl.org,Branch Manager,,4sranchlibrary@sdcounty.ca.gov,Library,"Public Wi-Fi, Computer center(s), Online educational resources, Digital literacy/skils training",County-wide or across multiple counties,San Diego,,In-Person,No,Yes,all,"English, telephone translation services avaialble in most languages","partnership opportunities, information sharing",,,,
San Diego County Libraries - Alpine Branch,1752 Alpine Blvd.,"Alpine, CA",,91901,(619) 445-4221,,sdcl.org,Branch Manager,,alpinelibrary@sdcounty.ca.gov,Library,"Public Wi-Fi, Computer center(s), Online educational resources, Digital literacy/skils training",County-wide or across multiple counties,San Diego,,In-Person,No,Yes,all,"English, telephone translation services avaialble in most languages","partnership opportunities, information sharing",,,,
San Diego County Libraries - Bonita-Sunnyside Branch,4375 Bonita Rd.,"Bonita, CA",,91902,(619) 475-4642,,sdcl.org,Branch Manager,,bonitalibrary@sdcounty.ca.gov,Library,"Public Wi-Fi, Computer center(s), Online educational resources, Digital literacy/skils training",County-wide or across multiple counties,San Diego,,In-Person,No,Yes,all,"English, telephone translation services avaialble in most languages","partnership opportunities, information sharing",,,,
San Diego County Libraries - Borrego Springs Branch,2580 Country Club Road,"Borrego Springs, CA",,92004,(760) 767-5761,,sdcl.org,Branch Manager,,borregolibrary@sdcounty.ca.gov,Library,"Public Wi-Fi, Computer center(s), Online educational resources, Digital literacy/skils training",County-wide or across multiple counties,San Diego,,In-Person,No,Yes,all,"English, telephone translation services avaialble in most languages","partnership opportunities, information sharing",,,,
San Diego County Libraries - Campo-Morena Village Branch,31356 Highway 94,"Campo, CA",,91906,(619) 478-5945,,sdcl.org,Branch Manager,,campolibrary@sdcounty.ca.gov,Library,"Public Wi-Fi, Computer center(s), Online educational resources, Digital literacy/skils training",County-wide or across multiple counties,San Diego,,In-Person,No,Yes,all,"English, telephone translation services avaialble in most languages","partnership opportunities, information sharing",,,,
San Diego County Libraries - Cardiff-by-the-Sea Branch,2081 Newcastle Ave.,"Cardiff-by-the-Sea,",,92007,(760) 753-4027,,sdcl.org,Branch Manager,,cardifflibrary@sdcounty.ca.gov,Library,"Public Wi-Fi, Computer center(s), Online educational resources, Digital literacy/skils training",County-wide or across multiple counties,San Diego,,In-Person,No,Yes,all,"English, telephone translation services avaialble in most languages","partnership opportunities, information sharing",,,,
San Diego County Libraries - Casa de Oro Branch,9805 Campo Rd. #180,"Spring Valley, CA",,91977,(619) 463-3236,,sdcl.org,Branch Manager,,casalibrary@sdcounty.ca.gov,Library,"Public Wi-Fi, Computer center(s), Online educational resources, Digital literacy/skils training",County-wide or across multiple counties,San Diego,,In-Person,No,Yes,all,"English, telephone translation services avaialble in most languages","partnership opportunities, information sharing",,,,
San Diego County Libraries - Crest Branch,105 Juanita Lane,"El Cajon, CA",,92021,(619) 442-7083,,sdcl.org,Branch Manager,,crestlibrary@sdcounty.ca.gov,Library,"Public Wi-Fi, Computer center(s), Online educational resources, Digital literacy/skils training",County-wide or across multiple counties,San Diego,,In-Person,No,Yes,all,"English, telephone translation services avaialble in most languages","partnership opportunities, information sharing",,,,
San Diego County Libraries - Del Mar Branch,"1309 Camino Del Mar, Del Mar","Del Mar, CA",,92014,(858) 755-1666,,sdcl.org,Branch Manager,,delmarlibrary@sdcounty.ca.gov,Library,"Public Wi-Fi, Computer center(s), Online educational resources, Digital literacy/skils training",County-wide or across multiple counties,San Diego,,In-Person,No,Yes,all,"English, telephone translation services avaialble in most languages","partnership opportunities, information sharing",,,,
San Diego County Libraries - Descanso Branch,9545 River Dr.,"Descanso, CA",,91916,(619) 445-5279,,sdcl.org,Branch Manager,,descansolibrary@sdcounty.ca.gov,Library,"Public Wi-Fi, Computer center(s), Online educational resources, Digital literacy/skils training",County-wide or across multiple counties,San Diego,,In-Person,No,Yes,all,"English, telephone translation services avaialble in most languages","partnership opportunities, information sharing",,,,
San Diego County Libraries - El Cajon Branch,201 E. Douglas,"El Cajon, CA ",,92020,(619) 588-3718,,sdcl.org,Branch Manager,,elcajonlibrary@sdcounty.ca.gov,Library,"Public Wi-Fi, Computer center(s), Online educational resources, Digital literacy/skils training",County-wide or across multiple counties,San Diego,,In-Person,No,Yes,all,"English, telephone translation services avaialble in most languages","partnership opportunities, information sharing",,,,
San Diego County Libraries - Encinitas Branch,540 Cornish Drive,"Encinitas, CA 92024",,92024,(760) 753-7376,,sdcl.org,Branch Manager,,encinitaslibrary@sdcounty.ca.gov,Library,"Public Wi-Fi, Computer center(s), Online educational resources, Digital literacy/skils training",County-wide or across multiple counties,San Diego,,In-Person,No,Yes,all,"English, telephone translation services avaialble in most languages","partnership opportunities, information sharing",,,,
San Diego County Libraries - Fallbrook Branch,124 S. Mission Rd.,"Fallbrook, CA",,92028,(760) 731-4650,,sdcl.org,Branch Manager,,fallbrooklibrary@sdcounty.ca.gov,Library,"Public Wi-Fi, Computer center(s), Online educational resources, Digital literacy/skils training",County-wide or across multiple counties,San Diego,,In-Person,No,Yes,all,"English, telephone translation services avaialble in most languages","partnership opportunities, information sharing",,,,
San Diego County Libraries - Fletcher Hills Branch,576 Garfield Ave.,"El Cajon, CA ",,92020,(619) 466-1132,,sdcl.org,Branch Manager,,fletcherhillslibrary@sdcounty.ca.gov,Library,"Public Wi-Fi, Computer center(s), Online educational resources, Digital literacy/skils training",County-wide or across multiple counties,San Diego,,In-Person,No,Yes,all,"English, telephone translation services avaialble in most languages","partnership opportunities, information sharing",,,,
San Diego County Libraries - Imperial Beach Branch,810 Imperial Beach Blvd.,"Imperial Beach, CA ",,91932,(619) 424-6981,,sdcl.org,Branch Manager,,imperialbeachlibrary@sdcounty.ca.gov,Library,"Public Wi-Fi, Computer center(s), Online educational resources, Digital literacy/skils training",County-wide or across multiple counties,San Diego,,In-Person,No,Yes,all,"English, telephone translation services avaialble in most languages","partnership opportunities, information sharing",,,,
San Diego County Libraries - Jacumba Branch,44605 Old Hwy. 80,"Jacumba, CA",,91934,(619) 766-4608,,sdcl.org,Branch Manager,,jacumbalibrary@sdcounty.ca.gov,Library,"Public Wi-Fi, Computer center(s), Online educational resources, Digital literacy/skils training",County-wide or across multiple counties,San Diego,,In-Person,No,Yes,all,"English, telephone translation services avaialble in most languages","partnership opportunities, information sharing",,,,
San Diego County Libraries - Julian Branch,1850 Highway 78,"Julian, CA",,92036,(760) 765-0370,,sdcl.org,Branch Manager,,julianlibrary@sdcounty.ca.gov,Library,"Public Wi-Fi, Computer center(s), Online educational resources, Digital literacy/skils training",County-wide or across multiple counties,San Diego,,In-Person,No,Yes,all,"English, telephone translation services avaialble in most languages","partnership opportunities, information sharing",,,,
San Diego County Libraries - La Mesa Branch,8074 Allison Avenue,"La Mesa, CA",,91942,(619) 469-2151,,sdcl.org,Branch Manager,,lamesalibrary@sdcounty.ca.gov,Library,"Public Wi-Fi, Computer center(s), Online educational resources, Digital literacy/skils training",County-wide or across multiple counties,San Diego,,In-Person,No,Yes,all,"English, telephone translation services avaialble in most languages","partnership opportunities, information sharing",,,,
San Diego County Libraries - Lakeside Branch,12428  Woodside Ave,"Lakeside, CA",,92040,(619) 443-1811,,sdcl.org,Branch Manager,,lakesidelibrary@sdcounty.ca.gov,Library,"Public Wi-Fi, Computer center(s), Online educational resources, Digital literacy/skils training",County-wide or across multiple counties,San Diego,,In-Person,No,Yes,all,"English, telephone translation services avaialble in most languages","partnership opportunities, information sharing",,,,
San Diego County Libraries - Lemon Grove Branch,3001 School Ln.,"Lemon Grove, CA",,91945,(619) 463-9819,,sdcl.org,Branch Manager,,lemongrovelibrary@sdcounty.ca.gov,Library,"Public Wi-Fi, Computer center(s), Online educational resources, Digital literacy/skils training",County-wide or across multiple counties,San Diego,,In-Person,No,Yes,all,"English, telephone translation services avaialble in most languages","partnership opportunities, information sharing",,,,
San Diego County Libraries - Lincoln Acres Branch,2725 Granger Ave.,"National City, CA",,91950,(619) 475-9880,,sdcl.org,Branch Manager,,lincolnacreslibrary@sdcounty.ca.gov,Library,"Public Wi-Fi, Computer center(s), Online educational resources, Digital literacy/skils training",County-wide or across multiple counties,San Diego,,In-Person,No,Yes,all,"English, telephone translation services avaialble in most languages","partnership opportunities, information sharing",,,,
San Diego County Libraries - Pine Valley Branch,28804 Old Hwy. 80,"Pine Valley, CA",,91962,(619) 473-8022,,sdcl.org,Branch Manager,,pinevalleylibrary@sdcounty.ca.gov,Library,"Public Wi-Fi, Computer center(s), Online educational resources, Digital literacy/skils training",County-wide or across multiple counties,San Diego,,In-Person,No,Yes,all,"English, telephone translation services avaialble in most languages","partnership opportunities, information sharing",,,,
San Diego County Libraries - Potrero Branch,24883 Potrero Valley Rd.,"Potrero, CA",,91963,(619) 478-5978,,sdcl.org,Branch Manager,,potrerolibrary@sdcounty.ca.gov,Library,"Public Wi-Fi, Computer center(s), Online educational resources, Digital literacy/skils training",County-wide or across multiple counties,San Diego,,In-Person,No,Yes,all,"English, telephone translation services avaialble in most languages","partnership opportunities, information sharing",,,,
San Diego County Libraries - Poway Branch,13137 Poway Rd,"Poway, CA",,92064,(858) 513-2900,,sdcl.org,Branch Manager,,powaylibrary@sdcounty.ca.gov,Library,"Public Wi-Fi, Computer center(s), Online educational resources, Digital literacy/skils training",County-wide or across multiple counties,San Diego,,In-Person,No,Yes,all,"English, telephone translation services avaialble in most languages","partnership opportunities, information sharing",,,,
San Diego County Libraries - Ramona Branch,1275 Main Street,"Ramona, CA",,92065,(760) 788-5270,,sdcl.org,Branch Manager,,ramonalibrary@sdcounty.ca.gov,Library,"Public Wi-Fi, Computer center(s), Online educational resources, Digital literacy/skils training",County-wide or across multiple counties,San Diego,,In-Person,No,Yes,all,"English, telephone translation services avaialble in most languages","partnership opportunities, information sharing",,,,
San Diego County Libraries - Rancho San Diego Branch,11555 Via Rancho San Diego,"El Cajon, CA",,92019,(619) 660-5370,,sdcl.org,Branch Manager,,ranchosandiegolibrary@sdcounty.ca.gov,Library,"Public Wi-Fi, Computer center(s), Online educational resources, Digital literacy/skils training",County-wide or across multiple counties,San Diego,,In-Person,No,Yes,all,"English, telephone translation services avaialble in most languages","partnership opportunities, information sharing",,,,
San Diego County Libraries - Rancho Santa Fe Branch,17040 Avenida de Acacias,"Rancho Santa Fe, CA",,92067,(858) 756-2512,,sdcl.org,Branch Manager,,ranchosantafelibrary@sdcounty.ca.gov,Library,"Public Wi-Fi, Computer center(s), Online educational resources, Digital literacy/skils training",County-wide or across multiple counties,San Diego,,In-Person,No,Yes,all,"English, telephone translation services avaialble in most languages","partnership opportunities, information sharing",,,,
San Diego County Libraries - San Marcos Branch,2 Civic Center Drive,"San Marcos, CA",,92069,(760) 891-3000,,sdcl.org,Branch Manager,,sanmarcoslibrary@sdcounty.ca.gov,Library,"Public Wi-Fi, Computer center(s), Online educational resources, Digital literacy/skils training",County-wide or across multiple counties,San Diego,,In-Person,No,Yes,all,"English, telephone translation services avaialble in most languages","partnership opportunities, information sharing",,,,
San Diego County Libraries - Santee Branch,9225 Carlton Hills Blvd. #17,"Santee, CA",,92071,(619) 448-1863,,sdcl.org,Branch Manager,,santeelibrary@sdcounty.ca.gov,Library,"Public Wi-Fi, Computer center(s), Online educational resources, Digital literacy/skils training",County-wide or across multiple counties,San Diego,,In-Person,No,Yes,all,"English, telephone translation services avaialble in most languages","partnership opportunities, information sharing",,,,
San Diego County Libraries - Solana Beach Branch Earl Warren Middle School,157 Stevens Ave.,"Solana Beach, CA",,92075,(858) 755-1404,,sdcl.org,Branch Manager,,solanabeachlibrary@sdcounty.ca.gov,Library,"Public Wi-Fi, Computer center(s), Online educational resources, Digital literacy/skils training",County-wide or across multiple counties,San Diego,,In-Person,No,Yes,all,"English, telephone translation services avaialble in most languages","partnership opportunities, information sharing",,,,
San Diego County Libraries - Spring Valley Branch,836 Kempton St.,"Spring Valley, CA",,91977,(619) 463-3006,,sdcl.org,Branch Manager,,springvalleylibrary@sdcounty.ca.gov,Library,"Public Wi-Fi, Computer center(s), Online educational resources, Digital literacy/skils training",County-wide or across multiple counties,San Diego,,In-Person,No,Yes,all,"English, telephone translation services avaialble in most languages","partnership opportunities, information sharing",,,,
San Diego County Libraries - Valley Center Branch,29200 Cole Grade Rd.,"Valley Center, CA",,92082,(760) 749-1305,,sdcl.org,Branch Manager,,valleycenterlibrary@sdcounty.ca.gov,Library,"Public Wi-Fi, Computer center(s), Online educational resources, Digital literacy/skils training",County-wide or across multiple counties,San Diego,,In-Person,No,Yes,all,"English, telephone translation services avaialble in most languages","partnership opportunities, information sharing",,,,
San Diego County Libraries - Vista Branch,700 Eucalyptus Ave.,"Vista, CA",,92084, (760) 643-510,,sdcl.org,Branch Manager,,vistalibrary@sdcounty.ca.gov,Library,"Public Wi-Fi, Computer center(s), Online educational resources, Digital literacy/skils training",County-wide or across multiple counties,San Diego,,In-Person,No,Yes,all,"English, telephone translation services avaialble in most languages","partnership opportunities, information sharing",,,,
San Francisco Senior Center/Aquatic Park ,890 Beach Street          ,San Francisco,CA,94109,415-775-1866,M-F 9:30 - 3:30,https://www.sfhsa.org/services/disability-aging/community-activities/sf-connected/sf-connected-locations,DAS-OCP SF Connected,DAS OCP /SF Connected Program Team,"""SFConnected,  (HSA) (DSS)"" <sfconnected@sfgov.org>",Other: SF Connected Technology Lab hosted at non-Governmental Organization sites,Public Wi-Fi and Computer center,City-wide or across multiple cities,San Francisco,San Francisco,In-Person,No,Yes,"Aging Individuals (Age 60+),Veterans Individuals with Disabilities , Individuals with Language Barriers (Limited English Proficiency individuals, etc.), Ethnic or Minority Communities","Other- SF Connected computer- interface languages (Chinese, English, Russian, Spanish, Vietnamese)
",Partnership opportunities,,,,
San Francisco Senior Center/Downtown ,481 O’Farrell Street ,San Francisco,CA,94102,415-771-7950,M-F 10:00 - 3:00,https://www.sfhsa.org/services/disability-aging/community-activities/sf-connected/sf-connected-locations,DAS-OCP SF Connected,DAS OCP /SF Connected Program Team,"""SFConnected,  (HSA) (DSS)"" <sfconnected@sfgov.org>",Other: SF Connected Technology Lab hosted at non-Governmental Organization sites,Public Wi-Fi and Computer center,City-wide or across multiple cities,San Francisco,San Francisco,In-Person,No,Yes,"Aging Individuals (Age 60+),Veterans Individuals with Disabilities , Individuals with Language Barriers (Limited English Proficiency individuals, etc.), Ethnic or Minority Communities","Other- SF Connected computer- interface languages (Chinese, English, Russian, Spanish, Vietnamese)
",Partnership opportunities,,,,
San José Public Library -Almaden Branch,6445 Camden Avenue,San José,CA,95120,(408) 808-3040,Mon 2–6pm; Tue–Thu 10am–7pm; Fri 2–6pm; Sat 10am–6pm; Sun Closed,"https://www.sjpl.org/
https://www.sjpl.org/sjaccess/",Ann Grabowski,Deputy Director of Public Services,Ann.Grabowski@sjlibrary.org,City Government/Library,"Locating low-cost internet service programs, Digital navigation (in-person or virtual/call center), Digital literacy & skills training, Technical support, Public Wi-Fi, Computer center(s), Online educational resources, Workforce development resources",City-wide or across multiple cities,Santa Clara,San José,Both,No,Yes,"Aging Inviduals, Veterans, Individuals with Disabilities, Individuals with Language Barriers (Limited English Proficiency individuals, etc.), Ethnic or Minority Communities, Other (LGBTQ+)","English, Spanish, Tagalog, Mandarin, Vietnamese, and additional languages based on client needs at each Tech Hub","Partnership opportunities, Information sharing",,,,
San José Public Library -Alviso Branch,5050 N 1st St,San José,CA,95002,(408) 808-3052,Mon 2–6pm; Tue–Thu 10am–7pm; Fri 2–6pm; Sat 10am–6pm; Sun 12–5pm,"https://www.sjpl.org/
https://www.sjpl.org/sjaccess/",Ann Grabowski,Deputy Director of Public Services,Ann.Grabowski@sjlibrary.org,City Government/Library,"Locating low-cost internet service programs, Digital navigation (in-person or virtual/call center), Digital literacy & skills training, Technical support, Public Wi-Fi, Computer center(s), Online educational resources, Workforce development resources",City-wide or across multiple cities,Santa Clara,San José,Both,No,Yes,"Aging Inviduals, Veterans, Individuals with Disabilities, Individuals with Language Barriers (Limited English Proficiency individuals, etc.), Ethnic or Minority Communities, Other (LGBTQ+)","English, Spanish, Tagalog, Mandarin, Vietnamese, and additional languages based on client needs at each Tech Hub","Partnership opportunities, Information sharing",,,,
San José Public Library -Bascom Branch,1000 South Bascom Avenue,San José,CA,95128,(408) 808-3077,Mon 1–7pm; Tue–Thu 10am–7pm; Fri 12–6pm; Sat 10am–6pm; Sun 12–5pm,"https://www.sjpl.org/
https://www.sjpl.org/sjaccess/",Ann Grabowski,Deputy Director of Public Services,Ann.Grabowski@sjlibrary.org,City Government/Library,"Locating low-cost internet service programs, Digital navigation (in-person or virtual/call center), Digital literacy & skills training, Technical support, Public Wi-Fi, Computer center(s), Online educational resources, Workforce development resources",City-wide or across multiple cities,Santa Clara,San José,Both,No,Yes,"Aging Inviduals, Veterans, Individuals with Disabilities, Individuals with Language Barriers (Limited English Proficiency individuals, etc.), Ethnic or Minority Communities, Other (LGBTQ+)","English, Spanish, Tagalog, Mandarin, Vietnamese, and additional languages based on client needs at each Tech Hub","Partnership opportunities, Information sharing",,,,
San José Public Library -Berryessa Branch,3355 Noble Avenue,San José,CA,95132,(408) 808-3050,Mon 2–6pm; Tue–Thu 10am–7pm; Fri 2–6pm; Sat 10am–6pm; Sun 12–5pm,"https://www.sjpl.org/
https://www.sjpl.org/sjaccess/",Ann Grabowski,Deputy Director of Public Services,Ann.Grabowski@sjlibrary.org,City Government/Library,"Locating low-cost internet service programs, Digital navigation (in-person or virtual/call center), Digital literacy & skills training, Technical support, Public Wi-Fi, Computer center(s), Online educational resources, Workforce development resources",City-wide or across multiple cities,Santa Clara,San José,Both,No,Yes,"Aging Inviduals, Veterans, Individuals with Disabilities, Individuals with Language Barriers (Limited English Proficiency individuals, etc.), Ethnic or Minority Communities, Other (LGBTQ+)","English, Spanish, Tagalog, Mandarin, Vietnamese, and additional languages based on client needs at each Tech Hub","Partnership opportunities, Information sharing",,,,
San José Public Library -Biblioteca Latinoamericana Branch,921 South 1st Street,San José,CA,95110,(408) 294-1237,Mon 2–6pm; Tue–Thu 10am–7pm; Fri 2–6pm; Sat 10am–6pm; Sun 12–5pm,"https://www.sjpl.org/
https://www.sjpl.org/sjaccess/",Ann Grabowski,Deputy Director of Public Services,Ann.Grabowski@sjlibrary.org,City Government/Library,"Locating low-cost internet service programs, Digital navigation (in-person or virtual/call center), Digital literacy & skills training, Technical support, Public Wi-Fi, Computer center(s), Online educational resources, Workforce development resources",City-wide or across multiple cities,Santa Clara,San José,Both,No,Yes,"Aging Inviduals, Veterans, Individuals with Disabilities, Individuals with Language Barriers (Limited English Proficiency individuals, etc.), Ethnic or Minority Communities, Other (LGBTQ+)","English, Spanish, Tagalog, Mandarin, Vietnamese, and additional languages based on client needs at each Tech Hub","Partnership opportunities, Information sharing",,,,
San José Public Library -Calabazas Branch,1230 South Blaney Avenue,San José,CA,95129,(408) 808-3066,Mon 2–6pm; Tue–Thu 10am–7pm; Fri 2–6pm; Sat 10am–6pm; Sun Closed,"https://www.sjpl.org/
https://www.sjpl.org/sjaccess/",Ann Grabowski,Deputy Director of Public Services,Ann.Grabowski@sjlibrary.org,City Government/Library,"Locating low-cost internet service programs, Digital navigation (in-person or virtual/call center), Digital literacy & skills training, Technical support, Public Wi-Fi, Computer center(s), Online educational resources, Workforce development resources",City-wide or across multiple cities,Santa Clara,San José,Both,No,Yes,"Aging Inviduals, Veterans, Individuals with Disabilities, Individuals with Language Barriers (Limited English Proficiency individuals, etc.), Ethnic or Minority Communities, Other (LGBTQ+)","English, Spanish, Tagalog, Mandarin, Vietnamese, and additional languages based on client needs at each Tech Hub","Partnership opportunities, Information sharing",,,,
San José Public Library -Cambrian Branch,1780 Hillsdale Avenue,San José,CA,95124,(408) 808-3080,Mon 2–6pm; Tue–Thu 10am–7pm; Fri 2–6pm; Sat 10am–6pm; Sun 12–5pm,"https://www.sjpl.org/
https://www.sjpl.org/sjaccess/",Ann Grabowski,Deputy Director of Public Services,Ann.Grabowski@sjlibrary.org,City Government/Library,"Locating low-cost internet service programs, Digital navigation (in-person or virtual/call center), Digital literacy & skills training, Technical support, Public Wi-Fi, Computer center(s), Online educational resources, Workforce development resources",City-wide or across multiple cities,Santa Clara,San José,Both,No,Yes,"Aging Inviduals, Veterans, Individuals with Disabilities, Individuals with Language Barriers (Limited English Proficiency individuals, etc.), Ethnic or Minority Communities, Other (LGBTQ+)","English, Spanish, Tagalog, Mandarin, Vietnamese, and additional languages based on client needs at each Tech Hub","Partnership opportunities, Information sharing",,,,
San José Public Library -Dr. Roberto Cruz Alum Rock Branch,3090 Alum Rock Avenue,San José,CA,95127,(408) 808-3090,Mon 1–7pm; Tue–Thu 10am–7pm; Fri 12–6pm; Sat 10am–6pm; Sun 12–5pm,"https://www.sjpl.org/
https://www.sjpl.org/sjaccess/",Ann Grabowski,Deputy Director of Public Services,Ann.Grabowski@sjlibrary.org,City Government/Library,"Locating low-cost internet service programs, Digital navigation (in-person or virtual/call center), Digital literacy & skills training, Technical support, Public Wi-Fi, Computer center(s), Online educational resources, Workforce development resources",City-wide or across multiple cities,Santa Clara,San José,Both,No,Yes,"Aging Inviduals, Veterans, Individuals with Disabilities, Individuals with Language Barriers (Limited English Proficiency individuals, etc.), Ethnic or Minority Communities, Other (LGBTQ+)","English, Spanish, Tagalog, Mandarin, Vietnamese, and additional languages based on client needs at each Tech Hub","Partnership opportunities, Information sharing",,,,
San José Public Library -East San José Carnegie Branch,1102 East Santa Clara Street,San José,CA,95116,(408) 808-3075,Mon 2–6pm; Tue–Thu 10am–7pm; Fri 2–6pm; Sat 10am–6pm; Sun 12–5pm,"https://www.sjpl.org/
https://www.sjpl.org/sjaccess/",Ann Grabowski,Deputy Director of Public Services,Ann.Grabowski@sjlibrary.org,City Government/Library,"Locating low-cost internet service programs, Digital navigation (in-person or virtual/call center), Digital literacy & skills training, Technical support, Public Wi-Fi, Computer center(s), Online educational resources, Workforce development resources",City-wide or across multiple cities,Santa Clara,San José,Both,No,Yes,"Aging Inviduals, Veterans, Individuals with Disabilities, Individuals with Language Barriers (Limited English Proficiency individuals, etc.), Ethnic or Minority Communities, Other (LGBTQ+)","English, Spanish, Tagalog, Mandarin, Vietnamese, and additional languages based on client needs at each Tech Hub","Partnership opportunities, Information sharing",,,,
San José Public Library -Edenvale Branch,101 Branham Lane East,San José,CA,95111,(408) 808-3036,Mon 1–7pm; Tue–Thu 10am–7pm; Fri 12–6pm; Sat 10am–6pm; Sun 12–5pm,"https://www.sjpl.org/
https://www.sjpl.org/sjaccess/",Ann Grabowski,Deputy Director of Public Services,Ann.Grabowski@sjlibrary.org,City Government/Library,"Locating low-cost internet service programs, Digital navigation (in-person or virtual/call center), Digital literacy & skills training, Technical support, Public Wi-Fi, Computer center(s), Online educational resources, Workforce development resources",City-wide or across multiple cities,Santa Clara,San José,Both,No,Yes,"Aging Inviduals, Veterans, Individuals with Disabilities, Individuals with Language Barriers (Limited English Proficiency individuals, etc.), Ethnic or Minority Communities, Other (LGBTQ+)","English, Spanish, Tagalog, Mandarin, Vietnamese, and additional languages based on client needs at each Tech Hub","Partnership opportunities, Information sharing",,,,
San José Public Library -Educational Park Branch,1772 Educational Park Drive,San José,CA,95133,(408) 808-3073,Mon 1–7pm; Tue–Thu 10am–7pm; Fri 12–6pm; Sat 10am–6pm; Sun 12–5pm,"https://www.sjpl.org/
https://www.sjpl.org/sjaccess/",Ann Grabowski,Deputy Director of Public Services,Ann.Grabowski@sjlibrary.org,City Government/Library,"Locating low-cost internet service programs, Digital navigation (in-person or virtual/call center), Digital literacy & skills training, Technical support, Public Wi-Fi, Computer center(s), Online educational resources, Workforce development resources",City-wide or across multiple cities,Santa Clara,San José,Both,No,Yes,"Aging Inviduals, Veterans, Individuals with Disabilities, Individuals with Language Barriers (Limited English Proficiency individuals, etc.), Ethnic or Minority Communities, Other (LGBTQ+)","English, Spanish, Tagalog, Mandarin, Vietnamese, and additional languages based on client needs at each Tech Hub","Partnership opportunities, Information sharing",,,,
San José Public Library -Evergreen Branch,2635 Aborn Road,San José,CA,95121,(408) 808-3060,Mon 1–7pm; Tue–Thu 10am–7pm; Fri 12–6pm; Sat 10am–6pm; Sun 12–5pm,"https://www.sjpl.org/
https://www.sjpl.org/sjaccess/",Ann Grabowski,Deputy Director of Public Services,Ann.Grabowski@sjlibrary.org,City Government/Library,"Locating low-cost internet service programs, Digital navigation (in-person or virtual/call center), Digital literacy & skills training, Technical support, Public Wi-Fi, Computer center(s), Online educational resources, Workforce development resources",City-wide or across multiple cities,Santa Clara,San José,Both,No,Yes,"Aging Inviduals, Veterans, Individuals with Disabilities, Individuals with Language Barriers (Limited English Proficiency individuals, etc.), Ethnic or Minority Communities, Other (LGBTQ+)","English, Spanish, Tagalog, Mandarin, Vietnamese, and additional languages based on client needs at each Tech Hub","Partnership opportunities, Information sharing",,,,
San José Public Library -Hillview Branch,1600 Hopkins Drive,San José,CA,95122,(408) 808-3033,Mon 1–7pm; Tue–Thu 10am–7pm; Fri 12–6pm; Sat 10am–6pm; Sun 12–5pm,"https://www.sjpl.org/
https://www.sjpl.org/sjaccess/",Ann Grabowski,Deputy Director of Public Services,Ann.Grabowski@sjlibrary.org,City Government/Library,"Locating low-cost internet service programs, Digital navigation (in-person or virtual/call center), Digital literacy & skills training, Technical support, Public Wi-Fi, Computer center(s), Online educational resources, Workforce development resources",City-wide or across multiple cities,Santa Clara,San José,Both,No,Yes,"Aging Inviduals, Veterans, Individuals with Disabilities, Individuals with Language Barriers (Limited English Proficiency individuals, etc.), Ethnic or Minority Communities, Other (LGBTQ+)","English, Spanish, Tagalog, Mandarin, Vietnamese, and additional languages based on client needs at each Tech Hub","Partnership opportunities, Information sharing",,,,
San José Public Library -Joyce Ellington Branch,491 East Empire Street,San José,CA,95112,(408) 808-3043,Mon 1–7pm; Tue–Thu 10am–7pm; Fri 12–6pm; Sat 10am–6pm; Sun 12–5pm,"https://www.sjpl.org/
https://www.sjpl.org/sjaccess/",Ann Grabowski,Deputy Director of Public Services,Ann.Grabowski@sjlibrary.org,City Government/Library,"Locating low-cost internet service programs, Digital navigation (in-person or virtual/call center), Digital literacy & skills training, Technical support, Public Wi-Fi, Computer center(s), Online educational resources, Workforce development resources",City-wide or across multiple cities,Santa Clara,San José,Both,No,Yes,"Aging Inviduals, Veterans, Individuals with Disabilities, Individuals with Language Barriers (Limited English Proficiency individuals, etc.), Ethnic or Minority Communities, Other (LGBTQ+)","English, Spanish, Tagalog, Mandarin, Vietnamese, and additional languages based on client needs at each Tech Hub","Partnership opportunities, Information sharing",,,,
San José Public Library -Mt. Pleasant Neighborhood,3411 Rocky Mountain Drive,San José,CA,95127,(408) 808-3088,Mon–Thu 9am–1pm; Fri 2–6pm; Sat 10am–2pm; Sun Closed,"https://www.sjpl.org/
https://www.sjpl.org/sjaccess/",Ann Grabowski,Deputy Director of Public Services,Ann.Grabowski@sjlibrary.org,City Government/Library,"Locating low-cost internet service programs, Digital navigation (in-person or virtual/call center), Digital literacy & skills training, Technical support, Public Wi-Fi, Computer center(s), Online educational resources, Workforce development resources",City-wide or across multiple cities,Santa Clara,San José,Both,No,Yes,"Aging Inviduals, Veterans, Individuals with Disabilities, Individuals with Language Barriers (Limited English Proficiency individuals, etc.), Ethnic or Minority Communities, Other (LGBTQ+)","English, Spanish, Tagalog, Mandarin, Vietnamese, and additional languages based on client needs at each Tech Hub","Partnership opportunities, Information sharing",,,,
San José Public Library -Pearl Avenue Branch,4270 Pearl Avenue,San José,CA,95136,(408) 808-3053,Mon 2–6pm; Tue–Thu 10am–7pm; Fri 2–6pm; Sat 10am–6pm; Sun Closed,"https://www.sjpl.org/
https://www.sjpl.org/sjaccess/",Ann Grabowski,Deputy Director of Public Services,Ann.Grabowski@sjlibrary.org,City Government/Library,"Locating low-cost internet service programs, Digital navigation (in-person or virtual/call center), Digital literacy & skills training, Technical support, Public Wi-Fi, Computer center(s), Online educational resources, Workforce development resources",City-wide or across multiple cities,Santa Clara,San José,Both,No,Yes,"Aging Inviduals, Veterans, Individuals with Disabilities, Individuals with Language Barriers (Limited English Proficiency individuals, etc.), Ethnic or Minority Communities, Other (LGBTQ+)","English, Spanish, Tagalog, Mandarin, Vietnamese, and additional languages based on client needs at each Tech Hub","Partnership opportunities, Information sharing",,,,
San José Public Library -Rose Garden Branch,1580 Naglee Avenue,San José,CA,95126,(408) 808-3070,Mon 2–6pm; Tue–Thu 10am–7pm; Fri 2–6pm; Sat 10am–6pm; Sun Closed,"https://www.sjpl.org/
https://www.sjpl.org/sjaccess/",Ann Grabowski,Deputy Director of Public Services,Ann.Grabowski@sjlibrary.org,City Government/Library,"Locating low-cost internet service programs, Digital navigation (in-person or virtual/call center), Digital literacy & skills training, Technical support, Public Wi-Fi, Computer center(s), Online educational resources, Workforce development resources",City-wide or across multiple cities,Santa Clara,San José,Both,No,Yes,"Aging Inviduals, Veterans, Individuals with Disabilities, Individuals with Language Barriers (Limited English Proficiency individuals, etc.), Ethnic or Minority Communities, Other (LGBTQ+)","English, Spanish, Tagalog, Mandarin, Vietnamese, and additional languages based on client needs at each Tech Hub","Partnership opportunities, Information sharing",,,,
San José Public Library -Santa Teresa Branch,290 International Circle,San José,CA,95119,(408) 808-3068,Mon 2–6pm; Tue–Thu 10am–7pm; Fri 2–6pm; Sat 10am–6pm; Sun Closed,"https://www.sjpl.org/
https://www.sjpl.org/sjaccess/",Ann Grabowski,Deputy Director of Public Services,Ann.Grabowski@sjlibrary.org,City Government/Library,"Locating low-cost internet service programs, Digital navigation (in-person or virtual/call center), Digital literacy & skills training, Technical support, Public Wi-Fi, Computer center(s), Online educational resources, Workforce development resources",City-wide or across multiple cities,Santa Clara,San José,Both,No,Yes,"Aging Inviduals, Veterans, Individuals with Disabilities, Individuals with Language Barriers (Limited English Proficiency individuals, etc.), Ethnic or Minority Communities, Other (LGBTQ+)","English, Spanish, Tagalog, Mandarin, Vietnamese, and additional languages based on client needs at each Tech Hub","Partnership opportunities, Information sharing",,,,
San José Public Library -Seven Trees Branch,3590 Cas Drive,San José,CA,95111,(408) 808-3056,Mon 1–7pm; Tue–Thu 10am–7pm; Fri 12–6pm; Sat 10am–6pm; Sun 12–5pm,"https://www.sjpl.org/
https://www.sjpl.org/sjaccess/",Ann Grabowski,Deputy Director of Public Services,Ann.Grabowski@sjlibrary.org,City Government/Library,"Locating low-cost internet service programs, Digital navigation (in-person or virtual/call center), Digital literacy & skills training, Technical support, Public Wi-Fi, Computer center(s), Online educational resources, Workforce development resources",City-wide or across multiple cities,Santa Clara,San José,Both,No,Yes,"Aging Inviduals, Veterans, Individuals with Disabilities, Individuals with Language Barriers (Limited English Proficiency individuals, etc.), Ethnic or Minority Communities, Other (LGBTQ+)","English, Spanish, Tagalog, Mandarin, Vietnamese, and additional languages based on client needs at each Tech Hub","Partnership opportunities, Information sharing",,,,
San José Public Library -Tully Community Branch,880 Tully Road,San José,CA,95111,(408) 808-3030,Mon 1–7pm; Tue–Thu 10am–7pm; Fri 12–6pm; Sat 10am–6pm; Sun 12–5pm,"https://www.sjpl.org/
https://www.sjpl.org/sjaccess/",Ann Grabowski,Deputy Director of Public Services,Ann.Grabowski@sjlibrary.org,City Government/Library,"Locating low-cost internet service programs, Digital navigation (in-person or virtual/call center), Digital literacy & skills training, Technical support, Public Wi-Fi, Computer center(s), Online educational resources, Workforce development resources",City-wide or across multiple cities,Santa Clara,San José,Both,No,Yes,"Aging Inviduals, Veterans, Individuals with Disabilities, Individuals with Language Barriers (Limited English Proficiency individuals, etc.), Ethnic or Minority Communities, Other (LGBTQ+)","English, Spanish, Tagalog, Mandarin, Vietnamese, and additional languages based on client needs at each Tech Hub","Partnership opportunities, Information sharing",,,,
San José Public Library -Village Square Branch,4001 Evergreen Village Square,San José,CA,95135,(408) 808-3093,Mon 2–6pm; Tue–Thu 10am–7pm; Fri 2–6pm; Sat 10am–6pm; Sun Closed,"https://www.sjpl.org/
https://www.sjpl.org/sjaccess/",Ann Grabowski,Deputy Director of Public Services,Ann.Grabowski@sjlibrary.org,City Government/Library,"Locating low-cost internet service programs, Digital navigation (in-person or virtual/call center), Digital literacy & skills training, Technical support, Public Wi-Fi, Computer center(s), Online educational resources, Workforce development resources",City-wide or across multiple cities,Santa Clara,San José,Both,No,Yes,"Aging Inviduals, Veterans, Individuals with Disabilities, Individuals with Language Barriers (Limited English Proficiency individuals, etc.), Ethnic or Minority Communities, Other (LGBTQ+)","English, Spanish, Tagalog, Mandarin, Vietnamese, and additional languages based on client needs at each Tech Hub","Partnership opportunities, Information sharing",,,,
San José Public Library -Vineland Branch,1450 Blossom Hill Road,San José,CA,95118,(408) 808-3000,Mon 2–6pm; Tue–Thu 10am–7pm; Fri 2–6pm; Sat 10am–6pm; Sun 12–5pm,"https://www.sjpl.org/
https://www.sjpl.org/sjaccess/",Ann Grabowski,Deputy Director of Public Services,Ann.Grabowski@sjlibrary.org,City Government/Library,"Locating low-cost internet service programs, Digital navigation (in-person or virtual/call center), Digital literacy & skills training, Technical support, Public Wi-Fi, Computer center(s), Online educational resources, Workforce development resources",City-wide or across multiple cities,Santa Clara,San José,Both,No,Yes,"Aging Inviduals, Veterans, Individuals with Disabilities, Individuals with Language Barriers (Limited English Proficiency individuals, etc.), Ethnic or Minority Communities, Other (LGBTQ+)","English, Spanish, Tagalog, Mandarin, Vietnamese, and additional languages based on client needs at each Tech Hub","Partnership opportunities, Information sharing",,,,
San José Public Library -West Valley Branch,1243 San Tomas Aquino Road,San José,CA,95117,(408) 244-4747,Mon 1–7pm; Tue–Thu 10am–7pm; Fri 12–6pm; Sat 10am–6pm; Sun 12–5pm,"https://www.sjpl.org/
https://www.sjpl.org/sjaccess/",Ann Grabowski,Deputy Director of Public Services,Ann.Grabowski@sjlibrary.org,City Government/Library,"Locating low-cost internet service programs, Digital navigation (in-person or virtual/call center), Digital literacy & skills training, Technical support, Public Wi-Fi, Computer center(s), Online educational resources, Workforce development resources",City-wide or across multiple cities,Santa Clara,San José,Both,No,Yes,"Aging Inviduals, Veterans, Individuals with Disabilities, Individuals with Language Barriers (Limited English Proficiency individuals, etc.), Ethnic or Minority Communities, Other (LGBTQ+)","English, Spanish, Tagalog, Mandarin, Vietnamese, and additional languages based on client needs at each Tech Hub","Partnership opportunities, Information sharing",,,,
San José Public Library -Willow Glen Branch,1157 Minnesota Avenue,San José,CA,95125,(408) 808-3045,Mon 2–6pm; Tue–Thu 10am–7pm; Fri 2–6pm; Sat 10am–6pm; Sun Closed,"https://www.sjpl.org/
https://www.sjpl.org/sjaccess/",Ann Grabowski,Deputy Director of Public Services,Ann.Grabowski@sjlibrary.org,City Government/Library,"Locating low-cost internet service programs, Digital navigation (in-person or virtual/call center), Digital literacy & skills training, Technical support, Public Wi-Fi, Computer center(s), Online educational resources, Workforce development resources",City-wide or across multiple cities,Santa Clara,San José,Both,No,Yes,"Aging Inviduals, Veterans, Individuals with Disabilities, Individuals with Language Barriers (Limited English Proficiency individuals, etc.), Ethnic or Minority Communities, Other (LGBTQ+)","English, Spanish, Tagalog, Mandarin, Vietnamese, and additional languages based on client needs at each Tech Hub","Partnership opportunities, Information sharing",,,,
"San José Public Library-Dr. Martin Luther King, Jr Branch",150 East San Fernando Street,San José,CA,95112,(408) 808-2000,Mon–Thu 8am–8pm; Fri–Sat 8am–6pm; Sun 1–6pm,"https://www.sjpl.org/
https://www.sjpl.org/sjaccess/",Jill Bourne,City Librarian,Jill.Bourne@sjlibrary.org,City Government/Library,"Locating low-cost internet service programs, Digital navigation (in-person or virtual/call center), Digital literacy & skills training, Technical support, Public Wi-Fi, Computer center(s), Online educational resources, Workforce development resources",City-wide or across multiple cities,Santa Clara,San José,Both,No,Yes,"Aging Inviduals, Veterans, Individuals with Disabilities, Individuals with Language Barriers (Limited English Proficiency individuals, etc.), Ethnic or Minority Communities, Other (LGBTQ+)","English, Spanish, Tagalog, Mandarin, Vietnamese, and additional languages based on client needs at each Tech Hub","Partnership opportunities, Information sharing",,,,
San Luis Obispo Public Library,995 Palm Street,San Luis Obispo,CA,93403,(805) 781-5991,Sunday Closed Monday Closed Tuesday 10:00 AM - 6:00 PM Wednesday 10:00 AM - 6:00 PM Thursday 9:00 AM - 5:00 PM Friday 1:00 PM - 5:00 PM Saturday 9:00 AM - 5:00 PM,https://catalog.slolibrary.org/san-luis-obispo-library,Michael Badalamenti,sanluisobispo@slolibrary.org,ahallmark@slolibrary.org,"Library, County Government, Other, Other, We are a non-profit, Educational Governmental Organization. We are also partnered with CalREN/CENIC for fiber network services to our buildings","Enrollment assistance in low-cost internet service programs, Digital navigation (in-person or virtual/call center), Digital literacy & skills training, Free/Low-cost devices, Free/Low-cost hotspots, Public Wi-Fi, Computer center(s), Online educational resources, Workforce development resources",County-wide or across multiple counties,San Luis Obispo,San Luis Obispo,Both,No,Yes,"Yes, Aging Individuals (Age 60+), Incarcerated Individuals, Veterans, Individuals with Disabilities, Individuals with Language Barriers (Limited English Proficiency individuals, etc.), Ethnic or Minority Communities, Rural Communities","English, Spanish","Train-the-trainer, Partnership opportunities, Collective action, Information sharing",No,,,
San Luis Obispo Public Library - Arroyo Grande Library,800 W. Branch,Arroyo Grande,CA,93420,8054137161,Currently closed for remodel. Temp site hours (limited services): Sunday Closed Monday Closed Tuesday 1:00 PM - 6:00 PM Wednesday 1:00 PM - 6:00 PM Thursday Closed Friday 1:00 PM - 5:00 PM Saturday 1:00 PM - 5:00 PM,https://catalog.slolibrary.org/arroyo-grande-library,Margaret Kensinger-Klopfer,arroyogrande@slolibrary.org,ahallmark@slolibrary.org,"Library, County Government, Other, Other, We are a non-profit, Educational Governmental Organization. We are also partnered with CalREN/CENIC for fiber network services to our buildings","Enrollment assistance in low-cost internet service programs, Digital navigation (in-person or virtual/call center), Digital literacy & skills training, Free/Low-cost devices, Free/Low-cost hotspots, Public Wi-Fi, Computer center(s), Online educational resources, Workforce development resources",County-wide or across multiple counties,San Luis Obispo,Arroyo Grande,Both,No,Yes,"Yes, Aging Individuals (Age 60+), Incarcerated Individuals, Veterans, Individuals with Disabilities, Individuals with Language Barriers (Limited English Proficiency individuals, etc.), Ethnic or Minority Communities, Rural Communities","English, Spanish","Train-the-trainer, Partnership opportunities, Collective action, Information sharing",No,,,
San Luis Obispo Public Library - Atascadero Library,6555 Capistrano Ave,Atascadero,CA,93422,8054616161,Sunday Closed Monday Closed Tuesday 10:00 AM - 6:00 PM Wednesday 10:00 AM - 6:00 PM Thursday 9:00 AM - 5:00 PM Friday 1:00 PM - 5:00 PM Saturday 9:00 AM - 5:00 PM,https://catalog.slolibrary.org/atascadero-library,Tina Baugh,atascadero@slolibrary.org,ahallmark@slolibrary.org,"Library, County Government, Other, Other, We are a non-profit, Educational Governmental Organization. We are also partnered with CalREN/CENIC for fiber network services to our buildings","Enrollment assistance in low-cost internet service programs, Digital navigation (in-person or virtual/call center), Digital literacy & skills training, Free/Low-cost devices, Free/Low-cost hotspots, Public Wi-Fi, Computer center(s), Online educational resources, Workforce development resources",County-wide or across multiple counties,San Luis Obispo,Atascadero,Both,No,Yes,"Yes, Aging Individuals (Age 60+), Incarcerated Individuals, Veterans, Individuals with Disabilities, Individuals with Language Barriers (Limited English Proficiency individuals, etc.), Ethnic or Minority Communities, Rural Communities","English, Spanish","Train-the-trainer, Partnership opportunities, Collective action, Information sharing",No,,,
San Luis Obispo Public Library - Cambria Library,1043 Main St.,Cambria,CA,93428,8059274336,"Sunday Closed; Monday Closed; Tuesday 10:00 AM - 6:00 PM; Wednesday 10:00 AM - 6:00 PM;
Thursday 9:00 AM - 5:00 PM; Friday 1:00 PM - 5:00 PM; Saturday 9:00 AM - 1:00 PM",https://catalog.slolibrary.org/cambria-library,Laura Vazquez,cambria@slolibrary.org,ahallmark@slolibrary.org,"Library, County Government, Other, Other, We are a non-profit, Educational Governmental Organization. We are also partnered with CalREN/CENIC for fiber network services to our buildings","Enrollment assistance in low-cost internet service programs, Digital navigation (in-person or virtual/call center), Digital literacy & skills training, Free/Low-cost devices, Free/Low-cost hotspots, Public Wi-Fi, Computer center(s), Online educational resources, Workforce development resources",County-wide or across multiple counties,San Luis Obispo,Cambria,Both,No,Yes,"Yes, Aging Individuals (Age 60+), Incarcerated Individuals, Veterans, Individuals with Disabilities, Individuals with Language Barriers (Limited English Proficiency individuals, etc.), Ethnic or Minority Communities, Rural Communities","English, Spanish","Train-the-trainer, Partnership opportunities, Collective action, Information sharing",No,,,
San Luis Obispo Public Library - Cayucos Library,310 B St.,Cayucos,CA,93430,8059953312,"Sunday Closed; Monday Closed; Tuesday
9:00 AM - 5:00 PM Closed for lunch 12-1; Wednesday 9:00 AM - 5:00 PM Closed for lunch 12-1; Thursday Closed; Friday Closed; Saturday
9:00 AM - 5:00 PM;",https://catalog.slolibrary.org/cayucos-library,Melanie Tonascia,cayucos@slolibrary.org,ahallmark@slolibrary.org,"Library, County Government, Other, Other, We are a non-profit, Educational Governmental Organization. We are also partnered with CalREN/CENIC for fiber network services to our buildings","Enrollment assistance in low-cost internet service programs, Digital navigation (in-person or virtual/call center), Digital literacy & skills training, Free/Low-cost devices, Free/Low-cost hotspots, Public Wi-Fi, Computer center(s), Online educational resources, Workforce development resources",County-wide or across multiple counties,San Luis Obispo,Cayucos,Both,No,Yes,"Yes, Aging Individuals (Age 60+), Incarcerated Individuals, Veterans, Individuals with Disabilities, Individuals with Language Barriers (Limited English Proficiency individuals, etc.), Ethnic or Minority Communities, Rural Communities","English, Spanish","Train-the-trainer, Partnership opportunities, Collective action, Information sharing",No,,,
San Luis Obispo Public Library - Creston Library,6290 Adams St.,Creston,CA,93432,8052373010,"Sunday Closed; Monday Closed; Tuesday 1:00 PM - 6:00 PM; Wednesday Noon - 5:00 PM; Thursday Noon - 5:00 PM;  Friday
Closed; Saturday Closed;",https://catalog.slolibrary.org/creston-library,Kathleen Saffell,creston@slolibrary.org,ahallmark@slolibrary.org,"Library, County Government, Other, Other, We are a non-profit, Educational Governmental Organization. We are also partnered with CalREN/CENIC for fiber network services to our buildings","Enrollment assistance in low-cost internet service programs, Digital navigation (in-person or virtual/call center), Digital literacy & skills training, Free/Low-cost devices, Free/Low-cost hotspots, Public Wi-Fi, Computer center(s), Online educational resources, Workforce development resources",County-wide or across multiple counties,San Luis Obispo,Creston,Both,No,Yes,"Yes, Aging Individuals (Age 60+), Incarcerated Individuals, Veterans, Individuals with Disabilities, Individuals with Language Barriers (Limited English Proficiency individuals, etc.), Ethnic or Minority Communities, Rural Communities","English, Spanish","Train-the-trainer, Partnership opportunities, Collective action, Information sharing",No,,,
San Luis Obispo Public Library - Los Osos Library,2075 Palisades Ave.,Los Osos,CA,93402,8055281862,Sunday Closed; Monday Closed; Tuesday 10:00 AM - 6:00 PM; Wednesday 10:00 AM - 6:00 PM; Thursday 9:00 AM - 5:00 PM; Friday 1:00 PM - 5:00 PM; Saturday 1:00 PM - 5:00 PM;,https://catalog.slolibrary.org/los-osos-library,Bonnie Richan,lososos@slolibrary.org,ahallmark@slolibrary.org,"Library, County Government, Other, Other, We are a non-profit, Educational Governmental Organization. We are also partnered with CalREN/CENIC for fiber network services to our buildings","Enrollment assistance in low-cost internet service programs, Digital navigation (in-person or virtual/call center), Digital literacy & skills training, Free/Low-cost devices, Free/Low-cost hotspots, Public Wi-Fi, Computer center(s), Online educational resources, Workforce development resources",County-wide or across multiple counties,San Luis Obispo,Los Osos,Both,No,Yes,"Yes, Aging Individuals (Age 60+), Incarcerated Individuals, Veterans, Individuals with Disabilities, Individuals with Language Barriers (Limited English Proficiency individuals, etc.), Ethnic or Minority Communities, Rural Communities","English, Spanish","Train-the-trainer, Partnership opportunities, Collective action, Information sharing",No,,,
San Luis Obispo Public Library - Morro Bay Library,625 Harbor St.,Morro Bay,CA,93442,8057726394,Sunday Closed Monday Closed Tuesday 10:00 AM - 6:00 PM Wednesday 10:00 AM - 6:00 PM Thursday 9:00 AM - 5:00 PM Friday 1:00 PM - 5:00 PM Saturday 9:00 AM - 1:00 PM,https://catalog.slolibrary.org/morro-bay-library,Kristin Nibbe,morrobay@slolibrary.org,ahallmark@slolibrary.org,"Library, County Government, Other, Other, We are a non-profit, Educational Governmental Organization. We are also partnered with CalREN/CENIC for fiber network services to our buildings","Enrollment assistance in low-cost internet service programs, Digital navigation (in-person or virtual/call center), Digital literacy & skills training, Free/Low-cost devices, Free/Low-cost hotspots, Public Wi-Fi, Computer center(s), Online educational resources, Workforce development resources",County-wide or across multiple counties,San Luis Obispo,Morro Bay,Both,No,Yes,"Yes, Aging Individuals (Age 60+), Incarcerated Individuals, Veterans, Individuals with Disabilities, Individuals with Language Barriers (Limited English Proficiency individuals, etc.), Ethnic or Minority Communities, Rural Communities","English, Spanish","Train-the-trainer, Partnership opportunities, Collective action, Information sharing",No,,,
San Luis Obispo Public Library - Nipomo Library,918 West Tefft St.,Nipomo,CA,93444,8059293994,Sunday Closed Monday Closed Tuesday 10:00 AM - 6:00 PM Wednesday 10:00 AM - 6:00 PM Thursday 9:00 AM - 5:00 PM Friday 1:00 PM - 5:00 PM Saturday 9:00 AM - 5:00 PM,https://catalog.slolibrary.org/nipomo-library,Margaret Kensinger-Klopfer,nipomo@slolibrary.org,ahallmark@slolibrary.org,"Library, County Government, Other, Other, We are a non-profit, Educational Governmental Organization. We are also partnered with CalREN/CENIC for fiber network services to our buildings","Enrollment assistance in low-cost internet service programs, Digital navigation (in-person or virtual/call center), Digital literacy & skills training, Free/Low-cost devices, Free/Low-cost hotspots, Public Wi-Fi, Computer center(s), Online educational resources, Workforce development resources",County-wide or across multiple counties,San Luis Obispo,Nipomo,Both,No,Yes,"Yes, Aging Individuals (Age 60+), Incarcerated Individuals, Veterans, Individuals with Disabilities, Individuals with Language Barriers (Limited English Proficiency individuals, etc.), Ethnic or Minority Communities, Rural Communities","English, Spanish","Train-the-trainer, Partnership opportunities, Collective action, Information sharing",No,,,
San Luis Obispo Public Library - Oceano Library,1511 19th St.,Oceano,CA,93445,8054747478,"Sunday Closed;Monday Closed; Tuesday 9:00 AM - 5:00 PM Closed for Lunch 1-2; Wednesday
9:00 AM - 5:00 PM Closed for Lunch 1-2; Thursday 9:00 AM - 5:00 PM Closed for Lunch 1-2; Friday Closed; Saturday Closed;",https://catalog.slolibrary.org/oceano-library,Nancy Sierra,oceano@slolibrary.org,ahallmark@slolibrary.org,"Library, County Government, Other, Other, We are a non-profit, Educational Governmental Organization. We are also partnered with CalREN/CENIC for fiber network services to our buildings","Enrollment assistance in low-cost internet service programs, Digital navigation (in-person or virtual/call center), Digital literacy & skills training, Free/Low-cost devices, Free/Low-cost hotspots, Public Wi-Fi, Computer center(s), Online educational resources, Workforce development resources",County-wide or across multiple counties,San Luis Obispo,Oceano,Both,No,Yes,"Yes, Aging Individuals (Age 60+), Incarcerated Individuals, Veterans, Individuals with Disabilities, Individuals with Language Barriers (Limited English Proficiency individuals, etc.), Ethnic or Minority Communities, Rural Communities","English, Spanish","Train-the-trainer, Partnership opportunities, Collective action, Information sharing",No,,,
San Luis Obispo Public Library - San Miguel Library,254 13th St.,San Miguel,CA,93451,8054673224,Sunday Closed; Monday Closed; Tuesday Closed; Wednesday 1:00 PM - 6:00 PM; Thursday 9:00 AM - 5:00 PM; Friday Closed; Saturday 9:00 AM - 5:00 PM Closed for lunch 12:30-1;,https://catalog.slolibrary.org/san-miguel-library,Maricela Garcia Serrano,sanmiguel@slolibrary.org,ahallmark@slolibrary.org,"Library, County Government, Other, Other, We are a non-profit, Educational Governmental Organization. We are also partnered with CalREN/CENIC for fiber network services to our buildings","Enrollment assistance in low-cost internet service programs, Digital navigation (in-person or virtual/call center), Digital literacy & skills training, Free/Low-cost devices, Free/Low-cost hotspots, Public Wi-Fi, Computer center(s), Online educational resources, Workforce development resources",County-wide or across multiple counties,San Luis Obispo,San Miguel,Both,No,Yes,"Yes, Aging Individuals (Age 60+), Incarcerated Individuals, Veterans, Individuals with Disabilities, Individuals with Language Barriers (Limited English Proficiency individuals, etc.), Ethnic or Minority Communities, Rural Communities","English, Spanish","Train-the-trainer, Partnership opportunities, Collective action, Information sharing",No,,,
San Luis Obispo Public Library - Santa Margarita Library,9630 Murphy Ave.,Santa Margarita,CA,93453,8054385622,"Sunday Closed; Monday Closed; Tuesday
10:00 AM - 6:00 PM Closed for lunch 12:30-1; Wednesday 10:00 AM - 6:00 PM Closed for lunch 12:30-1; Thursday Closed; Friday Closed; Saturday 9:00 AM - 5:00 PM Closed for lunch 12:30-1;",https://catalog.slolibrary.org/santa-margarita-library,Tracey Montelongo,shandon@slolibrary.org,ahallmark@slolibrary.org,"Library, County Government, Other, Other, We are a non-profit, Educational Governmental Organization. We are also partnered with CalREN/CENIC for fiber network services to our buildings","Enrollment assistance in low-cost internet service programs, Digital navigation (in-person or virtual/call center), Digital literacy & skills training, Free/Low-cost devices, Free/Low-cost hotspots, Public Wi-Fi, Computer center(s), Online educational resources, Workforce development resources",County-wide or across multiple counties,San Luis Obispo,Santa Margarita,Both,No,Yes,"Yes, Aging Individuals (Age 60+), Incarcerated Individuals, Veterans, Individuals with Disabilities, Individuals with Language Barriers (Limited English Proficiency individuals, etc.), Ethnic or Minority Communities, Rural Communities","English, Spanish","Train-the-trainer, Partnership opportunities, Collective action, Information sharing",No,,,
San Luis Obispo Public Library - Shandon Library,195 N 2nd St.,Shandon,CA,93461,8052373009,Sunday Closed; Monday Closed; Tuesday 10:00 AM - 6:00 PM Closed for lunch 12:30-1; Wednesday 10:00 AM - 6:00 PM Closed for lunch 12:30-1; Thursday Closed; Friday Closed; Saturday 9:00 AM - 5:00 PM Closed for lunch 12:30-1;,https://catalog.slolibrary.org/shandon-library,Joey Ley,shandon@slolibrary.org,ahallmark@slolibrary.org,"Library, County Government, Other, Other, We are a non-profit, Educational Governmental Organization. We are also partnered with CalREN/CENIC for fiber network services to our buildings","Enrollment assistance in low-cost internet service programs, Digital navigation (in-person or virtual/call center), Digital literacy & skills training, Free/Low-cost devices, Free/Low-cost hotspots, Public Wi-Fi, Computer center(s), Online educational resources, Workforce development resources",County-wide or across multiple counties,San Luis Obispo,Shandon,Both,No,Yes,"Yes, Aging Individuals (Age 60+), Incarcerated Individuals, Veterans, Individuals with Disabilities, Individuals with Language Barriers (Limited English Proficiency individuals, etc.), Ethnic or Minority Communities, Rural Communities","English, Spanish","Train-the-trainer, Partnership opportunities, Collective action, Information sharing",No,,,
San Luis Obispo Public Library - Shell Beach Library,230 Leeward Ave,Shell Beach,CA,93449,8057732263,"Sunday Closed; Monday Closed; Tuesday
10:00 AM - 6:00 PM Closed for lunch 1-2; Wednesday 10:00 AM - 6:00 PM Closed for lunch 1-2; Thursday Closed; Friday Closed; Saturday 9:00 AM - 5:00 PM Closed for lunch 1-2;",https://catalog.slolibrary.org/shell-beach-library,Joshua Tyler,shellbeach@slolibrary.org,ahallmark@slolibrary.org,"Library, County Government, Other, Other, We are a non-profit, Educational Governmental Organization. We are also partnered with CalREN/CENIC for fiber network services to our buildings","Enrollment assistance in low-cost internet service programs, Digital navigation (in-person or virtual/call center), Digital literacy & skills training, Free/Low-cost devices, Free/Low-cost hotspots, Public Wi-Fi, Computer center(s), Online educational resources, Workforce development resources",County-wide or across multiple counties,San Luis Obispo,Shell Beach,Both,No,Yes,"Yes, Aging Individuals (Age 60+), Incarcerated Individuals, Veterans, Individuals with Disabilities, Individuals with Language Barriers (Limited English Proficiency individuals, etc.), Ethnic or Minority Communities, Rural Communities","English, Spanish","Train-the-trainer, Partnership opportunities, Collective action, Information sharing",No,,,
San Mateo County Libraries - Admin Building,125 Lessingia Ct.,San Mateo,CA,94402,833-937-7625,,https://smcl.org,Silvia Urena,IT Manager,urena@smcl.org,Library,"Technical support, Public Wi-Fi, Computer center(s), Online educational resources, Workforce development resources",County-wide or across multiple counties,San Mateo,,Both,No,Yes,"Aging Individuals (Age 60+), Veterans, Individuals with Disabilities, Individuals with Language Barriers (Limited English Proficiency individuals, etc.), Ethnic or Minority Communities","English, Spanish",No,,,,
San Mateo County Libraries - Atherton Library,2 Dinkelspiel Station Lane,Atherton,CA,94027,833-937-7625,,https://smcl.org,Silvia Urena,IT Manager,urena@smcl.org,Library,"Technical support, Public Wi-Fi, Computer center(s), Online educational resources, Workforce development resources",City-wide or across multiple cities,San Mateo,Atherton,Both,No,Yes,"Aging Individuals (Age 60+), Veterans, Individuals with Disabilities, Individuals with Language Barriers (Limited English Proficiency individuals, etc.), Ethnic or Minority Communities","English, Spanish",No,,,,
San Mateo County Libraries - Belmont Library,1110 Alameda de las Pulgas,Belmont,CA,94002,833-937-7626,,https://smcl.org,Silvia Urena,IT Manager,urena@smcl.org,Library,"Technical support, Public Wi-Fi, Computer center(s), Online educational resources, Workforce development resources",City-wide or across multiple cities,San Mateo,Belmont,Both,No,Yes,"Aging Individuals (Age 60+), Veterans, Individuals with Disabilities, Individuals with Language Barriers (Limited English Proficiency individuals, etc.), Ethnic or Minority Communities","English, Spanish",No,,,,
San Mateo County Libraries - Brisbane Library,163 Visitacion Avenue,Brisbane,CA,94005,833-937-7627,,https://smcl.org,Silvia Urena,IT Manager,urena@smcl.org,Library,"Technical support, Public Wi-Fi, Computer center(s), Online educational resources, Workforce development resources",City-wide or across multiple cities,San Mateo,Brisbane,Both,No,Yes,"Aging Individuals (Age 60+), Veterans, Individuals with Disabilities, Individuals with Language Barriers (Limited English Proficiency individuals, etc.), Ethnic or Minority Communities","English, Spanish",No,,,,
San Mateo County Libraries - East Palo Alto Library,2415 University Avenue,East Palo Alto ,CA,94303,833-937-7628,,https://smcl.org,Silvia Urena,IT Manager,urena@smcl.org,Library,"Technical support, Public Wi-Fi, Computer center(s), Online educational resources, Workforce development resources",City-wide or across multiple cities,San Mateo,East Palo Alto ,Both,No,Yes,"Aging Individuals (Age 60+), Veterans, Individuals with Disabilities, Individuals with Language Barriers (Limited English Proficiency individuals, etc.), Ethnic or Minority Communities","English, Spanish",No,,,,
San Mateo County Libraries - Foster City Library,1000 East Hillsdale Boulevard,Foster City,CA,94404,833-937-7629,,https://smcl.org,Silvia Urena,IT Manager,urena@smcl.org,Library,"Technical support, Public Wi-Fi, Computer center(s), Online educational resources, Workforce development resources",City-wide or across multiple cities,San Mateo,Foster City,Both,No,Yes,"Aging Individuals (Age 60+), Veterans, Individuals with Disabilities, Individuals with Language Barriers (Limited English Proficiency individuals, etc.), Ethnic or Minority Communities","English, Spanish",No,,,,
San Mateo County Libraries - Half Moon Bay Library,620 Correas Street,Half Moon Bay,CA,94019,833-937-7630,,https://smcl.org,Silvia Urena,IT Manager,urena@smcl.org,Library,"Technical support, Public Wi-Fi, Computer center(s), Online educational resources, Workforce development resources",City-wide or across multiple cities,San Mateo,Half Moon Bay,Both,No,Yes,"Aging Individuals (Age 60+), Veterans, Individuals with Disabilities, Individuals with Language Barriers (Limited English Proficiency individuals, etc.), Ethnic or Minority Communities","English, Spanish",No,,,,
San Mateo County Libraries - Millbrae Library,1 Library Avenue,Millbrae,CA,94030,833-937-7631,,https://smcl.org,Silvia Urena,IT Manager,urena@smcl.org,Library,"Technical support, Public Wi-Fi, Computer center(s), Online educational resources, Workforce development resources",City-wide or across multiple cities,San Mateo,Millbrae,Both,No,Yes,"Aging Individuals (Age 60+), Veterans, Individuals with Disabilities, Individuals with Language Barriers (Limited English Proficiency individuals, etc.), Ethnic or Minority Communities","English, Spanish",No,,,,
San Mateo County Libraries - North Fair Oaks Library,2510 Middlefiled Road,Redwood City,CA,94063,833-937-7632,,https://smcl.org,Silvia Urena,IT Manager,urena@smcl.org,Library,"Technical support, Public Wi-Fi, Computer center(s), Online educational resources, Workforce development resources",City-wide or across multiple cities,San Mateo,Redwood City,Both,No,Yes,"Aging Individuals (Age 60+), Veterans, Individuals with Disabilities, Individuals with Language Barriers (Limited English Proficiency individuals, etc.), Ethnic or Minority Communities","English, Spanish",No,,,,
San Mateo County Libraries - Pacifica-Sanchez Library,1111 Terra Nova Boulevard,Pacifica,CA,94044,833-937-7633,,https://smcl.org,Silvia Urena,IT Manager,urena@smcl.org,Library,"Technical support, Public Wi-Fi, Computer center(s), Online educational resources, Workforce development resources",City-wide or across multiple cities,San Mateo,Pacifica,Both,No,Yes,"Aging Individuals (Age 60+), Veterans, Individuals with Disabilities, Individuals with Language Barriers (Limited English Proficiency individuals, etc.), Ethnic or Minority Communities","English, Spanish",No,,,,
San Mateo County Libraries - Pacifica-Sharp Park Library,104 Hilton Way,Pacifica,CA,94044,833-937-7634,,https://smcl.org,Silvia Urena,IT Manager,urena@smcl.org,Library,"Technical support, Public Wi-Fi, Computer center(s), Online educational resources, Workforce development resources",City-wide or across multiple cities,San Mateo,Pacifica,Both,No,Yes,"Aging Individuals (Age 60+), Veterans, Individuals with Disabilities, Individuals with Language Barriers (Limited English Proficiency individuals, etc.), Ethnic or Minority Communities","English, Spanish",No,,,,
San Mateo County Libraries - Portola Valley Library,765 Portola Road,Portola Valley,CA,94028,833-937-7635,,https://smcl.org,Silvia Urena,IT Manager,urena@smcl.org,Library,"Technical support, Public Wi-Fi, Computer center(s), Online educational resources, Workforce development resources",City-wide or across multiple cities,San Mateo,Portola Valley,Both,No,Yes,"Aging Individuals (Age 60+), Veterans, Individuals with Disabilities, Individuals with Language Barriers (Limited English Proficiency individuals, etc.), Ethnic or Minority Communities","English, Spanish",No,,,,
San Mateo County Libraries - San Carlos Library,610 Elm Street,San Carlos,CA,94070,833-937-7636,,https://smcl.org,Silvia Urena,IT Manager,urena@smcl.org,Library,"Technical support, Public Wi-Fi, Computer center(s), Online educational resources, Workforce development resources",City-wide or across multiple cities,San Mateo,San Carlos,Both,No,Yes,"Aging Individuals (Age 60+), Veterans, Individuals with Disabilities, Individuals with Language Barriers (Limited English Proficiency individuals, etc.), Ethnic or Minority Communities","English, Spanish",No,,,,
San Mateo County Libraries - Woodside Library,3140 Woodside Road,Woodside,CA,94062,833-937-7637,,https://smcl.org,Silvia Urena,IT Manager,urena@smcl.org,Library,"Technical support, Public Wi-Fi, Computer center(s), Online educational resources, Workforce development resources",City-wide or across multiple cities,San Mateo,Woodside,Both,No,Yes,"Aging Individuals (Age 60+), Veterans, Individuals with Disabilities, Individuals with Language Barriers (Limited English Proficiency individuals, etc.), Ethnic or Minority Communities","English, Spanish",No,,,,
Santa Clara County Library District,1370 Dell Ave,Campbell,CA,95008,(408) 293-2326,,https://sccld.org,Marlene Iwamoto-Rocchild,Deputy County Librarian,virtual_lib@LIB.SCCGOV.ORG,"Library, County Government","Digital navigation (in-person or virtual/call center), Digital literacy & skills training, Technical support, Public Wi-Fi, Computer center(s), Online educational resources, Workforce development resources",County-wide or across multiple counties,Santa Clara,Campbell,Both,No,Yes,"Yes, Aging Individuals (Age 60+), Incarcerated Individuals, Veterans, Individuals with Disabilities, Individuals with Language Barriers (Limited English Proficiency individuals, etc.), Ethnic or Minority Communities, Rural Communities","English, Spanish",Information sharing,No,,,
Santa Clara County Library District - Cupertino Library,10800 Torre Ave,Cupertino,CA,95014,(408) 446-1677,"M-F 10a-9p, SA-Sa 10a-630p",https://sccld.org/locations/cupertino/,Marlene Iwamoto-Rocchild,Deputy County Librarian,virtual_lib@LIB.SCCGOV.ORG,"Library, County Government","Digital navigation (in-person or virtual/call center), Digital literacy & skills training, Technical support, Public Wi-Fi, Computer center(s), Online educational resources, Workforce development resources",County-wide or across multiple counties,Santa Clara,Campbell,Both,No,Yes,"Yes, Aging Individuals (Age 60+), Incarcerated Individuals, Veterans, Individuals with Disabilities, Individuals with Language Barriers (Limited English Proficiency individuals, etc.), Ethnic or Minority Communities, Rural Communities","English, Spanish",Information sharing,No,,,
Santa Clara County Library District - Gilroy Library,350 W Sixth St,Gilroy,CA,95020,(408) 842-8207,"M-W 1p-9p, Th-Ss 10a-6p, Su 1p-5p",https://sccld.org/locations/gilroy/,Marlene Iwamoto-Rocchild,Deputy County Librarian,virtual_lib@LIB.SCCGOV.ORG,"Library, County Government","Digital navigation (in-person or virtual/call center), Digital literacy & skills training, Technical support, Public Wi-Fi, Computer center(s), Online educational resources, Workforce development resources",County-wide or across multiple counties,Santa Clara,Campbell,Both,No,Yes,"Yes, Aging Individuals (Age 60+), Incarcerated Individuals, Veterans, Individuals with Disabilities, Individuals with Language Barriers (Limited English Proficiency individuals, etc.), Ethnic or Minority Communities, Rural Communities","English, Spanish",Information sharing,No,,,
Santa Clara County Library District - Los Altos Library,13 S San Antonio Road,Los Altos,CA,94022,(650) 948-7683,"M-Th 10a-9p, F-Su 10a-7p",https://sccld.org/locations/losaltos/,Marlene Iwamoto-Rocchild,Deputy County Librarian,virtual_lib@LIB.SCCGOV.ORG,"Library, County Government","Digital navigation (in-person or virtual/call center), Digital literacy & skills training, Technical support, Public Wi-Fi, Computer center(s), Online educational resources, Workforce development resources",County-wide or across multiple counties,Santa Clara,Campbell,Both,No,Yes,"Yes, Aging Individuals (Age 60+), Incarcerated Individuals, Veterans, Individuals with Disabilities, Individuals with Language Barriers (Limited English Proficiency individuals, etc.), Ethnic or Minority Communities, Rural Communities","English, Spanish",Information sharing,No,,,
Santa Clara County Library District - Milpitas Library,160 North Main Street,Milpitas,CA,95035,(408) 262-1171,"M-Th 10a-9p, F-Su 10a-7p",https://sccld.org/locations/milpitas/,Marlene Iwamoto-Rocchild,Deputy County Librarian,virtual_lib@LIB.SCCGOV.ORG,"Library, County Government","Digital navigation (in-person or virtual/call center), Digital literacy & skills training, Technical support, Public Wi-Fi, Computer center(s), Online educational resources, Workforce development resources",County-wide or across multiple counties,Santa Clara,Campbell,Both,No,Yes,"Yes, Aging Individuals (Age 60+), Incarcerated Individuals, Veterans, Individuals with Disabilities, Individuals with Language Barriers (Limited English Proficiency individuals, etc.), Ethnic or Minority Communities, Rural Communities","English, Spanish",Information sharing,No,,,
Santa Clara County Library District - Morgan Hill Library,660 West Main Ave,Morgan Hill,CA,95037,(408) 779-3196,"M-W 12n-9p, T-Sa 10a-6p, Su 1p-5p",https://sccld.org/locations/morganhill/,Marlene Iwamoto-Rocchild,Deputy County Librarian,virtual_lib@LIB.SCCGOV.ORG,"Library, County Government","Digital navigation (in-person or virtual/call center), Digital literacy & skills training, Technical support, Public Wi-Fi, Computer center(s), Online educational resources, Workforce development resources",County-wide or across multiple counties,Santa Clara,Campbell,Both,No,Yes,"Yes, Aging Individuals (Age 60+), Incarcerated Individuals, Veterans, Individuals with Disabilities, Individuals with Language Barriers (Limited English Proficiency individuals, etc.), Ethnic or Minority Communities, Rural Communities","English, Spanish",Information sharing,No,,,
Santa Clara County Library District - Saratoga Library,13650 Saratoga Avenue,Saratoga,CA,95070,(408) 867-6126,"M-T 10a-9p, W-Sa 10a-6p, Su 10a-6p",https://sccld.org/locations/saratoga/,Marlene Iwamoto-Rocchild,Deputy County Librarian,virtual_lib@LIB.SCCGOV.ORG,"Library, County Government","Digital navigation (in-person or virtual/call center), Digital literacy & skills training, Technical support, Public Wi-Fi, Computer center(s), Online educational resources, Workforce development resources",County-wide or across multiple counties,Santa Clara,Campbell,Both,No,Yes,"Yes, Aging Individuals (Age 60+), Incarcerated Individuals, Veterans, Individuals with Disabilities, Individuals with Language Barriers (Limited English Proficiency individuals, etc.), Ethnic or Minority Communities, Rural Communities","English, Spanish",Information sharing,No,,,
Santa Cruz Public Libraries,117 Union St,Santa Cruz,CA,95060,8314277700,,https://santacruzpl.org,Christopher Platt,Director of Libraries,plattc@santacruzpl.org,Library,"Digital navigation (in-person or virtual/call center), Digital literacy & skills training, Free/Low-cost devices, Free/Low-cost hotspots, Public Wi-Fi, Computer center(s), Online educational resources, Workforce development resources",County-wide or across multiple counties,Santa Cruz,,Both,No,Yes,"Yes, Aging Individuals (Age 60+), Incarcerated Individuals, Veterans, Individuals with Disabilities, Individuals with Language Barriers (Limited English Proficiency individuals, etc.), Ethnic or Minority Communities",English,Partnership opportunities,No,,,
Santa Cruz Public Libraries - Aptos Branch library,7695 Soquel Drive,Aptos,CA,95003,8314277702,"M-Th 10-6, Fri-Sat 10-5",https://santacruzpl.org,,,,Library,"Digital navigation (in-person or virtual/call center), Digital literacy & skills training, Free/Low-cost devices, Free/Low-cost hotspots, Public Wi-Fi, Computer center(s), Online educational resources, Workforce development resources",County-wide or across multiple counties,Santa Cruz,Aptos,,No,Yes,"Yes, Aging Individuals (Age 60+), Incarcerated Individuals, Veterans, Individuals with Disabilities, Individuals with Language Barriers (Limited English Proficiency individuals, etc.), Ethnic or Minority Communities",English,Partnership opportunities,No,,,
Santa Cruz Public Libraries - Capitola Branch Library,2005 Wharf Road,Capitola,CA,95010,8314277705,"M-Th 10-7, Fri-Sat 10-5",https://santacruzpl.org,,,,Library,"Digital navigation (in-person or virtual/call center), Digital literacy & skills training, Free/Low-cost devices, Free/Low-cost hotspots, Public Wi-Fi, Computer center(s), Online educational resources, Workforce development resources",County-wide or across multiple counties,Santa Cruz,Capitola,,No,Yes,"Yes, Aging Individuals (Age 60+), Incarcerated Individuals, Veterans, Individuals with Disabilities, Individuals with Language Barriers (Limited English Proficiency individuals, etc.), Ethnic or Minority Communities",English,Partnership opportunities,No,,,
Santa Cruz Public Libraries - Downtown Santa Cruz Public Library,224 Church St,Santa Cruz,CA,95060,8314277707,"M-Th 10-6, Fri-Sat 10-5, Sun 1-5",https://santacruzpl.org,,,,Library,"Digital navigation (in-person or virtual/call center), Digital literacy & skills training, Free/Low-cost devices, Free/Low-cost hotspots, Public Wi-Fi, Computer center(s), Online educational resources, Workforce development resources",County-wide or across multiple counties,Santa Cruz,Santa Cruz,,No,Yes,"Yes, Aging Individuals (Age 60+), Incarcerated Individuals, Veterans, Individuals with Disabilities, Individuals with Language Barriers (Limited English Proficiency individuals, etc.), Ethnic or Minority Communities",English,Partnership opportunities,No,,,
Santa Cruz Public Libraries - Felton Branch Library,6121 Gushee St,Felton,CA,95018,8314277708,"M-th 10-7, Fri - Sat 10-6",https://santacruzpl.org,,,,Library,"Digital navigation (in-person or virtual/call center), Digital literacy & skills training, Free/Low-cost devices, Free/Low-cost hotspots, Public Wi-Fi, Computer center(s), Online educational resources, Workforce development resources",County-wide or across multiple counties,Santa Cruz,Felton,,No,Yes,"Yes, Aging Individuals (Age 60+), Incarcerated Individuals, Veterans, Individuals with Disabilities, Individuals with Language Barriers (Limited English Proficiency individuals, etc.), Ethnic or Minority Communities",English,Partnership opportunities,No,,,
Santa Cruz Public Libraries - Scotts Valley Branch Library,251 Kings Village Road,Scotts Valley,CA,95066,8314277712,"M-Th 10-6, Fri-Sat 10-5",https://santacruzpl.org,,,,Library,"Digital navigation (in-person or virtual/call center), Digital literacy & skills training, Free/Low-cost devices, Free/Low-cost hotspots, Public Wi-Fi, Computer center(s), Online educational resources, Workforce development resources",County-wide or across multiple counties,Santa Cruz,Scotts Valley,,No,Yes,"Yes, Aging Individuals (Age 60+), Incarcerated Individuals, Veterans, Individuals with Disabilities, Individuals with Language Barriers (Limited English Proficiency individuals, etc.), Ethnic or Minority Communities",English,Partnership opportunities,No,,,
Self Help for the Elderly - Lady Shaw Senior Center,1483 Mason Street,San Francisco,CA,94133,415-677-7581,W 11:00 AM -1:30 PM,https://www.sfhsa.org/services/disability-aging/community-activities/sf-connected/sf-connected-locations,DAS-OCP SF Connected,DAS OCP /SF Connected Program Team,"""SFConnected,  (HSA) (DSS)"" <sfconnected@sfgov.org>",Other: SF Connected Technology Lab hosted at non-Governmental Organization sites,Public Wi-Fi and Computer center,City-wide or across multiple cities,San Francisco,San Francisco,In-Person,No,Yes,"Aging Individuals (Age 60+),Veterans Individuals with Disabilities , Individuals with Language Barriers (Limited English Proficiency individuals, etc.), Ethnic or Minority Communities","Other- SF Connected computer- interface languages (Chinese, English, Russian, Spanish, Vietnamese)
",Partnership opportunities,,,,
Self Help for the Elderly- Jackie Chan Senior Center,5757 Geary Boulevard,San Francisco,CA,94121,415-677-7571,"M-F 9:30 AM - 10:30 AM, 1:00 AM - 3:00 PM",https://www.sfhsa.org/services/disability-aging/community-activities/sf-connected/sf-connected-locations,DAS-OCP SF Connected,DAS OCP /SF Connected Program Team,"""SFConnected,  (HSA) (DSS)"" <sfconnected@sfgov.org>",Other: SF Connected Technology Lab hosted at non-Governmental Organization sites,Public Wi-Fi and Computer center,City-wide or across multiple cities,San Francisco,San Francisco,In-Person,No,Yes,"Aging Individuals (Age 60+),Veterans Individuals with Disabilities , Individuals with Language Barriers (Limited English Proficiency individuals, etc.), Ethnic or Minority Communities","Other- SF Connected computer- interface languages (Chinese, English, Russian, Spanish, Vietnamese)
",Partnership opportunities,,,,
Self Help for the Elderly- John King Senior Center (JKSC),500 Raymond Avenue,San Francisco,CA,94134,415-239-9919,M-F 9:00 AM - 3:00 PM,https://www.sfhsa.org/services/disability-aging/community-activities/sf-connected/sf-connected-locations,DAS-OCP SF Connected,DAS OCP /SF Connected Program Team,"""SFConnected,  (HSA) (DSS)"" <sfconnected@sfgov.org>",Other: SF Connected Technology Lab hosted at non-Governmental Organization sites,Public Wi-Fi and Computer center,City-wide or across multiple cities,San Francisco,San Francisco,In-Person,No,Yes,"Aging Individuals (Age 60+),Veterans Individuals with Disabilities , Individuals with Language Barriers (Limited English Proficiency individuals, etc.), Ethnic or Minority Communities","Other- SF Connected computer- interface languages (Chinese, English, Russian, Spanish, Vietnamese)
",Partnership opportunities,,,,
SJ Access Tech Hub - Catholic Charities of Santa Clara County,"4 Wabash Avenue, Room 11",San José,CA,95128,(669) 677-0326,Wed 9:30am-12:30pm & 1:00-5:00pm ; Thu 9:30am-12:30pm & 1:00–4:30pm; Fri 9:30am-12:30pm & 1:00–4:30pm,https://www.sjpl.org/tech-hubs/,Leticia Fernandez,Program Manager,digitalinclusion@ccscc.org,Community-based organization/Non-profit (501c3),"Locating low-cost internet service programs, Enrollment assistance in low-cost internet service programs, Digital navigation (in-person or virtual/call center), Digital literacy & skills training, Technical support, Public Wi-Fi, Computer center(s), Online educational resources, Workforce development resources",City-wide or across multiple cities,Santa Clara,San José,Both,No,Yes,"Aging Inviduals, Veterans, Individuals with Disabilities, Individuals with Language Barriers (Limited English Proficiency individuals, etc.), Ethnic or Minority Communities, Other (LGBTQ+)","English, Spanish","Partnership opportunities, Information sharing, Other : Implement SJ Access Grant Program",,,,
SJ Access Tech Hub - International Children Assistance Network (ICAN),"2410 Senter Rd., 3rd Floor",San José,CA,95111,(408) 831-8061,Mon 10:00am-4:00pm; Wed 10:00am–5:00pm; Fri 10:00am–5:00pm,https://www.sjpl.org/tech-hubs/,Khoa Nguyen,Program Manager,khoa.nguyen@ican2.org,Community-based organization/Non-profit (501c3),"Locating low-cost internet service programs, Enrollment assistance in low-cost internet service programs, Digital navigation (in-person or virtual/call center), Digital literacy & skills training, Technical support,  Public Wi-Fi, Computer center(s), Online educational resources, Workforce development resources",City-wide or across multiple cities,Santa Clara,San José,Both,No,Yes,"Aging Inviduals, Veterans, Individuals with Disabilities, Individuals with Language Barriers (Limited English Proficiency individuals, etc.), Ethnic or Minority Communities, Other (LGBTQ+)","English, Vietnamese","Partnership opportunities, Information sharing, Other : Implement SJ Access Grant Program",,,,
SJ Access Tech Hub - International Rescue Committee (IRC),"1210 South Bascom Ave, Suite 227",San José,CA,95128,(408) 277-0255,Mon 3:00–5:00pm; Tue–Thu 9:00am–noon & 2:00pm-5:00pm ,https://www.sjpl.org/tech-hubs/,Kayla Nicholls,Program Manager,SanJose@Rescue.org,Community-based organization/Non-profit (501c3),"Locating low-cost internet service programs, Enrollment assistance in low-cost internet service programs, Digital navigation (in-person or virtual/call center), Digital literacy & skills training, Technical support, Free/Low-cost devices, Public Wi-Fi, Computer center(s), Online educational resources, Workforce development resources",City-wide or across multiple cities,Santa Clara,San José,Both,No,Yes,"Aging Inviduals, Veterans, Individuals with Disabilities, Individuals with Language Barriers (Limited English Proficiency individuals, etc.), Ethnic or Minority Communities, Other (LGBTQ+)","English, Spanish, Burmese, Dari, Pashto, Arabic, Ukrainian, Amharic, Tigrinya, French, Swahili, Turkish, Russian, Haitian Creole","Partnership opportunities, Information sharing, Other : Implement SJ Access Grant Program",,,,
SJ Access Tech Hub - Sacred Heart Community Service ,1381 South First Street,San José,CA,95110,(408) 278-2160,Mon 9:00am–2:00pm; Tue 1:00–5:00pm; Wed 9:00am–2:00pm; Thu 1:00–4:00pm; Fri 9:00am–12:00pm,https://www.sjpl.org/tech-hubs/,Myisha Taylor,EJN Organizing Manager,di@sacredheartcs.org,Community-based organization/Non-profit (501c3),"Locating low-cost internet service programs, Enrollment assistance in low-cost internet service programs, Digital navigation (in-person or virtual/call center), Digital literacy & skills training, Technical support, Free/Low-cost devices, Public Wi-Fi, Computer center(s), Online educational resources, Workforce development resources",City-wide or across multiple cities,Santa Clara,San José,Both,No,Yes,"Aging Inviduals, Veterans, Individuals with Disabilities, Individuals with Language Barriers (Limited English Proficiency individuals, etc.), Ethnic or Minority Communities, Other (LGBTQ+)","English, Spanish","Partnership opportunities, Information sharing, Other : Implement SJ Access Grant Program",,,,
SJ Access Tech Hub - Sourcewise,901 E. Santa Clara St.,San José,CA,95116,(669) 699-2245,Tue–Thu 8:00am–2:30pm,https://www.sjpl.org/tech-hubs/,Kristine Schaan,Director of Integrated Health Services,tech@mysourcewise.com,Community-based organization/Non-profit (501c3),"Locating low-cost internet service programs, Enrollment assistance in low-cost internet service programs, Digital navigation (in-person or virtual/call center), Digital literacy & skills training, Technical support, Public Wi-Fi, Computer center(s), Online educational resources, Workforce development resources",City-wide or across multiple cities,Santa Clara,San José,Both,No,Yes,"Aging Inviduals, Veterans, Individuals with Disabilities, Individuals with Language Barriers (Limited English Proficiency individuals, etc.), Ethnic or Minority Communities, Other (LGBTQ+)","English, Spanish, Vietnamese","Partnership opportunities, Information sharing, Other : Implement SJ Access Grant Program",,,,
SJ Access Tech Hub - Vietnamese Voluntary Foundation (VIVO),2072 Lucretia Ave,San José,CA,95122,(408) 532-7755,Mon & Wed 1:00–5:00pm; Tue & Thu 9:00am–5:00pm; Sat 9:00–11:00am,https://www.sjpl.org/tech-hubs/,Bao Trieu,President & CEO,info@vivousa.org,Community-based organization/Non-profit (501c3),"Locating low-cost internet service programs, Enrollment assistance in low-cost internet service programs, Digital navigation (in-person or virtual/call center), Digital literacy & skills training, Technical support, Public Wi-Fi, Computer center(s), Online educational resources, Workforce development resources",City-wide or across multiple cities,Santa Clara,San José,Both,No,Yes,"Aging Inviduals, Veterans, Individuals with Disabilities, Individuals with Language Barriers (Limited English Proficiency individuals, etc.), Ethnic or Minority Communities, Other (LGBTQ+)","English, Vietnamese","Partnership opportunities, Information sharing, Other : Implement SJ Access Grant Program",,,,
Solano County Library - Dixon Library,230 N. 1st St.,Dixon ,CA,95620,1-866-572-7587,"Mon& Wed 9 AM-6PM, Tues & Thurs 9AM-8PM, Fri & Sat 9AM-5PM",https://solanolibrary.com/,Megan Wong,Acting Director,Mkwong@solanocounty.gov,Library,"Digital navigation, Digital literacy & skills training, Technical support, Free/Low-cost devices, Free/Low-cost hotspots, Public Wi-Fi, Computer center(s), Online educational resources, Workforce development resources",County-wide or across multiple counties,Solano County,"Dixon, Vacaville Fairfield, Rio Vista, Suisun, Cordelia, Vallejo",Both,No,Yes,"Aging Individuals (Age 60+), Veterans , Individuals with Disabilities , Individuals with Language Barriers (Limited English Proficiency individuals, etc.) , Ethnic or Minority Communities","English, Spanish","Partnership Opportunities, Information Sharing",No,,,
Solano County Library - Fairfield Civic Center Library,1150 Kentucky Street,Fairfield,CA,94533,1-866-572-7587,"Mon-Thurs 9AM-8PM, Fri&Sat 9AM-5PM, Sun 12PM-5PM",https://solanolibrary.com/,Megan Wong,Acting Director,Mkwong@solanocounty.gov,Library,"Digital navigation, Digital literacy & skills training, Technical support, Free/Low-cost devices, Free/Low-cost hotspots, Public Wi-Fi, Computer center(s), Online educational resources, Workforce development resources",County-wide or across multiple counties,Solano County,"Dixon, Vacaville Fairfield, Rio Vista, Suisun, Cordelia, Vallejo",Both,No,Yes,"Aging Individuals (Age 60+), Veterans , Individuals with Disabilities , Individuals with Language Barriers (Limited English Proficiency individuals, etc.) , Ethnic or Minority Communities","English, Spanish","Partnership Opportunities, Information Sharing",No,,,
Solano County Library - Fairfield Cordelia Library,5050 Business Center Drive,Fairfield,CA,94534,1-866-572-7587,"Mon& Wed 9 AM-6PM, Tues & Thurs 9AM-8PM, Fri & Sat 9AM-5PM",https://solanolibrary.com/,Megan Wong,Acting Director,Mkwong@solanocounty.gov,Library,"Digital navigation, Digital literacy & skills training, Technical support, Free/Low-cost devices, Free/Low-cost hotspots, Public Wi-Fi, Computer center(s), Online educational resources, Workforce development resources",County-wide or across multiple counties,Solano County,"Dixon, Vacaville Fairfield, Rio Vista, Suisun, Cordelia, Vallejo",Both,No,Yes,"Aging Individuals (Age 60+), Veterans , Individuals with Disabilities , Individuals with Language Barriers (Limited English Proficiency individuals, etc.) , Ethnic or Minority Communities","English, Spanish","Partnership Opportunities, Information Sharing",No,,,
Solano County Library - Law Library,"Hall of Justice, 600 Union Avenue",Fairfield ,CA,94533,1-866-572-7587,Mon-Fri 8:00am - 4:30pm,https://solanolibrary.com/,Megan Wong,Acting Director,Mkwong@solanocounty.gov,Library,Computer center,County-wide or across multiple counties,Solano County,"Dixon, Vacaville Fairfield, Rio Vista, Suisun, Cordelia, Vallejo",In-Person,No,Yes,"Aging Individuals (Age 60+), Veterans , Individuals with Disabilities , Individuals with Language Barriers (Limited English Proficiency individuals, etc.) , Ethnic or Minority Communities",English, Information Sharing,No,,,
Solano County Library - Rio Vista Library,445 South Second Street,Rio Vista,CA,94571,1-866-572-7587,"Mon& Wed 9 AM-6PM, Tues & Thurs 9AM-8PM, Fri & Sat 9AM-5PM",https://solanolibrary.com/,Megan Wong,Acting Director,Mkwong@solanocounty.gov,Library,"Digital navigation, Digital literacy & skills training, Technical support, Free/Low-cost devices, Free/Low-cost hotspots, Public Wi-Fi, Computer center(s), Online educational resources, Workforce development resources",County-wide or across multiple counties,Solano County,"Dixon, Vacaville Fairfield, Rio Vista, Suisun, Cordelia, Vallejo",Both,No,Yes,"Aging Individuals (Age 60+), Veterans , Individuals with Disabilities , Individuals with Language Barriers (Limited English Proficiency individuals, etc.) , Ethnic or Minority Communities","English, Spanish","Partnership Opportunities, Information Sharing",No,,,
Solano County Library - Suisun City Library,601 Pintail Drive,Suisun City,CA,94585,1-866-572-7587,"Mon& Wed 9 AM-6PM, Tues & Thurs 9AM-8PM, Fri & Sat 9AM-5PM",https://solanolibrary.com/,Megan Wong,Acting Director,Mkwong@solanocounty.gov,Library,"Digital navigation, Digital literacy & skills training, Technical support, Free/Low-cost devices, Free/Low-cost hotspots, Public Wi-Fi, Computer center(s), Online educational resources, Workforce development resources",County-wide or across multiple counties,Solano County,"Dixon, Vacaville Fairfield, Rio Vista, Suisun, Cordelia, Vallejo",Both,No,Yes,"Aging Individuals (Age 60+), Veterans , Individuals with Disabilities , Individuals with Language Barriers (Limited English Proficiency individuals, etc.) , Ethnic or Minority Communities","English, Spanish","Partnership Opportunities, Information Sharing",No,,,
Solano County Library - Vacaville Cultural Center Library,1020 Ulatis Drive,Vacaville,CA,95687,1-866-572-7587,"Mon-Thurs 9AM-8PM, Fri&Sat 9AM-5PM, Sun 12PM-5PM",https://solanolibrary.com/,Megan Wong,Acting Director,Mkwong@solanocounty.gov,Library,"Digital navigation, Digital literacy & skills training, Technical support, Free/Low-cost devices, Free/Low-cost hotspots, Public Wi-Fi, Computer center(s), Online educational resources, Workforce development resources",County-wide or across multiple counties,Solano County,"Dixon, Vacaville Fairfield, Rio Vista, Suisun, Cordelia, Vallejo",Both,No,Yes,"Aging Individuals (Age 60+), Veterans , Individuals with Disabilities , Individuals with Language Barriers (Limited English Proficiency individuals, etc.) , Ethnic or Minority Communities","English, Spanish","Partnership Opportunities, Information Sharing",No,,,
Solano County Library - Vacaville Town Square Library,1 Town Square Place,Vacaville,CA,95688,1-866-572-7587,"Mon& Wed 9 AM-6PM, Tues & Thurs 9AM-8PM, Fri & Sat 9AM-5PM",https://solanolibrary.com/,Megan Wong,Acting Director,Mkwong@solanocounty.gov,Library,"Digital navigation, Digital literacy & skills training, Technical support, Free/Low-cost devices, Free/Low-cost hotspots, Public Wi-Fi, Computer center(s), Online educational resources, Workforce development resources",County-wide or across multiple counties,Solano County,"Dixon, Vacaville Fairfield, Rio Vista, Suisun, Cordelia, Vallejo",Both,No,Yes,"Aging Individuals (Age 60+), Veterans , Individuals with Disabilities , Individuals with Language Barriers (Limited English Proficiency individuals, etc.) , Ethnic or Minority Communities","English, Spanish","Partnership Opportunities, Information Sharing",No,,,
Solano County Library - Vallejo John F. Kennedy Library,505 Santa Clara Street,Vallejo,CA,94590,1-866-572-7587,"Mon-Thurs 9AM-8PM, Fri&Sat 9AM-5PM, Sun 12PM-5PM",https://solanolibrary.com/,Megan Wong,Acting Director,Mkwong@solanocounty.gov,Library,"Digital navigation, Digital literacy & skills training, Technical support, Free/Low-cost devices, Free/Low-cost hotspots, Public Wi-Fi, Computer center(s), Online educational resources, Workforce development resources",County-wide or across multiple counties,Solano County,"Dixon, Vacaville Fairfield, Rio Vista, Suisun, Cordelia, Vallejo",Both,No,Yes,"Aging Individuals (Age 60+), Veterans , Individuals with Disabilities , Individuals with Language Barriers (Limited English Proficiency individuals, etc.) , Ethnic or Minority Communities","English, Spanish","Partnership Opportunities, Information Sharing",No,,,
Solano County Library - Vallejo Springstowne Library,1003 Oakwood Avenue,Vallejo,CA,94591,1-866-572-7587,"Mon& Wed 9 AM-6PM, Tues & Thurs 9AM-8PM, Fri & Sat 9AM-5PM",https://solanolibrary.com/,Megan Wong,Acting Director,Mkwong@solanocounty.gov,Library,"Digital navigation, Digital literacy & skills training, Technical support, Free/Low-cost devices, Free/Low-cost hotspots, Public Wi-Fi, Computer center(s), Online educational resources, Workforce development resources",County-wide or across multiple counties,Solano County,"Dixon, Vacaville Fairfield, Rio Vista, Suisun, Cordelia, Vallejo",Both,No,Yes,"Aging Individuals (Age 60+), Veterans , Individuals with Disabilities , Individuals with Language Barriers (Limited English Proficiency individuals, etc.) , Ethnic or Minority Communities","English, Spanish","Partnership Opportunities, Information Sharing",No,,,
Sonoma County Library -  Administration,6135 State Farm Drive,Rohnert Park,CA,94928,707-545-0831,,https:/sonomalibrary.org,Mike Dawe,IT Manager,mdawe@sonomalibrary.org,Library,Digital literacy/skills training,County-wide or across multiple counties,Sonoma,All,Both,No,Yes,"Aging Individuals, Incarcerated Individuals, Veterans, Individuals with Disabilities, Individuals with Language Barriers (Limited English Proficiency individuals, etc.), Ethnic or Minority Communities,Rural Communities, Other","English, Spanish",Information sharing,,,,
Sonoma County Library -  Rincon Valley Regional Library,6959 Montecito Blvd.,Santa Rosa ,CA,95409,707-537-0162,"Mon 10:00am-6:00pm, Tue-Wed 10:00am-8:00pm, Thu-Sat 10:00pm-6:00pm, Sun 1:00pm-5:00pm",https:/sonomalibrary.org,Mike Dawe,IT Manager,mdawe@sonomalibrary.org,Library,Digital literacy/skills training,County-wide or across multiple counties,Sonoma,Santa Rosa,Both,No,Yes,"Aging Individuals, Incarcerated Individuals, Veterans, Individuals with Disabilities, Individuals with Language Barriers (Limited English Proficiency individuals, etc.), Ethnic or Minority Communities,Rural Communities, Other","English, Spanish",Information sharing,,,,
Sonoma County Library - Central Santa Rosa Library  ,211 E Street,Santa Rosa ,CA,95404,707-894-5271,"Mon 10:00am-6:00pm, Tue-Wed 10:00am-8:00pm, Thu-Sat 10:00am-6:00pm, Sun 1:00pm-5:00pm",https:/sonomalibrary.org,Mike Dawe,IT Manager,mdawe@sonomalibrary.org,Library,Digital literacy/skills training,County-wide or across multiple counties,Sonoma,Santa Rosa,Both,No,Yes,"Aging Individuals, Incarcerated Individuals, Veterans, Individuals with Disabilities, Individuals with Language Barriers (Limited English Proficiency individuals, etc.), Ethnic or Minority Communities,Rural Communities, Other","English, Spanish",Information sharing,,,,
Sonoma County Library - Cloverdale Regional Library,401 N Cloverdale Blvd. ,Cloverdale,CA,95425,707-894-5271,"Mon 10:00am-6:00pm, Tue-Wed 10:00am-8:00pm, Thu-Sat 10:00am-6:00pm, Sun 1:00pm-5:00pm",https:/sonomalibrary.org,Mike Dawe,IT Manager,mdawe@sonomalibrary.org,Library,Digital literacy/skills training,County-wide or across multiple counties,Sonoma,Cloverdale,Both,No,Yes,"Aging Individuals, Incarcerated Individuals, Veterans, Individuals with Disabilities, Individuals with Language Barriers (Limited English Proficiency individuals, etc.), Ethnic or Minority Communities,Rural Communities, Other","English, Spanish",Information sharing,,,,
Sonoma County Library - Forestville Community Library,7050 Covey Road,Forestville,CA,95436,707-887-7654,"Mon-Fri 3:00pm-7:00pm, Sat 10:00am-2:00pm, Sun Closed",https:/sonomalibrary.org,Mike Dawe,IT Manager,mdawe@sonomalibrary.org,Library,Digital literacy/skills training,County-wide or across multiple counties,Sonoma,Forestville,Both,No,Yes,"Aging Individuals, Incarcerated Individuals, Veterans, Individuals with Disabilities, Individuals with Language Barriers (Limited English Proficiency individuals, etc.), Ethnic or Minority Communities,Rural Communities, Other","English, Spanish",Information sharing,,,,
Sonoma County Library - Guerneville Regional Library,14107 Armstrong Woods Rd.,Guerneville,CA,95446,707-869-9004,"Mon 10:00am-6:00pm, Tue-Wed 10:00am-8:00pm, Thu-Sat 10:00pm-6:00pm, Sun 1:00pm-5:00pm",https:/sonomalibrary.org,Mike Dawe,IT Manager,mdawe@sonomalibrary.org,Library,Digital literacy/skills training,County-wide or across multiple counties,Sonoma,Guerneville,Both,No,Yes,"Aging Individuals, Incarcerated Individuals, Veterans, Individuals with Disabilities, Individuals with Language Barriers (Limited English Proficiency individuals, etc.), Ethnic or Minority Communities,Rural Communities, Other","English, Spanish",Information sharing,,,,
Sonoma County Library - Healdsburg Regional Library,139 Piper Street,Healdsburg,CA,95448,707-433-3772,"Mon 10:00am-6:00pm, Tue-Wed 10:00am-8:00pm, Thu-Sat 10:00pm-6:00pm, Sun 1:00pm-5:00pm",https:/sonomalibrary.org,Mike Dawe,IT Manager,mdawe@sonomalibrary.org,Library,Digital literacy/skills training,County-wide or across multiple counties,Sonoma,Healdsburg,Both,No,Yes,"Aging Individuals, Incarcerated Individuals, Veterans, Individuals with Disabilities, Individuals with Language Barriers (Limited English Proficiency individuals, etc.), Ethnic or Minority Communities,Rural Communities, Other","English, Spanish",Information sharing,,,,
Sonoma County Library - History and Geneology Library,725 3rd St. ,Santa Rosa ,CA,95404,707-308-3212,"Tue-Sat 11:00am-5:00pm, Mon & Sun Closed",https:/sonomalibrary.org,Mike Dawe,IT Manager,mdawe@sonomalibrary.org,Library,Digital literacy/skills training,County-wide or across multiple counties,Sonoma,Santa Rosa,Both,No,Yes,"Aging Individuals, Incarcerated Individuals, Veterans, Individuals with Disabilities, Individuals with Language Barriers (Limited English Proficiency individuals, etc.), Ethnic or Minority Communities,Rural Communities, Other","English, Spanish",Information sharing,,,,
Sonoma County Library - Northwest Regional Library,150 Coddingtown Center,Santa Rosa ,CA,95401,707-546-2265,"Mon 10:00am-6:00pm, Tue-Wed 10:00am-8:00pm, Thu-Sat 10:00pm-6:00pm, Sun 1:00pm-5:00pm",https:/sonomalibrary.org,Mike Dawe,IT Manager,mdawe@sonomalibrary.org,Library,Digital literacy/skills training,County-wide or across multiple counties,Sonoma,Northwest,Both,No,Yes,"Aging Individuals, Incarcerated Individuals, Veterans, Individuals with Disabilities, Individuals with Language Barriers (Limited English Proficiency individuals, etc.), Ethnic or Minority Communities,Rural Communities, Other","English, Spanish",Information sharing,,,,
Sonoma County Library - Occidental Community Library,73 Main Street,Occidental ,CA,95465,707-874-3080,"Mon 10:00am-2:00pm, Tue 1:00pm-5:00pm, Wed 10:00am-2:00pm, Thu 1:00pm-5:00pm, Fri-Sat 10:00am-2:00pm, Sun Closed",https:/sonomalibrary.org,Mike Dawe,IT Manager,mdawe@sonomalibrary.org,Library,Digital literacy/skills training,County-wide or across multiple counties,Sonoma,Occidental,Both,No,Yes,"Aging Individuals, Incarcerated Individuals, Veterans, Individuals with Disabilities, Individuals with Language Barriers (Limited English Proficiency individuals, etc.), Ethnic or Minority Communities,Rural Communities, Other","English, Spanish",Information sharing,,,,
Sonoma County Library - Petaluma Regional Library,100 Fairgrounds Dr.,Petaluma,CA,94952,707-763-9801,"Mon 10:00am-6:00pm, Tue-Wed 10:00am-8:00pm, Thu-Sat 10:00pm-6:00pm, Sun 1:00pm-5:00pm",https:/sonomalibrary.org,Mike Dawe,IT Manager,mdawe@sonomalibrary.org,Library,Digital literacy/skills training,County-wide or across multiple counties,Sonoma,Petaluma,Both,No,Yes,"Aging Individuals, Incarcerated Individuals, Veterans, Individuals with Disabilities, Individuals with Language Barriers (Limited English Proficiency individuals, etc.), Ethnic or Minority Communities,Rural Communities, Other","English, Spanish",Information sharing,,,,
Sonoma County Library - Rohnert Park - Cotati Regional Library,6250 Lynne Condé Way,Rohnert Park,CA,94928,707-581-9121,"Mon 10:00am-6:00pm, Tue-Wed 10:00am-8:00pm, Thu-Sat 10:00pm-6:00pm, Sun 1:00pm-5:00pm",https:/sonomalibrary.org,Mike Dawe,IT Manager,mdawe@sonomalibrary.org,Library,Digital literacy/skills training,County-wide or across multiple counties,Sonoma,"Rohnert Park, Cotati",Both,No,Yes,"Aging Individuals, Incarcerated Individuals, Veterans, Individuals with Disabilities, Individuals with Language Barriers (Limited English Proficiency individuals, etc.), Ethnic or Minority Communities,Rural Communities, Other","English, Spanish",Information sharing,,,,
Sonoma County Library - Roseland Regional Library,470 Sebastopol Rd. ,Santa Rosa ,CA,95407,707-755-2029,"Mon 10:00am-6:00pm, Tue-Wed 10:00am-8:00pm, Thu-Sat 10:00pm-6:00pm, Sun 1:00pm-5:00pm",https:/sonomalibrary.org,Mike Dawe,IT Manager,mdawe@sonomalibrary.org,Library,Digital literacy/skills training,County-wide or across multiple counties,Sonoma,Santa Rosa,Both,No,Yes,"Aging Individuals, Incarcerated Individuals, Veterans, Individuals with Disabilities, Individuals with Language Barriers (Limited English Proficiency individuals, etc.), Ethnic or Minority Communities,Rural Communities, Other","English, Spanish",Information sharing,,,,
Sonoma County Library - Sonoma Valley Regional Library,755 West Napa St. ,Sonoma,CA,95476,707-966-5217,"Mon 10:00am-6:00pm, Tue-Wed 10:00am-8:00pm, Thu-Sat 10:00pm-6:00pm, Sun 1:00pm-5:00pm",https:/sonomalibrary.org,Mike Dawe,IT Manager,mdawe@sonomalibrary.org,Library,Digital literacy/skills training,County-wide or across multiple counties,Sonoma,Sonoma,Both,No,Yes,"Aging Individuals, Incarcerated Individuals, Veterans, Individuals with Disabilities, Individuals with Language Barriers (Limited English Proficiency individuals, etc.), Ethnic or Minority Communities,Rural Communities, Other","English, Spanish",Information sharing,,,,
Sonoma County Library - Windsor Regional Library,9291 Old Redwood Highway,Windsor,CA,95492,707-838-1020,"Mon 10:00am-6:00pm, Tue-Wed 10:00am-8:00pm, Thu-Sat 10:00pm-6:00pm, Sun 1:00pm-5:00pm",https:/sonomalibrary.org,Mike Dawe,IT Manager,mdawe@sonomalibrary.org,Library,Digital literacy/skills training,County-wide or across multiple counties,Sonoma,Windsor,Both,No,Yes,"Aging Individuals, Incarcerated Individuals, Veterans, Individuals with Disabilities, Individuals with Language Barriers (Limited English Proficiency individuals, etc.), Ethnic or Minority Communities,Rural Communities, Other","English, Spanish",Information sharing,,,,
Southwest Community Corporation- IT Bookman Community Center,446 Randolph Street,San Francisco,CA,94132,415-586-8020,M-F 9:00-5:00,https://www.sfhsa.org/services/disability-aging/community-activities/sf-connected/sf-connected-locations,DAS-OCP SF Connected,DAS OCP /SF Connected Program Team,"""SFConnected,  (HSA) (DSS)"" <sfconnected@sfgov.org>",Other: SF Connected Technology Lab hosted at non-Governmental Organization sites,Public Wi-Fi and Computer center,City-wide or across multiple cities,San Francisco,San Francisco,In-Person,No,Yes,"Aging Individuals (Age 60+),Veterans Individuals with Disabilities , Individuals with Language Barriers (Limited English Proficiency individuals, etc.), Ethnic or Minority Communities","Other- SF Connected computer- interface languages (Chinese, English, Russian, Spanish, Vietnamese)
",Partnership opportunities,,,,
Tulare County Library - Alpaugh,3816 Ave 54,Alpaugh,CA,93201,,,https://www.tularecountylibrary.org/,Faythe Arredondo,Librarian V,faythe.arredondo@tularecountylibrary.org,Library,"Locating low-cost internet service programs
Enrollment assistance in low-cost internet service programs
Digital navigation (in-person or virtual/call center)
Digital literacy & skills training
Technical support
Public Wi-Fi
Computer center(s)
Online educational resources
Workforce development resources",County-wide or across multiple counties,Tulare ,Alpaugh,Both,No,Yes,All,"English, Spanish",Other,,,,
Tulare County Library - Dinuba,150 S I St,Dinuba,CA,93618,,,https://www.tularecountylibrary.org/,Faythe Arredondo,Librarian V,faythe.arredondo@tularecountylibrary.org,Library,"Locating low-cost internet service programs
Enrollment assistance in low-cost internet service programs
Digital navigation (in-person or virtual/call center)
Digital literacy & skills training
Technical support
Public Wi-Fi
Computer center(s)
Online educational resources
Workforce development resources",County-wide or across multiple counties,Tulare ,Dinuba,Both,No,Yes,All,"English, Spanish",Other,,,,
Tulare County Library - Earlimart,780 E Washington Ave,Earlimart,CA,93219,,,https://www.tularecountylibrary.org/,Faythe Arredondo,Librarian V,faythe.arredondo@tularecountylibrary.org,Library,"Locating low-cost internet service programs
Enrollment assistance in low-cost internet service programs
Digital navigation (in-person or virtual/call center)
Digital literacy & skills training
Technical support
Public Wi-Fi
Computer center(s)
Online educational resources
Workforce development resources",County-wide or across multiple counties,Tulare ,Earlimart,Both,No,Yes,All,"English, Spanish",Other,,,,
Tulare County Library - Exeter,230 E Chestnut,Exeter,CA,93221,,,https://www.tularecountylibrary.org/,Faythe Arredondo,Librarian V,faythe.arredondo@tularecountylibrary.org,Library,"Locating low-cost internet service programs
Enrollment assistance in low-cost internet service programs
Digital navigation (in-person or virtual/call center)
Digital literacy & skills training
Technical support
Public Wi-Fi
Computer center(s)
Online educational resources
Workforce development resources",County-wide or across multiple counties,Tulare ,Exeter,Both,No,Yes,All,"English, Spanish",Other,,,,
Tulare County Library - Farmersville,623 N Avery St,Farmersville,CA,93223,,,https://www.tularecountylibrary.org/,Faythe Arredondo,Librarian V,faythe.arredondo@tularecountylibrary.org,Library,"Locating low-cost internet service programs
Enrollment assistance in low-cost internet service programs
Digital navigation (in-person or virtual/call center)
Digital literacy & skills training
Technical support
Public Wi-Fi
Computer center(s)
Online educational resources
Workforce development resources",County-wide or across multiple counties,Tulare ,Farmersville,Both,No,Yes,All,"English, Spanish",Other,,,,
Tulare County Library - Ivanhoe,15964 Heather Ave,Ivanhoe,CA,93235,,,https://www.tularecountylibrary.org/,Faythe Arredondo,Librarian V,faythe.arredondo@tularecountylibrary.org,Library,"Locating low-cost internet service programs
Enrollment assistance in low-cost internet service programs
Digital navigation (in-person or virtual/call center)
Digital literacy & skills training
Technical support
Public Wi-Fi
Computer center(s)
Online educational resources
Workforce development resources",County-wide or across multiple counties,Tulare ,Ivanhoe,Both,No,Yes,All,"English, Spanish",Other,,,,
Tulare County Library - Lindsay,157 N Mirage St,Lindsay,CA,93247,,,https://www.tularecountylibrary.org/,Faythe Arredondo,Librarian V,faythe.arredondo@tularecountylibrary.org,Library,"Locating low-cost internet service programs
Enrollment assistance in low-cost internet service programs
Digital navigation (in-person or virtual/call center)
Digital literacy & skills training
Technical support
Public Wi-Fi
Computer center(s)
Online educational resources
Workforce development resources",County-wide or across multiple counties,Tulare ,Lindsay,Both,No,Yes,All,"English, Spanish",Other,,,,
Tulare County Library - London,5711 Ave 378,Dinuba,CA,93618,,,https://www.tularecountylibrary.org/,Faythe Arredondo,Librarian V,faythe.arredondo@tularecountylibrary.org,Library,"Locating low-cost internet service programs
Enrollment assistance in low-cost internet service programs
Digital navigation (in-person or virtual/call center)
Digital literacy & skills training
Technical support
Public Wi-Fi
Computer center(s)
Online educational resources
Workforce development resources",County-wide or across multiple counties,Tulare ,Dinuba,Both,No,Yes,All,"English, Spanish",Other,,,,
Tulare County Library - Orosi,12646 Ave 416,Orosi,CA,93647,,,https://www.tularecountylibrary.org/,Faythe Arredondo,Librarian V,faythe.arredondo@tularecountylibrary.org,Library,"Locating low-cost internet service programs
Enrollment assistance in low-cost internet service programs
Digital navigation (in-person or virtual/call center)
Digital literacy & skills training
Technical support
Public Wi-Fi
Computer center(s)
Online educational resources
Workforce development resources",County-wide or across multiple counties,Tulare ,Orosi,Both,No,Yes,All,"English, Spanish",Other,,,,
Tulare County Library - Pixely,927 S Center Ave,Pixely,CA,93256,,,https://www.tularecountylibrary.org/,Faythe Arredondo,Librarian V,faythe.arredondo@tularecountylibrary.org,Library,"Locating low-cost internet service programs
Enrollment assistance in low-cost internet service programs
Digital navigation (in-person or virtual/call center)
Digital literacy & skills training
Technical support
Public Wi-Fi
Computer center(s)
Online educational resources
Workforce development resources",County-wide or across multiple counties,Tulare ,Pixely,Both,No,Yes,All,"English, Spanish",Other,,,,
Tulare County Library - Springville,Temporarily closed,Springville,CA,,,,https://www.tularecountylibrary.org/,Faythe Arredondo,Librarian V,faythe.arredondo@tularecountylibrary.org,Library,"Locating low-cost internet service programs
Enrollment assistance in low-cost internet service programs
Digital navigation (in-person or virtual/call center)
Digital literacy & skills training
Technical support
Public Wi-Fi
Computer center(s)
Online educational resources
Workforce development resources",County-wide or across multiple counties,Tulare ,Springville,Both,No,Yes,All,"English, Spanish",Other,,,,
Tulare County Library - Strathmore,19646 Ave 230,Strathmore,CA,93267,,,https://www.tularecountylibrary.org/,Faythe Arredondo,Librarian V,faythe.arredondo@tularecountylibrary.org,Library,"Locating low-cost internet service programs
Enrollment assistance in low-cost internet service programs
Digital navigation (in-person or virtual/call center)
Digital literacy & skills training
Technical support
Public Wi-Fi
Computer center(s)
Online educational resources
Workforce development resources",County-wide or across multiple counties,Tulare ,Strathmore,Both,No,Yes,All,"English, Spanish",Other,,,,
Tulare County Library - Terra Bella,23825 Ave 92,Terra Bella,CA,93270,,,https://www.tularecountylibrary.org/,Faythe Arredondo,Librarian V,faythe.arredondo@tularecountylibrary.org,Library,"Locating low-cost internet service programs
Enrollment assistance in low-cost internet service programs
Digital navigation (in-person or virtual/call center)
Digital literacy & skills training
Technical support
Public Wi-Fi
Computer center(s)
Online educational resources
Workforce development resources",County-wide or across multiple counties,Tulare ,Terra Bella,Both,No,Yes,All,"English, Spanish",Other,,,,
Tulare County Library - Three Rivers,42052 Eggers Dr,Three Rivers,CA,93271,,,https://www.tularecountylibrary.org/,Faythe Arredondo,Librarian V,faythe.arredondo@tularecountylibrary.org,Library,"Locating low-cost internet service programs
Enrollment assistance in low-cost internet service programs
Digital navigation (in-person or virtual/call center)
Digital literacy & skills training
Technical support
Public Wi-Fi
Computer center(s)
Online educational resources
Workforce development resources",County-wide or across multiple counties,Tulare ,Three Rivers,Both,No,Yes,All,"English, Spanish",Other,,,,
Tulare County Library - Tipton,301 E Woods Ave,Tipton,CA,93272,,,https://www.tularecountylibrary.org/,Faythe Arredondo,Librarian V,faythe.arredondo@tularecountylibrary.org,Library,"Locating low-cost internet service programs
Enrollment assistance in low-cost internet service programs
Digital navigation (in-person or virtual/call center)
Digital literacy & skills training
Technical support
Public Wi-Fi
Computer center(s)
Online educational resources
Workforce development resources",County-wide or across multiple counties,Tulare ,Tipton,Both,No,Yes,All,"English, Spanish",Other,,,,
Tulare County Library - Visalia,200 W Oak Ave,Visalia,CA,93291,,,https://www.tularecountylibrary.org/,Faythe Arredondo,Librarian V,faythe.arredondo@tularecountylibrary.org,Library,"Locating low-cost internet service programs
Enrollment assistance in low-cost internet service programs
Digital navigation (in-person or virtual/call center)
Digital literacy & skills training
Technical support
Public Wi-Fi
Computer center(s)
Online educational resources
Workforce development resources",County-wide or across multiple counties,Tulare ,Visalia,Both,No,Yes,All,"English, Spanish",Other,,,,
Tulare County Library - Woodlake,400 W Whitney Ave,Woodlake,CA,93286,,,https://www.tularecountylibrary.org/,Faythe Arredondo,Librarian V,faythe.arredondo@tularecountylibrary.org,Library,"Locating low-cost internet service programs
Enrollment assistance in low-cost internet service programs
Digital navigation (in-person or virtual/call center)
Digital literacy & skills training
Technical support
Public Wi-Fi
Computer center(s)
Online educational resources
Workforce development resources",County-wide or across multiple counties,Tulare ,Woodlake,Both,No,Yes,All,"English, Spanish",Other,,,,
Ventura County Library - Admin Office,"5600 Everglades St., Suite A",Ventura,CA,93003,805-626-READ,Mon-Fri 7:00am - 5:00pm,https://www.library.venturacounty.gov,Amanda Armitage,Technology Engagement Manager,amanda.armitage@venturacounty.gov,"Library, County Government, Other","Digital literacy & skills training, Free/Low-cost devices, Free/Low-cost hotspots, Public Wi-Fi, Computer center(s), Online educational resources, Workforce development resources",County-wide or across multiple counties,Ventura,,Both,No,Yes,"Yes, Aging Individuals (Age 60+), Incarcerated Individuals, Veterans, Individuals with Disabilities, Individuals with Language Barriers (Limited English Proficiency individuals, etc.), Ethnic or Minority Communities, Rural Communities","English, Spanish, Korean, Japanese, French","Train-the-trainer, Partnership opportunities, Collective action, Information sharing",No,,,
Ventura County Library - Albert H. Soliz Library,2820 Jourdan Street,Oxnard,CA,93036,805-626-READ,"M-T: 2pm - 6pm
W: 10am - 1pm & 2pm - 6pm
Th: 2pm - 7:30pm
F: 2pm - 6pm
Sa-Su: Closed",https://www.library.venturacounty.gov,Sherry Leal-Ryan,Library Supervisor,https://www.library.venturacounty.gov/form/contact-sol-library-supervisor,"Library, County Government, Other","Digital literacy & skills training, Free/Low-cost devices, Free/Low-cost hotspots, Public Wi-Fi, Computer center(s), Online educational resources, Workforce development resources",County-wide or across multiple counties,Ventura,,Both,,Yes,"Yes, Aging Individuals (Age 60+), Incarcerated Individuals, Veterans, Individuals with Disabilities, Individuals with Language Barriers (Limited English Proficiency individuals, etc.), Ethnic or Minority Communities, Rural Communities","English, Spanish, Korean, Japanese, French","Train-the-trainer, Partnership opportunities, Collective action, Information sharing",No,,,
Ventura County Library - Avenue Library,606 North Ventura Avenue,Ventura,CA,93001,805-626-READ,"M-Th: 12pm - 6pm
F: Closed
Sa: 10am - 5pm
Su: Closed",https://www.library.venturacounty.gov,Mary Birch,Librarian ,https://www.library.venturacounty.gov/form/contact-ave-library-supervisor,"Library, County Government, Other","Digital literacy & skills training, Free/Low-cost devices, Free/Low-cost hotspots, Public Wi-Fi, Computer center(s), Online educational resources, Workforce development resources",County-wide or across multiple counties,Ventura,,Both,,Yes,"Yes, Aging Individuals (Age 60+), Incarcerated Individuals, Veterans, Individuals with Disabilities, Individuals with Language Barriers (Limited English Proficiency individuals, etc.), Ethnic or Minority Communities, Rural Communities","English, Spanish, Korean, Japanese, French","Train-the-trainer, Partnership opportunities, Collective action, Information sharing",No,,,
Ventura County Library - E.P. Foster Library,651 East Main Street,Ventura,CA,93001,805-626-READ,"M-Th: 10am - 7pm
F-Sa: 10am - 5pm
Su: 1pm - 5pm",https://www.library.venturacounty.gov,Tyler Mayser,Library Supervisor,https://www.library.venturacounty.gov/form/contact-fos-library-supervisor,"Library, County Government, Other","Digital literacy & skills training, Free/Low-cost devices, Free/Low-cost hotspots, Public Wi-Fi, Computer center(s), Online educational resources, Workforce development resources",County-wide or across multiple counties,Ventura,,Both,,Yes,"Yes, Aging Individuals (Age 60+), Incarcerated Individuals, Veterans, Individuals with Disabilities, Individuals with Language Barriers (Limited English Proficiency individuals, etc.), Ethnic or Minority Communities, Rural Communities","English, Spanish, Korean, Japanese, French","Train-the-trainer, Partnership opportunities, Collective action, Information sharing",No,,,
Ventura County Library - Fillmore Library,502 2nd Street,Fillmore,CA,93015,805-626-READ,"M-T: 2pm - 7pm; Express Hours 10am - 2pm

W: 10am - 5pm

Th-Sa: 12pm - 5pm; Express Hours 10am - 12pm

Su: Closed/Cerrado",https://www.library.venturacounty.gov,Yvonne Becerra,Library Supervisor,https://www.library.venturacounty.gov/form/contact-fil-library-supervisor,"Library, County Government, Other","Digital literacy & skills training, Free/Low-cost devices, Free/Low-cost hotspots, Public Wi-Fi, Computer center(s), Online educational resources, Workforce development resources",County-wide or across multiple counties,Ventura,,Both,,Yes,"Yes, Aging Individuals (Age 60+), Incarcerated Individuals, Veterans, Individuals with Disabilities, Individuals with Language Barriers (Limited English Proficiency individuals, etc.), Ethnic or Minority Communities, Rural Communities","English, Spanish, Korean, Japanese, French","Train-the-trainer, Partnership opportunities, Collective action, Information sharing",No,,,
Ventura County Library - Hill Road Library,1070 S. Hill Road,Ventura,CA,93003,805-626-READ,"M-W: 10am - 6pm; Express Hours 8am - 10am

Th: 2pm - 6pm; no Express Hours

F-Su: 10am - 2pm; Express Hours 8am - 10am",https://www.library.venturacounty.gov,Linda Cherry,Library Supervisor,https://www.library.venturacounty.gov/form/contact-hil-library-supervisor,"Library, County Government, Other","Digital literacy & skills training, Free/Low-cost devices, Free/Low-cost hotspots, Public Wi-Fi, Computer center(s), Online educational resources, Workforce development resources",County-wide or across multiple counties,Ventura,,Both,,Yes,"Yes, Aging Individuals (Age 60+), Incarcerated Individuals, Veterans, Individuals with Disabilities, Individuals with Language Barriers (Limited English Proficiency individuals, etc.), Ethnic or Minority Communities, Rural Communities","English, Spanish, Korean, Japanese, French","Train-the-trainer, Partnership opportunities, Collective action, Information sharing",No,,,
Ventura County Library - Meiners Oaks Library,400 South Lomita Avenue,Ojai,CA,93023,805-626-READ,"M-T: 10am-1pm; 2pm-6pm
W-Th: 1pm - 6pm
F: Closed
Sa: Express Hours 10am - 5pm
Su: Closed",https://www.library.venturacounty.gov,Deborah DaMore,Library Supervisor,https://www.library.venturacounty.gov/form/contact-mno-library-supervisor,"Library, County Government, Other","Digital literacy & skills training, Free/Low-cost devices, Free/Low-cost hotspots, Public Wi-Fi, Computer center(s), Online educational resources, Workforce development resources",County-wide or across multiple counties,Ventura,,Both,,Yes,"Yes, Aging Individuals (Age 60+), Incarcerated Individuals, Veterans, Individuals with Disabilities, Individuals with Language Barriers (Limited English Proficiency individuals, etc.), Ethnic or Minority Communities, Rural Communities","English, Spanish, Korean, Japanese, French","Train-the-trainer, Partnership opportunities, Collective action, Information sharing",No,,,
Ventura County Library - Oak Park Library,899 North Kanan Road,Oak Park,CA,91377,805-626-READ,"M-T: 11am - 8pm
W-Th: 11am - 6pm
F: Closed
Sa-Su: 11am - 5pm",https://www.library.venturacounty.gov,Anne Hogya,Library Supervisor,https://www.library.venturacounty.gov/form/contact-okp-library-supervisor,"Library, County Government, Other","Digital literacy & skills training, Free/Low-cost devices, Free/Low-cost hotspots, Public Wi-Fi, Computer center(s), Online educational resources, Workforce development resources",County-wide or across multiple counties,Ventura,,Both,,Yes,"Yes, Aging Individuals (Age 60+), Incarcerated Individuals, Veterans, Individuals with Disabilities, Individuals with Language Barriers (Limited English Proficiency individuals, etc.), Ethnic or Minority Communities, Rural Communities","English, Spanish, Korean, Japanese, French","Train-the-trainer, Partnership opportunities, Collective action, Information sharing",No,,,
Ventura County Library - Oak View Library,555 Mahoney Avenue,Oak View,CA,93022,805-626-READ,"M-Th: 1pm - 6pm
F: Closed
Sa: 10am - 2pm
Su: Closed",https://www.library.venturacounty.gov,Sharon Dykstra,Library Supervisor,https://www.library.venturacounty.gov/form/contact-okv-library-supervisor,"Library, County Government, Other","Digital literacy & skills training, Free/Low-cost devices, Free/Low-cost hotspots, Public Wi-Fi, Computer center(s), Online educational resources, Workforce development resources",County-wide or across multiple counties,Ventura,,Both,,Yes,"Yes, Aging Individuals (Age 60+), Incarcerated Individuals, Veterans, Individuals with Disabilities, Individuals with Language Barriers (Limited English Proficiency individuals, etc.), Ethnic or Minority Communities, Rural Communities","English, Spanish, Korean, Japanese, French","Train-the-trainer, Partnership opportunities, Collective action, Information sharing",No,,,
Ventura County Library - Ojai Library,111 East Ojai Avenue,Ojai,CA,93023,805-626-READ,"M-Th: 10am - 8pm
F-Su: 12pm - 5pm",https://www.library.venturacounty.gov,Ron Solórzano,Library Supervisor,https://www.library.venturacounty.gov/form/contact-oji-library-supervisor,"Library, County Government, Other","Digital literacy & skills training, Free/Low-cost devices, Free/Low-cost hotspots, Public Wi-Fi, Computer center(s), Online educational resources, Workforce development resources",County-wide or across multiple counties,Ventura,,Both,,Yes,"Yes, Aging Individuals (Age 60+), Incarcerated Individuals, Veterans, Individuals with Disabilities, Individuals with Language Barriers (Limited English Proficiency individuals, etc.), Ethnic or Minority Communities, Rural Communities","English, Spanish, Korean, Japanese, French","Train-the-trainer, Partnership opportunities, Collective action, Information sharing",No,,,
Ventura County Library - Piru Library,3811 Center Street,Piru,CA,93040,805-626-READ,"M-Th: 1pm - 6pm
F: Closed
Sa: 10am - 2pm
Su: Closed",https://www.library.venturacounty.gov,Meghan Sheetz,Library Supervisor,https://www.library.venturacounty.gov/form/contact-pir-library-supervisor,"Library, County Government, Other","Digital literacy & skills training, Free/Low-cost devices, Free/Low-cost hotspots, Public Wi-Fi, Computer center(s), Online educational resources, Workforce development resources",County-wide or across multiple counties,Ventura,,Both,,Yes,"Yes, Aging Individuals (Age 60+), Incarcerated Individuals, Veterans, Individuals with Disabilities, Individuals with Language Barriers (Limited English Proficiency individuals, etc.), Ethnic or Minority Communities, Rural Communities","English, Spanish, Korean, Japanese, French","Train-the-trainer, Partnership opportunities, Collective action, Information sharing",No,,,
Ventura County Library - Ray D. Prueter Library,510 Park Avenue,Port Hueneme,CA,93041,805-626-READ,"M-Th: 10am - 6pm
F-Sa: 12pm - 5pm
Su: Closed",https://www.library.venturacounty.gov,Anne Hogya,Library Supervisor,https://www.library.venturacounty.gov/form/contact-east-county-region,"Library, County Government, Other","Digital literacy & skills training, Free/Low-cost devices, Free/Low-cost hotspots, Public Wi-Fi, Computer center(s), Online educational resources, Workforce development resources",County-wide or across multiple counties,Ventura,,Both,,Yes,"Yes, Aging Individuals (Age 60+), Incarcerated Individuals, Veterans, Individuals with Disabilities, Individuals with Language Barriers (Limited English Proficiency individuals, etc.), Ethnic or Minority Communities, Rural Communities","English, Spanish, Korean, Japanese, French","Train-the-trainer, Partnership opportunities, Collective action, Information sharing",No,,,
Ventura County Library - Saticoy Library,1292 Los Angeles Avenue,Ventura,CA,93004,805-626-READ,"M-Th: 1pm - 6pm
F: Closed
Sa: 10am - 2pm
Su: Closed",https://www.library.venturacounty.gov,Tyler Mayser,Library Supervisor,https://www.library.venturacounty.gov/form/contact-sat-library-supervisor,"Library, County Government, Other","Digital literacy & skills training, Free/Low-cost devices, Free/Low-cost hotspots, Public Wi-Fi, Computer center(s), Online educational resources, Workforce development resources",County-wide or across multiple counties,Ventura,,Both,,Yes,"Yes, Aging Individuals (Age 60+), Incarcerated Individuals, Veterans, Individuals with Disabilities, Individuals with Language Barriers (Limited English Proficiency individuals, etc.), Ethnic or Minority Communities, Rural Communities","English, Spanish, Korean, Japanese, French","Train-the-trainer, Partnership opportunities, Collective action, Information sharing",No,,,
Western Addition Senior Center,1390 -1/2 Turk Street,San Francisco,CA,94115,415-921-7805,M-F 10:00-4:00,https://www.sfhsa.org/services/disability-aging/community-activities/sf-connected/sf-connected-locations,DAS-OCP SF Connected,DAS OCP /SF Connected Program Team,"""SFConnected,  (HSA) (DSS)"" <sfconnected@sfgov.org>",Other: SF Connected Technology Lab hosted at non-Governmental Organization sites,Public Wi-Fi and Computer center,City-wide or across multiple cities,San Francisco,San Francisco,In-Person,No,Yes,"Aging Individuals (Age 60+),Veterans Individuals with Disabilities , Individuals with Language Barriers (Limited English Proficiency individuals, etc.), Ethnic or Minority Communities","Other- SF Connected computer- interface languages (Chinese, English, Russian, Spanish, Vietnamese)
",Partnership opportunities,,,,
YMCA of San Francisco- Mission YMCA,4080 Mission Street,San Francisco,CA,94112,415-586-6900,M-F 9:30-1:30,https://www.sfhsa.org/services/disability-aging/community-activities/sf-connected/sf-connected-locations,DAS-OCP SF Connected,DAS OCP /SF Connected Program Team,"""SFConnected,  (HSA) (DSS)"" <sfconnected@sfgov.org>",Other: SF Connected Technology Lab hosted at non-Governmental Organization sites,Public Wi-Fi and Computer center,City-wide or across multiple cities,San Francisco,San Francisco,In-Person,No,Yes,"Aging Individuals (Age 60+),Veterans Individuals with Disabilities , Individuals with Language Barriers (Limited English Proficiency individuals, etc.), Ethnic or Minority Communities","Other- SF Connected computer- interface languages (Chinese, English, Russian, Spanish, Vietnamese)
",Partnership opportunities,,,,
YMCA of San Francisco- Stonestown YMCA,3150 20th Avenue,San Francisco,CA,94132,415.242.7135,"M-F 9:00am-12pm, 1:30pm-2:30pm,closed 12:00pm-1:30pm",https://www.sfhsa.org/services/disability-aging/community-activities/sf-connected/sf-connected-locations,DAS-OCP SF Connected,DAS OCP /SF Connected Program Team,"""SFConnected,  (HSA) (DSS)"" <sfconnected@sfgov.org>",Other: SF Connected Technology Lab hosted at non-Governmental Organization sites,Public Wi-Fi and Computer center,City-wide or across multiple cities,San Francisco,San Francisco,In-Person,No,Yes,"Aging Individuals (Age 60+),Veterans Individuals with Disabilities , Individuals with Language Barriers (Limited English Proficiency individuals, etc.), Ethnic or Minority Communities","Other- SF Connected computer- interface languages (Chinese, English, Russian, Spanish, Vietnamese)
",Partnership opportunities,,,,
,,,,,,,,,,,,,,,,,,,,,,,,,
,,,,,,,,,,,,,,,,,,,,,,,,,
,,,,,,,,,,,,,,,,,,,,,,,,,
,,,,,,,,,,,,,,,,,,,,,,,,,
