Name of Organization,Organization Address: Address Line 1,Organization Address: City,Organization Address: State,Organization Address: Zip/Postal Code,Business Phone No,Webpage,Name of Point of Contact,Position/Title,Business Email Address,Type of Organization,(For ISP only) Do you have a low-cost home internet service offer or subsidy?,4. What digital inclusion service(s) does your entity/organization provide to individuals? Please select all that apply.,5. What is your entity/organization's service area?,6. Please indicate all the counties in which you provide services.,7. Please indicate all the cities in which you provide services,8. How does your entity/organization provide its services? Select all that apply. ,Please provide the website URL where more information about your virtual program / service can be found.,Name of physical location where services are provided.,What is the physical location address where your entity/organization provides in-person services?,Phone Number,Hours of Operation,Program/Service Webpage,Name of physical location where services are provided..1,What is the physical location address where your entity/organization provides in-person services?.1,Phone Number.1,Hours of Operation.1,Program/Service Webpage.1,Name of physical location where services are provided..2,What is the physical location address where your entity/organization provides in-person services?.2,Phone Number.2,Hours of Operation.2,Program/Service Webpage.2,Name of physical location where services are provided..3,What is the physical location address where your entity/organization provides in-person services?.3,Phone Number.3,Hours of Operation.3,Program/Service Webpage.3,Name of physical location where services are provided..4,What is the physical location address where your entity/organization provides in-person services?.4,Phone Number.4,Hours of Operation.4,Program/Service Webpage.4,9. Does your entity/organization charge for its services?,10. To which of the following are your service available?,11. What language(s) does your entity/organization provide its services in? Please select all that apply. ,12. Does your entity/organization provide any of the following supports or services to other organizations? Please select all that apply.,13. Does your entity/organization charge for its services?,Date Submitted
International Rescue Committee in Los Angeles,Virtual,,,,'+18185506220,https://www.rescue.org/united-states/los-angeles-ca,Hilda Ghazarian,Adult Education Program Supervisor,hilda.ghazarian@rescue.org,"Business, Community Anchor Institution, Government or Public Organization, Private Sector and Non-Governmental Organizations",,"Digital navigation (in-person or virtual/call center), Digital literacy & skills training, Free/Low-cost devices, Online educational resources, Workforce development resources",County-wide or across multiple counties,"Kern, Los Angeles, Orange, Riverside, San Bernardino, Santa Barbara, Ventura",,Virtually,https://rescue.org,,,,,,,,,,,,,,,,,,,,,,,,,,No. Our services are offered free of cost.,"Yes, Aging Individuals (Age 60+), Individuals with Disabilities, Individuals with Language Barriers (Limited English Proficiency individuals, etc.), Ethnic or Minority Communities","English, Spanish, Mandarin, Cantonese, Armenian, Farsi, Arabic, Russian, Other","Train-the-trainer, Partnership opportunities, Information sharing",No. Our services are offered free of cost.,1/12/26 18:05
International Rescue Committee in Los Angeles,625 N. Maryland Ave.,Glendale,CA,91206,'+18185506220,https://www.rescue.org/united-states/los-angeles-ca,Hilda Ghazarian,Adult Education Program Supervisor,hilda.ghazarian@rescue.org,"Business, Community Anchor Institution, Government or Public Organization, Private Sector and Non-Governmental Organizations",,"Digital navigation (in-person or virtual/call center), Digital literacy & skills training, Free/Low-cost devices, Online educational resources, Workforce development resources",County-wide or across multiple counties,"Kern, Los Angeles, Orange, Riverside, San Bernardino, Santa Barbara, Ventura",,In-Person,,IRC Los Angeles Office in Glendale,Glendale,'+18185506220,9:00 am to 05:00 pm,https://www.rescue.org/united-states/los-angeles-ca,IRC Los Angeles Office in Glendale,Glendale,'+18185506220,9:00 am to 05:00 pm,https://www.rescue.org/united-states/los-angeles-ca,IRC Los Angeles Office in Glendale,Glendale,'+18185506220,9:00 am to 05:00 pm,https://www.rescue.org/united-states/los-angeles-ca,IRC Los Angeles Office in Glendale,Glendale,'+18185506220,9:00 am to 05:00 pm,https://www.rescue.org/united-states/los-angeles-ca,IRC Los Angeles Office in Glendale,Glendale,'+18185506220,9:00 am to 05:00 pm,https://www.rescue.org/united-states/los-angeles-ca,No. Our services are offered free of cost.,"Yes, Aging Individuals (Age 60+), Individuals with Disabilities, Individuals with Language Barriers (Limited English Proficiency individuals, etc.), Ethnic or Minority Communities","English, Spanish, Mandarin, Cantonese, Armenian, Farsi, Arabic, Russian, Other","Train-the-trainer, Partnership opportunities, Information sharing",No. Our services are offered free of cost.,1/12/26 18:05
International Rescue Committee-Oakland,Virtual,,,,'+15104528222,https://www.rescue.org/united-states/oakland-ca,Mitchell Margolis,Site Director,mitchell.margolis@rescue.org,"Business, Community Anchor Institution, Government or Public Organization, Private Sector and Non-Governmental Organizations",,"Locating low-cost internet service programs, Enrollment assistance in low-cost internet service programs, Digital navigation (in-person or virtual/call center), Digital literacy & skills training, Technical support, Free/Low-cost devices, Computer center(s), Online educational resources, Workforce development resources",County-wide or across multiple counties,"Alameda, Contra Costa, San Francisco, San Joaquin, San Mateo, Santa Clara, Stanislaus",,Virtually,https://rescue.org,,,,,,,,,,,,,,,,,,,,,,,,,,No. Our services are offered free of cost.,"Yes, Aging Individuals (Age 60+), Individuals with Disabilities, Individuals with Language Barriers (Limited English Proficiency individuals, etc.), Ethnic or Minority Communities, Rural Communities, Other","English, Spanish, Farsi, Arabic","Partnership opportunities, Collective action, Information sharing",No. Our services are offered free of cost.,1/12/26 17:32
International Rescue Committee-Oakland,440 Grand Ave,Oakland,CA,94610,'+15104528222,https://www.rescue.org/united-states/oakland-ca,Mitchell Margolis,Site Director,mitchell.margolis@rescue.org,"Business, Community Anchor Institution, Government or Public Organization, Private Sector and Non-Governmental Organizations",,"Locating low-cost internet service programs, Enrollment assistance in low-cost internet service programs, Digital navigation (in-person or virtual/call center), Digital literacy & skills training, Technical support, Free/Low-cost devices, Computer center(s), Online educational resources, Workforce development resources",County-wide or across multiple counties,"Alameda, Contra Costa, San Francisco, San Joaquin, San Mateo, Santa Clara, Stanislaus",,In-Person,,International Rescue Committee-Oakland,Oakland,'+15104528222,5-Sep,,International Rescue Committee-Oakland,Oakland,'+15104528222,5-Sep,,International Rescue Committee-Oakland,Oakland,'+15104528222,5-Sep,,International Rescue Committee-Oakland,Oakland,'+15104528222,5-Sep,,International Rescue Committee-Oakland,Oakland,'+15104528222,5-Sep,,No. Our services are offered free of cost.,"Yes, Aging Individuals (Age 60+), Individuals with Disabilities, Individuals with Language Barriers (Limited English Proficiency individuals, etc.), Ethnic or Minority Communities, Rural Communities, Other","English, Spanish, Farsi, Arabic","Partnership opportunities, Collective action, Information sharing",No. Our services are offered free of cost.,1/12/26 17:32
International Rescue Committee,Virtual,,,,'+19164820120,https://rescue.org,Kendra Mitchell,"Senior Manager, Economic Empowerment",kendra.mitchell@rescue.org,"Business, Community Anchor Institution, Government or Public Organization, Private Sector and Non-Governmental Organizations",,"Locating low-cost internet service programs, Enrollment assistance in low-cost internet service programs, Digital navigation (in-person or virtual/call center), Digital literacy & skills training, Free/Low-cost devices, Computer center(s), Online educational resources, Workforce development resources",County-wide or across multiple counties,"Placer, Sacramento, Yolo",,Virtually,https://rescue.org,,,,,,,,,,,,,,,,,,,,,,,,,,No. Our services are offered free of cost.,"Yes, Individuals with Language Barriers (Limited English Proficiency individuals, etc.), Ethnic or Minority Communities, Rural Communities","English, Spanish, Farsi, Arabic, Hindi, Russian, Other","Partnership opportunities, Collective action, Information sharing, Other",No. Our services are offered free of cost.,1/12/26 16:42
International Rescue Committee,2020 Hurley Way,Sacramento,CA,95355,'+19164820120,https://rescue.org,Kendra Mitchell,"Senior Manager, Economic Empowerment",kendra.mitchell@rescue.org,"Business, Community Anchor Institution, Government or Public Organization, Private Sector and Non-Governmental Organizations",,"Locating low-cost internet service programs, Enrollment assistance in low-cost internet service programs, Digital navigation (in-person or virtual/call center), Digital literacy & skills training, Free/Low-cost devices, Computer center(s), Online educational resources, Workforce development resources",County-wide or across multiple counties,"Placer, Sacramento, Yolo",,In-Person,,2020 Hurley Way,Sacramento,'+19164820120,9am to 5pm,https://rescue.org,2020 Hurley Way,Sacramento,'+19164820120,9am to 5pm,https://rescue.org,2020 Hurley Way,Sacramento,'+19164820120,9am to 5pm,https://rescue.org,2020 Hurley Way,Sacramento,'+19164820120,9am to 5pm,https://rescue.org,2020 Hurley Way,Sacramento,'+19164820120,9am to 5pm,https://rescue.org,No. Our services are offered free of cost.,"Yes, Individuals with Language Barriers (Limited English Proficiency individuals, etc.), Ethnic or Minority Communities, Rural Communities","English, Spanish, Farsi, Arabic, Hindi, Russian, Other","Partnership opportunities, Collective action, Information sharing, Other",No. Our services are offered free of cost.,1/12/26 16:42
Los Angeles Alliance for Community Health & Aging (LAACHA),Virtual,,,,'+16262932600,https://laacha.org,"Patricia “Patty” Hernandez, MPH",Program Manager,phernandez@ph.lacounty.gov,"Business, Community Anchor Institution, Government or Public Organization, Private Sector and Non-Governmental Organizations",,"Digital literacy & skills training, Technical support",County-wide or across multiple counties,Los Angeles,,Virtually,,,,,,,,,,,,,,,,,,,,,,,,,,,No. Our services are offered free of cost.,"Yes, Aging Individuals (Age 60+)","English, Spanish, Tagalog, Mandarin, Cantonese","Organizational training, Train-the-trainer, Partnership opportunities, Information sharing",No. Our services are offered free of cost.,1/12/26 16:14
Los Angeles Alliance for Community Health & Aging (LAACHA),1000 S. Fremont Ave.,Alhambra,CA,91803,'+16262932600,https://laacha.org,"Patricia “Patty” Hernandez, MPH",Program Manager,phernandez@ph.lacounty.gov,"Business, Community Anchor Institution, Government or Public Organization, Private Sector and Non-Governmental Organizations",,"Digital literacy & skills training, Technical support",County-wide or across multiple counties,Los Angeles,,In-Person,,,,,,,,,,,,,,,,,,,,,,,,,,,No. Our services are offered free of cost.,"Yes, Aging Individuals (Age 60+)","English, Spanish, Tagalog, Mandarin, Cantonese","Organizational training, Train-the-trainer, Partnership opportunities, Information sharing",No. Our services are offered free of cost.,1/12/26 16:14
The Hidden Genius Project,1085 Redondo Ave,Long Beach,CA,90804,'+18163158229,https://www.hiddengeniusproject.org/about/,Montanna McDaniel,Site Director,montanna@hiddengeniusproject.org,"Business, Community Anchor Institution, Government or Public Organization, Private Sector and Non-Governmental Organizations",,"Digital literacy & skills training, Free/Low-cost devices, Workforce development resources",City-wide or across multiple cities,"Alameda, Contra Costa, Los Angeles",,In-Person,,,,,,,,,,,,,,,,,,,,,,,,,,,No. Our services are offered free of cost.,"Yes, Ethnic or Minority Communities",English,Partnership opportunities,Yes. We charge a fee for our services.,1/12/26 15:58
Capital Region Coalition for Digital Inclusion,Virtual,,,,'+19163251630,https://capitalregiondigitalinclusion.org/,Navreet Hundal,Project Coordinator,info@capitalregiondigitalinclusion.org,"Business, Community Anchor Institution, Government or Public Organization, Private Sector and Non-Governmental Organizations",,"Locating low-cost internet service programs, Online educational resources, Workforce development resources",County-wide or across multiple counties,"Alpine, Colusa, El Dorado, Glenn, Placer, Sacramento, Sutter, Yolo, Yuba",,Virtually,https://capitalregiondigitalinclusion.org/,,,,,,,,,,,,,,,,,,,,,,,,,,No. Our services are offered free of cost.,"Yes, Aging Individuals (Age 60+), Incarcerated Individuals, Veterans, Individuals with Disabilities, Individuals with Language Barriers (Limited English Proficiency individuals, etc.), Ethnic or Minority Communities, Rural Communities",English,"Partnership opportunities, Collective action, Information sharing",No. Our services are offered free of cost.,1/12/26 15:36
I-Nspire Community Coalition,Virtual,,,,'+15622003438,https://www.inspirecommunitycoalition.org/home/,Robert Robinson,Founder and Executive Director,rrobinson@inspirecommunitycoalition.org,"Business, Community Anchor Institution, Government or Public Organization, Private Sector and Non-Governmental Organizations",,Digital literacy & skills training,City-wide or across multiple cities,Los Angeles,,Virtually,,,,,,,,,,,,,,,,,,,,,,,,,,,No. Our services are offered free of cost.,No,English,Organizational training,No. Our services are offered free of cost.,1/12/26 15:03
Centro CHA Inc.,Virtual,,,,'+15626124162,https://www.centrocha.org,Jessica Quintana,Executive Director,jessica@centrocha.org,"Business, Community Anchor Institution, Government or Public Organization, Private Sector and Non-Governmental Organizations",,"Locating low-cost internet service programs, Enrollment assistance in low-cost internet service programs, Digital navigation (in-person or virtual/call center), Digital literacy & skills training, Technical support, Public Wi-Fi, Computer center(s), Online educational resources, Workforce development resources",City-wide or across multiple cities,Los Angeles,,Virtually,https://www.centrocha.org,,,,,,,,,,,,,,,,,,,,,,,,,,No. Our services are offered free of cost.,"Yes, Aging Individuals (Age 60+), Incarcerated Individuals, Individuals with Language Barriers (Limited English Proficiency individuals, etc.), Ethnic or Minority Communities, Other","English, Spanish","Digital equity grant writing, Organizational training, Train-the-trainer, Mutual aid (financial), Partnership opportunities, Collective action, Information sharing, Other",No. Our services are offered free of cost.,1/12/26 14:55
Centro CHA Inc.,200 Pine Avenue Long Beach Boulevard suite 550,Long Beach,CA,90802,'+15626124162,https://www.centrocha.org,Jessica Quintana,Executive Director,jessica@centrocha.org,"Business, Community Anchor Institution, Government or Public Organization, Private Sector and Non-Governmental Organizations",,"Locating low-cost internet service programs, Enrollment assistance in low-cost internet service programs, Digital navigation (in-person or virtual/call center), Digital literacy & skills training, Technical support, Public Wi-Fi, Computer center(s), Online educational resources, Workforce development resources",City-wide or across multiple cities,Los Angeles,,In-Person,,"401Golden Avenue Long Beach, CA 90802 / 200 Pine Avenue suite 550 90802",Long Beach,'+15629002409,Mon -Friday 7:30-4:30pm,https://www.centrocha.org,"401Golden Avenue Long Beach, CA 90802 / 200 Pine Avenue suite 550 90802",Long Beach,'+15629002409,Mon -Friday 7:30-4:30pm,https://www.centrocha.org,"401Golden Avenue Long Beach, CA 90802 / 200 Pine Avenue suite 550 90802",Long Beach,'+15629002409,Mon -Friday 7:30-4:30pm,https://www.centrocha.org,"401Golden Avenue Long Beach, CA 90802 / 200 Pine Avenue suite 550 90802",Long Beach,'+15629002409,Mon -Friday 7:30-4:30pm,https://www.centrocha.org,"401Golden Avenue Long Beach, CA 90802 / 200 Pine Avenue suite 550 90802",Long Beach,'+15629002409,Mon -Friday 7:30-4:30pm,https://www.centrocha.org,No. Our services are offered free of cost.,"Yes, Aging Individuals (Age 60+), Incarcerated Individuals, Individuals with Language Barriers (Limited English Proficiency individuals, etc.), Ethnic or Minority Communities, Other","English, Spanish","Digital equity grant writing, Organizational training, Train-the-trainer, Mutual aid (financial), Partnership opportunities, Collective action, Information sharing, Other",No. Our services are offered free of cost.,1/12/26 14:55
Human-I-T,Virtual,,,,'+18882683921,https://www.human-i-t.org/,,,programs@human-i-t.org,"Business, Community Anchor Institution, Government or Public Organization, Private Sector and Non-Governmental Organizations",,"Locating low-cost internet service programs, Enrollment assistance in low-cost internet service programs, Digital navigation (in-person or virtual/call center), Digital literacy & skills training, Technical support, Free/Low-cost devices, Free/Low-cost hotspots, Online educational resources",Statewide,,,Virtually,https://store.human-i-t.org/,,,,,,,,,,,,,,,,,,,,,,,,,,No. Our services are offered free of cost.,"Yes, Aging Individuals (Age 60+), Incarcerated Individuals, Veterans, Individuals with Disabilities, Individuals with Language Barriers (Limited English Proficiency individuals, etc.), Ethnic or Minority Communities, Rural Communities","English, Spanish","Digital equity grant writing, Train-the-trainer, Partnership opportunities, Collective action, Information sharing",No. Our services are offered free of cost.,1/12/26 14:43
City of Los Angeles,Virtual,,,,'+12139780600,https://getconnected.lacity.gov/,Jaymie Park,Digital Inclusion Policy Manager,jaymie.park@lacity.org,"Business, Community Anchor Institution, Government or Public Organization, Private Sector and Non-Governmental Organizations",,"Locating low-cost internet service programs, Enrollment assistance in low-cost internet service programs, Digital navigation (in-person or virtual/call center), Digital literacy & skills training, Technical support, Free/Low-cost devices, Free/Low-cost hotspots, Public Wi-Fi, Computer center(s), Workforce development resources",City-wide or across multiple cities,Los Angeles,,Virtually,https://getconnected.lacity.gov/,,,,,,,,,,,,,,,,,,,,,,,,,,No. Our services are offered free of cost.,"Yes, Aging Individuals (Age 60+), Incarcerated Individuals, Veterans, Individuals with Disabilities, Individuals with Language Barriers (Limited English Proficiency individuals, etc.), Ethnic or Minority Communities","English, Spanish, Korean, Other",,No. Our services are offered free of cost.,1/12/26 14:40
City of Los Angeles,200 North Spring Street,Los Angeles,CA,90012,'+12139780600,https://getconnected.lacity.gov/,Jaymie Park,Digital Inclusion Policy Manager,jaymie.park@lacity.org,"Business, Community Anchor Institution, Government or Public Organization, Private Sector and Non-Governmental Organizations",,"Locating low-cost internet service programs, Enrollment assistance in low-cost internet service programs, Digital navigation (in-person or virtual/call center), Digital literacy & skills training, Technical support, Free/Low-cost devices, Free/Low-cost hotspots, Public Wi-Fi, Computer center(s), Workforce development resources",City-wide or across multiple cities,Los Angeles,,In-Person,,,,,,,,,,,,,,,,,,,,,,,,,,,No. Our services are offered free of cost.,"Yes, Aging Individuals (Age 60+), Incarcerated Individuals, Veterans, Individuals with Disabilities, Individuals with Language Barriers (Limited English Proficiency individuals, etc.), Ethnic or Minority Communities","English, Spanish, Korean, Other",,No. Our services are offered free of cost.,1/12/26 14:40
Laserfiche,Virtual,,,,'+15629881688,https://www.Laserfiche.com,Jenny Bode,Vp of People,jenny.bode@laserfiche.com,"Business, Community Anchor Institution, Government or Public Organization, Private Sector and Non-Governmental Organizations",,Digital literacy & skills training,Statewide,,,Virtually,,,,,,,,,,,,,,,,,,,,,,,,,,,No. Our services are offered free of cost.,No,English,Partnership opportunities,No. Our services are offered free of cost.,1/12/26 14:26
Homeboy Industries,130 Bruno St,Los Angeles,CA,90012-1815,'+13235261254,https://homeboyindustries.org/,Brittany Morton; Fabian Garcia; Lami Glen; Jaideep Upadhyay,Director of Educational Services; Director of Government Relations; Fleet Manager; Institutional Giving Officer,bmorton@homeboyindustries.org,"Business, Community Anchor Institution, Government or Public Organization, Private Sector and Non-Governmental Organizations",,"Digital navigation (in-person or virtual/call center), Digital literacy & skills training, Technical support, Public Wi-Fi, Computer center(s), Workforce development resources",City-wide or across multiple cities,Los Angeles,,In-Person,,Homeboy Industries,Los Angeles,'+13235261254,8:30-4:00,https://homeboyindustries.org/,Homeboy Industries,Los Angeles,'+13235261254,8:30-4:00,https://homeboyindustries.org/,Homeboy Industries,Los Angeles,'+13235261254,8:30-4:00,https://homeboyindustries.org/,Homeboy Industries,Los Angeles,'+13235261254,8:30-4:00,https://homeboyindustries.org/,Homeboy Industries,Los Angeles,'+13235261254,8:30-4:00,https://homeboyindustries.org/,No. Our services are offered free of cost.,"Yes, Individuals with Disabilities, Ethnic or Minority Communities, Other",English,"Partnership opportunities, Collective action, Information sharing",No. Our services are offered free of cost.,1/12/26 13:52
Cox Communications,Virtual,,,,'+18002343993,https://cox.com/awwr,Cassandra Weinlein,"VP, Field Government and Public Affairs",cassandra.weinlein@cox.com,"Business, Community Anchor Institution, Government or Public Organization, Private Sector and Non-Governmental Organizations",Yes,"Enrollment assistance in low-cost internet service programs, Computer center(s), Online educational resources",City-wide or across multiple cities,"Los Angeles, Orange, San Diego, Santa Barbara, Ventura",,Virtually,https://www.cox.com/AWWR,,,,,,,,,,,,,,,,,,,,,,,,,,Yes. We charge a fee for our services and it’s more than $25.,"Yes, Other","English, Spanish",Partnership opportunities,No. Our services are offered free of cost.,1/12/26 13:49
Cox Communications,30652 Santa Margarita Pkwy,Rancho Santa Margarita,CA,92688,'+18002343993,https://cox.com/awwr,Cassandra Weinlein,"VP, Field Government and Public Affairs",cassandra.weinlein@cox.com,"Business, Community Anchor Institution, Government or Public Organization, Private Sector and Non-Governmental Organizations",Yes,"Enrollment assistance in low-cost internet service programs, Computer center(s), Online educational resources",City-wide or across multiple cities,"Los Angeles, Orange, San Diego, Santa Barbara, Ventura",,In-Person,,Rancho Santa Margarita Solutions Store,Rancho Santa Margarita,'+19492169765,Mon-Sat: 10-6,,Rancho Santa Margarita Solutions Store,Rancho Santa Margarita,'+19492169765,Mon-Sat: 10-6,,Rancho Santa Margarita Solutions Store,Rancho Santa Margarita,'+19492169765,Mon-Sat: 10-6,,Rancho Santa Margarita Solutions Store,Rancho Santa Margarita,'+19492169765,Mon-Sat: 10-6,,Rancho Santa Margarita Solutions Store,Rancho Santa Margarita,'+19492169765,Mon-Sat: 10-6,,Yes. We charge a fee for our services and it’s more than $25.,"Yes, Other","English, Spanish",Partnership opportunities,No. Our services are offered free of cost.,1/12/26 13:49
East Bay Broadband Consortium,Virtual,,,,'+15185428105,https://www.eastbaybroadband.org/,Patrick Messac,Director,info@eastbaybroadband.org,"Business, Community Anchor Institution, Government or Public Organization, Private Sector and Non-Governmental Organizations",,Technical support,County-wide or across multiple counties,"Alameda, Contra Costa, Solano",,Virtually,,,,,,,,,,,,,,,,,,,,,,,,,,,No. Our services are offered free of cost.,Yes,"English, Spanish","Digital equity grant writing, Organizational training, Partnership opportunities, Collective action, Information sharing",No. Our services are offered free of cost.,1/12/26 13:16
"California State University, Dominguez Hills",Virtual,,,,'+13102433823,https://win.csudh.edu,Krystal Rawls,"Director, Workforce Integration Network",kmrawls@csudh.edu,"Business, Community Anchor Institution, Government or Public Organization, Private Sector and Non-Governmental Organizations",,"Digital navigation (in-person or virtual/call center), Digital literacy & skills training, Technical support, Public Wi-Fi, Computer center(s), Online educational resources, Workforce development resources",County-wide or across multiple counties,Los Angeles,,Virtually,https://csudh.edu,,,,,,,,,,,,,,,,,,,,,,,,,,Yes. We charge a fee for our services and it’s more than $25.,"Yes, Aging Individuals (Age 60+), Incarcerated Individuals, Veterans, Individuals with Disabilities, Individuals with Language Barriers (Limited English Proficiency individuals, etc.), Ethnic or Minority Communities","English, Spanish","Digital equity grant writing, Train-the-trainer, Partnership opportunities, Collective action, Information sharing",No. Our services are offered free of cost.,1/12/26 12:50
"California State University, Dominguez Hills",1000 E Victoria Street,Carson,CA,90747,'+13102433823,https://win.csudh.edu,Krystal Rawls,"Director, Workforce Integration Network",kmrawls@csudh.edu,"Business, Community Anchor Institution, Government or Public Organization, Private Sector and Non-Governmental Organizations",,"Digital navigation (in-person or virtual/call center), Digital literacy & skills training, Technical support, Public Wi-Fi, Computer center(s), Online educational resources, Workforce development resources",County-wide or across multiple counties,Los Angeles,,In-Person,,"California State University, Dominguez Hills",Carson,,,,"California State University, Dominguez Hills",Carson,,,,"California State University, Dominguez Hills",Carson,,,,"California State University, Dominguez Hills",Carson,,,,"California State University, Dominguez Hills",Carson,,,,Yes. We charge a fee for our services and it’s more than $25.,"Yes, Aging Individuals (Age 60+), Incarcerated Individuals, Veterans, Individuals with Disabilities, Individuals with Language Barriers (Limited English Proficiency individuals, etc.), Ethnic or Minority Communities","English, Spanish","Digital equity grant writing, Train-the-trainer, Partnership opportunities, Collective action, Information sharing",No. Our services are offered free of cost.,1/12/26 12:50
"Lekindracy Group, LLC",Virtual,,,,'+17604479805,https://lekindracy.com,Krystal Rawls,Co-owner,rawls@lekindracy.com,"Business, Community Anchor Institution, Government or Public Organization, Private Sector and Non-Governmental Organizations",,Online educational resources,Other,,,Virtually,https://lekindracy.com,,,,,,,,,,,,,,,,,,,,,,,,,,No. Our services are offered free of cost.,"Yes, Aging Individuals (Age 60+), Incarcerated Individuals, Veterans, Ethnic or Minority Communities",English,"Digital equity grant writing, Organizational training, Train-the-trainer, Partnership opportunities, Collective action",Yes. We charge a fee for our services.,1/12/26 12:41
Fresno Coalition for Digital Inclusion (FCDI),Virtual,,,,'+15598990789,https://connectfresno.org/,Lindsey Skolnik,Project Coordinator,info@connectfresno.org,"Business, Community Anchor Institution, Government or Public Organization, Private Sector and Non-Governmental Organizations",,Online educational resources,County-wide or across multiple counties,Fresno,,Virtually,https://connectfresno.org/,,,,,,,,,,,,,,,,,,,,,,,,,,No. Our services are offered free of cost.,No,English,"Partnership opportunities, Collective action, Information sharing",No. Our services are offered free of cost.,1/12/26 12:36
City of Palmdale,Virtual,,,,'+16612675416,https://www.cityofpalmdaleca.gov/,Donnita Talavera,Innovation & Environmental Manager,dtalavera@cityofpalmdaleca.gov,"Business, Community Anchor Institution, Government or Public Organization, Private Sector and Non-Governmental Organizations",,"Locating low-cost internet service programs, Enrollment assistance in low-cost internet service programs, Digital literacy & skills training, Free/Low-cost devices, Free/Low-cost hotspots, Public Wi-Fi, Computer center(s), Online educational resources",City-wide or across multiple cities,Los Angeles,,Virtually,https://www.cityofpalmdaleca.gov/1551/16764/Digital-Access,,,,,,,,,,,,,,,,,,,,,,,,,,No. Our services are offered free of cost.,"Yes, Aging Individuals (Age 60+), Incarcerated Individuals, Veterans, Individuals with Disabilities, Individuals with Language Barriers (Limited English Proficiency individuals, etc.), Ethnic or Minority Communities, Rural Communities","English, Spanish","Partnership opportunities, Information sharing",No. Our services are offered free of cost.,1/12/26 12:01
City of Palmdale,700 E Palmdale Blvd,Palmdale,CA,93550,'+16612675416,https://www.cityofpalmdaleca.gov/,Donnita Talavera,Innovation & Environmental Manager,dtalavera@cityofpalmdaleca.gov,"Business, Community Anchor Institution, Government or Public Organization, Private Sector and Non-Governmental Organizations",,"Locating low-cost internet service programs, Enrollment assistance in low-cost internet service programs, Digital literacy & skills training, Free/Low-cost devices, Free/Low-cost hotspots, Public Wi-Fi, Computer center(s), Online educational resources",City-wide or across multiple cities,Los Angeles,,In-Person,,City Library,Palmdale,'+16612675600,7:30am-6:00pm,https://www.cityofpalmdaleca.gov/318/Palmdale-City-Library,City Library,Palmdale,'+16612675600,7:30am-6:00pm,https://www.cityofpalmdaleca.gov/318/Palmdale-City-Library,City Library,Palmdale,'+16612675600,7:30am-6:00pm,https://www.cityofpalmdaleca.gov/318/Palmdale-City-Library,City Library,Palmdale,'+16612675600,7:30am-6:00pm,https://www.cityofpalmdaleca.gov/318/Palmdale-City-Library,City Library,Palmdale,'+16612675600,7:30am-6:00pm,https://www.cityofpalmdaleca.gov/318/Palmdale-City-Library,No. Our services are offered free of cost.,"Yes, Aging Individuals (Age 60+), Incarcerated Individuals, Veterans, Individuals with Disabilities, Individuals with Language Barriers (Limited English Proficiency individuals, etc.), Ethnic or Minority Communities, Rural Communities","English, Spanish","Partnership opportunities, Information sharing",No. Our services are offered free of cost.,1/12/26 12:01
UNITE-LA,Virtual,,,,'+13108961962,https://www.unitela.com/,Liliana Aide Monge,Director of Digital Equity,lmonge@unitela.com,"Business, Community Anchor Institution, Government or Public Organization, Private Sector and Non-Governmental Organizations",,"Digital literacy & skills training, Online educational resources, Workforce development resources",County-wide or across multiple counties,Los Angeles,,Virtually,https://www.unitela.com/events,,,,,,,,,,,,,,,,,,,,,,,,,,No. Our services are offered free of cost.,"Yes, Individuals with Language Barriers (Limited English Proficiency individuals, etc.), Ethnic or Minority Communities, Other",English,"Digital equity grant writing, Organizational training, Partnership opportunities, Collective action, Information sharing, Other",No. Our services are offered free of cost.,1/12/26 11:50
ONEgeneration,18255 Victory Blvd.,Reseda,CA,91335,'+18187086668,https://www.ONEgeneration.org,Amber Fuellenbach,Director of Special Projects,volunteer@onegeneration.org,"Business, Community Anchor Institution, Government or Public Organization, Private Sector and Non-Governmental Organizations",,"Digital navigation (in-person or virtual/call center), Digital literacy & skills training, Technical support, Public Wi-Fi, Online educational resources",City-wide or across multiple cities,Los Angeles,,In-Person,,ONEgeneration Senior Enrichment Center,Reseda,'+18187052345,M-F 8am to 5pm,https://www.onegeneration.org/onegeneration-senior-enrichment-center-osec/,ONEgeneration Senior Enrichment Center,Reseda,'+18187052345,M-F 8am to 5pm,https://www.onegeneration.org/onegeneration-senior-enrichment-center-osec/,ONEgeneration Senior Enrichment Center,Reseda,'+18187052345,M-F 8am to 5pm,https://www.onegeneration.org/onegeneration-senior-enrichment-center-osec/,ONEgeneration Senior Enrichment Center,Reseda,'+18187052345,M-F 8am to 5pm,https://www.onegeneration.org/onegeneration-senior-enrichment-center-osec/,ONEgeneration Senior Enrichment Center,Reseda,'+18187052345,M-F 8am to 5pm,https://www.onegeneration.org/onegeneration-senior-enrichment-center-osec/,No. Our services are offered free of cost.,"Yes, Aging Individuals (Age 60+), Veterans, Individuals with Disabilities, Individuals with Language Barriers (Limited English Proficiency individuals, etc.), Ethnic or Minority Communities","English, Spanish, Armenian, Farsi","Partnership opportunities, Information sharing",No. Our services are offered free of cost.,1/12/26 11:48
International Rescue Committee,Virtual,,,,'+16196417510,https://www.rescue.org/united-states/san-diego-ca,Adeem Ismaeil,"Education & Training Program Manager - San Diego, CA",adeem.ismaeil@rescue.org,"Business, Community Anchor Institution, Government or Public Organization, Private Sector and Non-Governmental Organizations",,"Enrollment assistance in low-cost internet service programs, Digital literacy & skills training",City-wide or across multiple cities,San Diego,,Virtually,https://www.rescue.org/united-states/san-diego-ca,,,,,,,,,,,,,,,,,,,,,,,,,,No. Our services are offered free of cost.,"Yes, Aging Individuals (Age 60+), Incarcerated Individuals, Veterans, Individuals with Language Barriers (Limited English Proficiency individuals, etc.), Ethnic or Minority Communities, Rural Communities","English, Spanish, Farsi, Arabic, Other",Information sharing,No. Our services are offered free of cost.,1/12/26 11:44
International Rescue Committee,5348 University Ave #205,San Diego,CA,92105,'+16196417510,https://www.rescue.org/united-states/san-diego-ca,Adeem Ismaeil,"Education & Training Program Manager - San Diego, CA",adeem.ismaeil@rescue.org,"Business, Community Anchor Institution, Government or Public Organization, Private Sector and Non-Governmental Organizations",,"Enrollment assistance in low-cost internet service programs, Digital literacy & skills training",City-wide or across multiple cities,San Diego,,In-Person,,International Rescue Committee,San Diego,'+16196417510,Monday to Friday 8:30 AM to 5:00 PM,https://www.rescue.org/united-states/san-diego-ca,International Rescue Committee,San Diego,'+16196417510,Monday to Friday 8:30 AM to 5:00 PM,https://www.rescue.org/united-states/san-diego-ca,International Rescue Committee,San Diego,'+16196417510,Monday to Friday 8:30 AM to 5:00 PM,https://www.rescue.org/united-states/san-diego-ca,International Rescue Committee,San Diego,'+16196417510,Monday to Friday 8:30 AM to 5:00 PM,https://www.rescue.org/united-states/san-diego-ca,International Rescue Committee,San Diego,'+16196417510,Monday to Friday 8:30 AM to 5:00 PM,https://www.rescue.org/united-states/san-diego-ca,No. Our services are offered free of cost.,"Yes, Aging Individuals (Age 60+), Incarcerated Individuals, Veterans, Individuals with Language Barriers (Limited English Proficiency individuals, etc.), Ethnic or Minority Communities, Rural Communities","English, Spanish, Farsi, Arabic, Other",Information sharing,No. Our services are offered free of cost.,1/12/26 11:44
Coalition for Humane Immigrant Rights (CHIRLA),1730 W. Olympic Blvd,,CA,90015,'+12133531333,http://www.chirla.org,Gebriel Dawit,Director of IT,gebriel@chirla.org,"Business, Community Anchor Institution, Government or Public Organization, Private Sector and Non-Governmental Organizations",,"Enrollment assistance in low-cost internet service programs, Digital navigation (in-person or virtual/call center), Digital literacy & skills training, Free/Low-cost devices, Public Wi-Fi",Other,,,In-Person,,Immigrant Welcome & Empowerment Center,,,,,Immigrant Welcome & Empowerment Center,,,,,Immigrant Welcome & Empowerment Center,,,,,Immigrant Welcome & Empowerment Center,,,,,Immigrant Welcome & Empowerment Center,,,,,No. Our services are offered free of cost.,No,"English, Spanish","Partnership opportunities, Collective action, Information sharing",No. Our services are offered free of cost.,1/12/26 11:42
City of Downey,Virtual,,,,'+15628697331,https://www.downeyca.org,Shantae,Management Analyst,sduren@downeyca.org,"Business, Community Anchor Institution, Government or Public Organization, Private Sector and Non-Governmental Organizations",,"Digital literacy & skills training, Free/Low-cost devices, Free/Low-cost hotspots, Public Wi-Fi, Computer center(s), Online educational resources, Workforce development resources",City-wide or across multiple cities,Los Angeles,,Virtually,https://www.downeylibrary.org/#block-d97b0642d7fe5b676ee0,,,,,,,,,,,,,,,,,,,,,,,,,,No. Our services are offered free of cost.,"Yes, Aging Individuals (Age 60+), Other","English, Other",,No. Our services are offered free of cost.,1/12/26 11:41
City of Downey,11121 Brookshire Avenue,Downey,CA,90241,'+15628697331,https://www.downeyca.org,Shantae,Management Analyst,sduren@downeyca.org,"Business, Community Anchor Institution, Government or Public Organization, Private Sector and Non-Governmental Organizations",,"Digital literacy & skills training, Free/Low-cost devices, Free/Low-cost hotspots, Public Wi-Fi, Computer center(s), Online educational resources, Workforce development resources",City-wide or across multiple cities,Los Angeles,,In-Person,,Downey City Library & Civic Center,Downey,'+15629047360,"Mon-Thurs: 10am-8pm, Fri-Sat: 10am-5pm, Sun: Closed",https://www.downeylibrary.org/#block-d97b0642d7fe5b676ee0,Downey City Library & Civic Center,Downey,'+15629047360,"Mon-Thurs: 10am-8pm, Fri-Sat: 10am-5pm, Sun: Closed",https://www.downeylibrary.org/#block-d97b0642d7fe5b676ee0,Downey City Library & Civic Center,Downey,'+15629047360,"Mon-Thurs: 10am-8pm, Fri-Sat: 10am-5pm, Sun: Closed",https://www.downeylibrary.org/#block-d97b0642d7fe5b676ee0,Downey City Library & Civic Center,Downey,'+15629047360,"Mon-Thurs: 10am-8pm, Fri-Sat: 10am-5pm, Sun: Closed",https://www.downeylibrary.org/#block-d97b0642d7fe5b676ee0,Downey City Library & Civic Center,Downey,'+15629047360,"Mon-Thurs: 10am-8pm, Fri-Sat: 10am-5pm, Sun: Closed",https://www.downeylibrary.org/#block-d97b0642d7fe5b676ee0,No. Our services are offered free of cost.,"Yes, Aging Individuals (Age 60+), Other","English, Other",,No. Our services are offered free of cost.,1/12/26 11:41
International Rescue Committee - San Diego,Virtual,,,,'+16196417510,https://www.rescue.org/,Adeem Ismaeil,"Education & Training Program Manager - San Diego, CA",adeem.ismaeil@rescue.org,"Business, Community Anchor Institution, Government or Public Organization, Private Sector and Non-Governmental Organizations",,"Enrollment assistance in low-cost internet service programs, Digital navigation (in-person or virtual/call center), Digital literacy & skills training",City-wide or across multiple cities,San Diego,,Virtually,https://www.rescue.org/united-states/san-diego-ca,,,,,,,,,,,,,,,,,,,,,,,,,,No. Our services are offered free of cost.,"Yes, Aging Individuals (Age 60+), Incarcerated Individuals, Veterans, Individuals with Language Barriers (Limited English Proficiency individuals, etc.), Ethnic or Minority Communities, Rural Communities","English, Spanish, Farsi, Arabic, Russian, Other",,,1/12/26 11:34
International Rescue Committee - San Diego,5348 University Ave #205,San Diego,CA,92105,'+16196417510,https://www.rescue.org/,Adeem Ismaeil,"Education & Training Program Manager - San Diego, CA",adeem.ismaeil@rescue.org,"Business, Community Anchor Institution, Government or Public Organization, Private Sector and Non-Governmental Organizations",,"Enrollment assistance in low-cost internet service programs, Digital navigation (in-person or virtual/call center), Digital literacy & skills training",City-wide or across multiple cities,San Diego,,In-Person,,International Rescue Committee,San Diego,'+16196417510,"Monday to Friday, 8:30 AM–5 PM",https://www.rescue.org/united-states/san-diego-ca,International Rescue Committee,San Diego,'+16196417510,"Monday to Friday, 8:30 AM–5 PM",https://www.rescue.org/united-states/san-diego-ca,International Rescue Committee,San Diego,'+16196417510,"Monday to Friday, 8:30 AM–5 PM",https://www.rescue.org/united-states/san-diego-ca,International Rescue Committee,San Diego,'+16196417510,"Monday to Friday, 8:30 AM–5 PM",https://www.rescue.org/united-states/san-diego-ca,International Rescue Committee,San Diego,'+16196417510,"Monday to Friday, 8:30 AM–5 PM",https://www.rescue.org/united-states/san-diego-ca,No. Our services are offered free of cost.,"Yes, Aging Individuals (Age 60+), Incarcerated Individuals, Veterans, Individuals with Language Barriers (Limited English Proficiency individuals, etc.), Ethnic or Minority Communities, Rural Communities","English, Spanish, Farsi, Arabic, Russian, Other",,,1/12/26 11:34
Michelson 20MM Foundation,Virtual,,,,'+13109126104,https://20mm.org/,Cristal Mojica,Program Manager,c.mojica@20mm.org,"Business, Community Anchor Institution, Government or Public Organization, Private Sector and Non-Governmental Organizations",,Enrollment assistance in low-cost internet service programs,County-wide or across multiple counties,Los Angeles,,Virtually,https://20mm.org/,,,,,,,,,,,,,,,,,,,,,,,,,,No. Our services are offered free of cost.,Yes,English,"Mutual aid (financial), Information sharing",No. Our services are offered free of cost.,1/12/26 10:36
"Lifetime Learning Center, Long Beach College Foundation",1305 E. Pacific Coat Hwy,Long Beach,CA,90806,'+15629383047,https://lbccfoundation.org,Theresa Brunella,Director,tbrunella@lbcc.edu,"Business, Community Anchor Institution, Government or Public Organization, Private Sector and Non-Governmental Organizations",,Public Wi-Fi,Specific school site,,,In-Person,,LBCC Campus,,,,,LBCC Campus,,,,,LBCC Campus,,,,,LBCC Campus,,,,,LBCC Campus,,,,,No. Our services are offered free of cost.,"Yes, Aging Individuals (Age 60+), Incarcerated Individuals, Veterans, Individuals with Disabilities, Individuals with Language Barriers (Limited English Proficiency individuals, etc.), Ethnic or Minority Communities",Other,Information sharing,No. Our services are offered free of cost.,1/12/26 9:52
Los Angeles Economic Development Corporation,Virtual,,,,'+12136224300,https://www.laedc.org,Joel Martin,Community Broadband Manager,joel.martin@laedc.org,"Business, Community Anchor Institution, Government or Public Organization, Private Sector and Non-Governmental Organizations",,Workforce development resources,City-wide or across multiple cities,Los Angeles,,Virtually,https://www.ladeal.org,,,,,,,,,,,,,,,,,,,,,,,,,,No. Our services are offered free of cost.,"Yes, Aging Individuals (Age 60+), Incarcerated Individuals, Veterans, Individuals with Disabilities, Individuals with Language Barriers (Limited English Proficiency individuals, etc.), Ethnic or Minority Communities, Rural Communities, Other","English, Spanish","Digital equity grant writing, Partnership opportunities, Information sharing",No. Our services are offered free of cost.,1/12/26 9:19
City of Artesia,18750 Clarkdale Avenue,Artesia,CA,90701,'+15628656262,https://www.cityofartesia.us,Karen Lee,Special Projects Manager,klee@cityofartesia.us,"Business, Community Anchor Institution, Government or Public Organization, Private Sector and Non-Governmental Organizations",,Enrollment assistance in low-cost internet service programs,City-wide or across multiple cities,Los Angeles,,In-Person,,Albert O. Little Community Center,Artesia,'+15628656262,8 AM-5 PM,https://www.cityofartesia.us,Albert O. Little Community Center,Artesia,'+15628656262,8 AM-5 PM,https://www.cityofartesia.us,Albert O. Little Community Center,Artesia,'+15628656262,8 AM-5 PM,https://www.cityofartesia.us,Albert O. Little Community Center,Artesia,'+15628656262,8 AM-5 PM,https://www.cityofartesia.us,Albert O. Little Community Center,Artesia,'+15628656262,8 AM-5 PM,https://www.cityofartesia.us,No. Our services are offered free of cost.,No,"English, Spanish",,,1/12/26 8:28
Resources for Independence Central Valleyy,Virtual,,,,'+15592212330,https://ricv.org,James Bennett,Operations,jbennett@ricv.org,"Business, Community Anchor Institution, Government or Public Organization, Private Sector and Non-Governmental Organizations",,"Locating low-cost internet service programs, Enrollment assistance in low-cost internet service programs, Digital navigation (in-person or virtual/call center), Digital literacy & skills training, Technical support, Free/Low-cost devices, Free/Low-cost hotspots, Public Wi-Fi, Computer center(s), Online educational resources, Workforce development resources",County-wide or across multiple counties,"Fresno, Kings, Madera, Merced, Tulare",,Virtually,https://ricv.org,,,,,,,,,,,,,,,,,,,,,,,,,,No. Our services are offered free of cost.,"Yes, Aging Individuals (Age 60+), Veterans, Individuals with Disabilities, Individuals with Language Barriers (Limited English Proficiency individuals, etc.), Rural Communities","English, Spanish, Other","Partnership opportunities, Information sharing",No. Our services are offered free of cost.,1/12/26 8:22
Resources for Independence Central Valleyy,3636 N First St,Fresno,CA,93726,'+15592212330,https://ricv.org,James Bennett,Operations,jbennett@ricv.org,"Business, Community Anchor Institution, Government or Public Organization, Private Sector and Non-Governmental Organizations",,"Locating low-cost internet service programs, Enrollment assistance in low-cost internet service programs, Digital navigation (in-person or virtual/call center), Digital literacy & skills training, Technical support, Free/Low-cost devices, Free/Low-cost hotspots, Public Wi-Fi, Computer center(s), Online educational resources, Workforce development resources",County-wide or across multiple counties,"Fresno, Kings, Madera, Merced, Tulare",,In-Person,,Resources for Independence Central Valley,Fresno,'+15592212330,8:30a - 5:00p,https://ricv.org,Resources for Independence Central Valley,Fresno,'+15592212330,8:30a - 5:00p,https://ricv.org,Resources for Independence Central Valley,Fresno,'+15592212330,8:30a - 5:00p,https://ricv.org,Resources for Independence Central Valley,Fresno,'+15592212330,8:30a - 5:00p,https://ricv.org,Resources for Independence Central Valley,Fresno,'+15592212330,8:30a - 5:00p,https://ricv.org,No. Our services are offered free of cost.,"Yes, Aging Individuals (Age 60+), Veterans, Individuals with Disabilities, Individuals with Language Barriers (Limited English Proficiency individuals, etc.), Rural Communities","English, Spanish, Other","Partnership opportunities, Information sharing",No. Our services are offered free of cost.,1/12/26 8:22
Housing Authority of the City of Los Angeles,11 locations throughout Los Angeles,,,,'+12138809962,https://hacla.org,Cris Arzate,Deputy Assistant Director,cristopher.arzate@hacla.org,"Business, Community Anchor Institution, Government or Public Organization, Private Sector and Non-Governmental Organizations",,"Enrollment assistance in low-cost internet service programs, Digital literacy & skills training, Computer center(s), Online educational resources, Workforce development resources",Specific public or affordable housing development/building,,,In-Person,,11 housing authority public housing developments,,'+12138809962,5-Sep,https://hacla.org,11 housing authority public housing developments,,'+12138809962,5-Sep,https://hacla.org,11 housing authority public housing developments,,'+12138809962,5-Sep,https://hacla.org,11 housing authority public housing developments,,'+12138809962,5-Sep,https://hacla.org,11 housing authority public housing developments,,'+12138809962,5-Sep,https://hacla.org,No. Our services are offered free of cost.,"Yes, Aging Individuals (Age 60+), Incarcerated Individuals, Veterans, Individuals with Disabilities, Individuals with Language Barriers (Limited English Proficiency individuals, etc.), Ethnic or Minority Communities","English, Spanish","Partnership opportunities, Information sharing",No. Our services are offered free of cost.,1/12/26 7:46
City of El Monte,3120 Tyler Ave,El Monte,CA,91731,'+16265802001,https://elmonteca.gov/,Marisol Ramirez,Management Analyst/Grant Writer,mramirez@elmonteca.gov,"Business, Community Anchor Institution, Government or Public Organization, Private Sector and Non-Governmental Organizations",,"Computer center(s), Workforce development resources",City-wide or across multiple cities,Los Angeles,,In-Person,,Jack Crippen Multipurpose Senior Center,El Monte,'+16265802210,M-Th: 7:30-5:30; F: 8:00-2:00,https://www.ci.el-monte.ca.us/189/Community-Senior-Services,Jack Crippen Multipurpose Senior Center,El Monte,'+16265802210,M-Th: 7:30-5:30; F: 8:00-2:00,https://www.ci.el-monte.ca.us/189/Community-Senior-Services,Jack Crippen Multipurpose Senior Center,El Monte,'+16265802210,M-Th: 7:30-5:30; F: 8:00-2:00,https://www.ci.el-monte.ca.us/189/Community-Senior-Services,Jack Crippen Multipurpose Senior Center,El Monte,'+16265802210,M-Th: 7:30-5:30; F: 8:00-2:00,https://www.ci.el-monte.ca.us/189/Community-Senior-Services,Jack Crippen Multipurpose Senior Center,El Monte,'+16265802210,M-Th: 7:30-5:30; F: 8:00-2:00,https://www.ci.el-monte.ca.us/189/Community-Senior-Services,No. Our services are offered free of cost.,"Yes, Aging Individuals (Age 60+), Individuals with Disabilities, Individuals with Language Barriers (Limited English Proficiency individuals, etc.), Ethnic or Minority Communities","English, Spanish, Mandarin",,No. Our services are offered free of cost.,1/12/26 7:41
Workbay LLC-C,Virtual,,,,'+19012324377,https://www.workbay.net,Mary Hayes,CEO,mary@workbay.net,"Business, Community Anchor Institution, Government or Public Organization, Private Sector and Non-Governmental Organizations",,"Digital literacy & skills training, Online educational resources, Workforce development resources",Statewide,,,Virtually,https://www.back2work.bcoe.org,,,,,,,,,,,,,,,,,,,,,,,,,,No. Our services are offered free of cost.,"Yes, Aging Individuals (Age 60+), Incarcerated Individuals, Veterans, Individuals with Disabilities, Individuals with Language Barriers (Limited English Proficiency individuals, etc.), Ethnic or Minority Communities, Rural Communities, Other","English, Spanish, Other","Digital equity grant writing, Organizational training, Train-the-trainer, Partnership opportunities, Information sharing",Yes. We charge a fee for our services.,1/12/26 7:32
Workbay LLC-C,6045 Graciosa Drive,Los Angeles,CA,90068,'+19012324377,https://www.workbay.net,Mary Hayes,CEO,mary@workbay.net,"Business, Community Anchor Institution, Government or Public Organization, Private Sector and Non-Governmental Organizations",,"Digital literacy & skills training, Online educational resources, Workforce development resources",Statewide,,,In-Person,,Inside CDCR units and across state-- we will bulk upload- we serve via many organizations and through CDCR,,'+19012324377,,https://www.back2work.bcoe.org,Inside CDCR units and across state-- we will bulk upload- we serve via many organizations and through CDCR,,'+19012324377,,https://www.back2work.bcoe.org,Inside CDCR units and across state-- we will bulk upload- we serve via many organizations and through CDCR,,'+19012324377,,https://www.back2work.bcoe.org,Inside CDCR units and across state-- we will bulk upload- we serve via many organizations and through CDCR,,'+19012324377,,https://www.back2work.bcoe.org,Inside CDCR units and across state-- we will bulk upload- we serve via many organizations and through CDCR,,'+19012324377,,https://www.back2work.bcoe.org,No. Our services are offered free of cost.,"Yes, Aging Individuals (Age 60+), Incarcerated Individuals, Veterans, Individuals with Disabilities, Individuals with Language Barriers (Limited English Proficiency individuals, etc.), Ethnic or Minority Communities, Rural Communities, Other","English, Spanish, Other","Digital equity grant writing, Organizational training, Train-the-trainer, Partnership opportunities, Information sharing",Yes. We charge a fee for our services.,1/12/26 7:32
BroadbandToolkit.com,Virtual,,,,'+14153465393,https://broadbandtoolkit.com/,J. Randolph Luening,Founder,randy@broadbandtoolkit.com,"Business, Community Anchor Institution, Government or Public Organization, Private Sector and Non-Governmental Organizations",,"Enrollment assistance in low-cost internet service programs, Technical support, Workforce development resources",Statewide,,,Virtually,https://broadbandtoolkit.com/products/digital-equity-toolkit,,,,,,,,,,,,,,,,,,,,,,,,,,Yes. We charge a fee for our services and it’s more than $25.,"Yes, Other","English, Other","Digital equity grant writing, Organizational training, Train-the-trainer, Partnership opportunities, Information sharing, Other",Yes. We charge a fee for our services.,1/11/26 18:41
FLORECER,620 El Toro Way,Gilroy,CA,95020,'+18318094721,https://www.floreceryuma.org,Audren Morris-Sandoval,Founder/Executive Director,audren@floreceryuma.org,"Business, Community Anchor Institution, Government or Public Organization, Private Sector and Non-Governmental Organizations",,"Digital navigation (in-person or virtual/call center), Digital literacy & skills training, Technical support, Workforce development resources",County-wide or across multiple counties,Imperial,,In-Person,,On site at high schools an community center/public libraries,,,8:00am-5:00pm M-F,https://www.floreceryuma.org/copy-of-about-us,On site at high schools an community center/public libraries,,,8:00am-5:00pm M-F,https://www.floreceryuma.org/copy-of-about-us,On site at high schools an community center/public libraries,,,8:00am-5:00pm M-F,https://www.floreceryuma.org/copy-of-about-us,On site at high schools an community center/public libraries,,,8:00am-5:00pm M-F,https://www.floreceryuma.org/copy-of-about-us,On site at high schools an community center/public libraries,,,8:00am-5:00pm M-F,https://www.floreceryuma.org/copy-of-about-us,No. Our services are offered free of cost.,"Yes, Individuals with Language Barriers (Limited English Proficiency individuals, etc.), Ethnic or Minority Communities, Rural Communities","English, Spanish",,No. Our services are offered free of cost.,1/11/26 11:12
LOUISE W. CALHOUN FOUNDATION INC.,Virtual,,,,'+13103487214,https://www.lwcfoundation.com,FRANKLIN WINDOM,PRESIDENT,contact@lwcfoundation.com,"Business, Community Anchor Institution, Government or Public Organization, Private Sector and Non-Governmental Organizations",,"Locating low-cost internet service programs, Digital navigation (in-person or virtual/call center), Digital literacy & skills training, Free/Low-cost devices, Free/Low-cost hotspots, Online educational resources, Workforce development resources",County-wide or across multiple counties,,,Virtually,https://www.deletethedivide.org,,,,,,,,,,,,,,,,,,,,,,,,,,No. Our services are offered free of cost.,"Yes, Aging Individuals (Age 60+), Incarcerated Individuals, Veterans, Individuals with Disabilities, Ethnic or Minority Communities",English,"Organizational training, Train-the-trainer, Partnership opportunities, Information sharing",No. Our services are offered free of cost.,1/10/26 3:04
Everyone On,Virtual,,,,'+15107618783,https://www.everyoneon.org,Paulina Chavez,Director of Programs,paulina@everyoneon.org,"Business, Community Anchor Institution, Government or Public Organization, Private Sector and Non-Governmental Organizations",,"Locating low-cost internet service programs, Enrollment assistance in low-cost internet service programs, Digital literacy & skills training, Free/Low-cost devices, Online educational resources",County-wide or across multiple counties,"Alameda, Fresno, Kern, Los Angeles, San Francisco, San Mateo, Santa Clara, Tulare",,Virtually,https://www.everyoneon.org,,,,,,,,,,,,,,,,,,,,,,,,,,No. Our services are offered free of cost.,"Yes, Aging Individuals (Age 60+), Veterans, Individuals with Language Barriers (Limited English Proficiency individuals, etc.), Ethnic or Minority Communities","English, Spanish, Mandarin, Russian, Punjabi, Other","Organizational training, Train-the-trainer, Partnership opportunities, Collective action, Information sharing",Yes. We charge a fee for our services.,1/9/26 17:42
Everyone On,1110 N. Virgil Ave,Los Angeles,CA,90029,'+15107618783,https://www.everyoneon.org,Paulina Chavez,Director of Programs,paulina@everyoneon.org,"Business, Community Anchor Institution, Government or Public Organization, Private Sector and Non-Governmental Organizations",,"Locating low-cost internet service programs, Enrollment assistance in low-cost internet service programs, Digital literacy & skills training, Free/Low-cost devices, Online educational resources",County-wide or across multiple counties,"Alameda, Fresno, Kern, Los Angeles, San Francisco, San Mateo, Santa Clara, Tulare",,In-Person,,In person services are provided in partnership with local organizations; locations vary throughout the year.,,,,,In person services are provided in partnership with local organizations; locations vary throughout the year.,,,,,In person services are provided in partnership with local organizations; locations vary throughout the year.,,,,,In person services are provided in partnership with local organizations; locations vary throughout the year.,,,,,In person services are provided in partnership with local organizations; locations vary throughout the year.,,,,,No. Our services are offered free of cost.,"Yes, Aging Individuals (Age 60+), Veterans, Individuals with Language Barriers (Limited English Proficiency individuals, etc.), Ethnic or Minority Communities","English, Spanish, Mandarin, Russian, Punjabi, Other","Organizational training, Train-the-trainer, Partnership opportunities, Collective action, Information sharing",Yes. We charge a fee for our services.,1/9/26 17:42
Lynwood USD,11321 Bullis Rd,Lynwood,CA,90262,'+13108861600,https://mylusd.org,Ricardo Jurado,"Director, Technology & Innovation",rjurado@mylusd.org,"Business, Community Anchor Institution, Government or Public Organization, Private Sector and Non-Governmental Organizations",,"Digital literacy & skills training, Technical support, Free/Low-cost devices, Free/Low-cost hotspots, Computer center(s)",Specific school site,,,In-Person,,All schools at Lynwood USD,,,,,All schools at Lynwood USD,,,,,All schools at Lynwood USD,,,,,All schools at Lynwood USD,,,,,All schools at Lynwood USD,,,,,No. Our services are offered free of cost.,"Yes, Individuals with Disabilities, Individuals with Language Barriers (Limited English Proficiency individuals, etc.), Ethnic or Minority Communities","English, Spanish",Other,No. Our services are offered free of cost.,1/9/26 15:59
LA-Tech.org,Virtual,,,,'+13232078626,https://la-tech.org/,Ruby Cisneros,"Assistant Director, Innovation",ruby@la-tech.org,"Business, Community Anchor Institution, Government or Public Organization, Private Sector and Non-Governmental Organizations",,"Digital navigation (in-person or virtual/call center), Digital literacy & skills training, Online educational resources, Workforce development resources",City-wide or across multiple cities,Los Angeles,,Virtually,https://la-tech.org/la-tech-rising-internship,,,,,,,,,,,,,,,,,,,,,,,,,,No. Our services are offered free of cost.,"Yes, Incarcerated Individuals, Ethnic or Minority Communities, Rural Communities",English,"Partnership opportunities, Information sharing",No. Our services are offered free of cost.,1/9/26 14:36
St Barnabas Senior Center of Los Angeles (SBSS),Virtual,,,,'+12133884444,https://www.sbssla.org/,Yamilex Razo,Director of Education,yrazo@sbssla.org,"Business, Community Anchor Institution, Government or Public Organization, Private Sector and Non-Governmental Organizations",,"Locating low-cost internet service programs, Enrollment assistance in low-cost internet service programs, Digital navigation (in-person or virtual/call center), Digital literacy & skills training, Technical support, Free/Low-cost devices, Free/Low-cost hotspots, Public Wi-Fi, Computer center(s), Online educational resources, Workforce development resources",Statewide,,,Virtually,https://www.sbssla.org/education,,,,,,,,,,,,,,,,,,,,,,,,,,No. Our services are offered free of cost.,"Yes, Aging Individuals (Age 60+), Veterans, Individuals with Disabilities, Individuals with Language Barriers (Limited English Proficiency individuals, etc.), Ethnic or Minority Communities, Rural Communities","English, Spanish, Tagalog, Mandarin, Vietnamese, Korean, Cantonese, Armenian","Train-the-trainer, Partnership opportunities",No. Our services are offered free of cost.,1/9/26 13:26
St Barnabas Senior Center of Los Angeles (SBSS),675 S Carondelet St,Los Angeles,CA,90057,'+12133884444,https://www.sbssla.org/,Yamilex Razo,Director of Education,yrazo@sbssla.org,"Business, Community Anchor Institution, Government or Public Organization, Private Sector and Non-Governmental Organizations",,"Locating low-cost internet service programs, Enrollment assistance in low-cost internet service programs, Digital navigation (in-person or virtual/call center), Digital literacy & skills training, Technical support, Free/Low-cost devices, Free/Low-cost hotspots, Public Wi-Fi, Computer center(s), Online educational resources, Workforce development resources",Statewide,,,In-Person,,SBSS Mid City,Los Angeles,'+12133884444,8a-4p,https://www.sbssla.org/education,SBSS Mid City,Los Angeles,'+12133884444,8a-4p,https://www.sbssla.org/education,SBSS Mid City,Los Angeles,'+12133884444,8a-4p,https://www.sbssla.org/education,SBSS Mid City,Los Angeles,'+12133884444,8a-4p,https://www.sbssla.org/education,SBSS Mid City,Los Angeles,'+12133884444,8a-4p,https://www.sbssla.org/education,No. Our services are offered free of cost.,"Yes, Aging Individuals (Age 60+), Veterans, Individuals with Disabilities, Individuals with Language Barriers (Limited English Proficiency individuals, etc.), Ethnic or Minority Communities, Rural Communities","English, Spanish, Tagalog, Mandarin, Vietnamese, Korean, Cantonese, Armenian","Train-the-trainer, Partnership opportunities",No. Our services are offered free of cost.,1/9/26 13:26
Canal Alliance,711 Grand Ave,San Rafael,CA,94901,'+14154542640,https://www.canalalliance.org,Kate Rider,Adult Education Senior Manager,kater@canalalliance.org,"Business, Community Anchor Institution, Government or Public Organization, Private Sector and Non-Governmental Organizations",,"Digital literacy & skills training, Free/Low-cost devices",County-wide or across multiple counties,Marin,,In-Person,,Canal Alliance,San Rafael,'+14153060474,"9:00 am - 5:00 pm Monday through Thursday, plus some evenings and Saturdays (varies by month)",https://www.canalalliance.org/services/education-career-training/adult-education/digital-literacy/,Canal Alliance,San Rafael,'+14153060474,"9:00 am - 5:00 pm Monday through Thursday, plus some evenings and Saturdays (varies by month)",https://www.canalalliance.org/services/education-career-training/adult-education/digital-literacy/,Canal Alliance,San Rafael,'+14153060474,"9:00 am - 5:00 pm Monday through Thursday, plus some evenings and Saturdays (varies by month)",https://www.canalalliance.org/services/education-career-training/adult-education/digital-literacy/,Canal Alliance,San Rafael,'+14153060474,"9:00 am - 5:00 pm Monday through Thursday, plus some evenings and Saturdays (varies by month)",https://www.canalalliance.org/services/education-career-training/adult-education/digital-literacy/,Canal Alliance,San Rafael,'+14153060474,"9:00 am - 5:00 pm Monday through Thursday, plus some evenings and Saturdays (varies by month)",https://www.canalalliance.org/services/education-career-training/adult-education/digital-literacy/,No. Our services are offered free of cost.,"Yes, Individuals with Language Barriers (Limited English Proficiency individuals, etc.), Ethnic or Minority Communities",Spanish,Partnership opportunities,No. Our services are offered free of cost.,1/9/26 11:38
Build Hope Inc,1590 East 114th Street,Los Angeles,CA,90059,'+13234721308,https://www.buildhopeinc.org,Jasmine Taylor,Executive Director,jtaylor@buildhopeinc.org,"Business, Community Anchor Institution, Government or Public Organization, Private Sector and Non-Governmental Organizations",,"Locating low-cost internet service programs, Enrollment assistance in low-cost internet service programs, Digital navigation (in-person or virtual/call center), Digital literacy & skills training, Free/Low-cost devices, Free/Low-cost hotspots, Computer center(s), Workforce development resources",City-wide or across multiple cities,Los Angeles,,In-Person,,Nickerson Computer Learning Lab,Los Angeles,'+12138190848,9:00-6:00pm,https://buildhopeinc.org,Nickerson Computer Learning Lab,Los Angeles,'+12138190848,9:00-6:00pm,https://buildhopeinc.org,Nickerson Computer Learning Lab,Los Angeles,'+12138190848,9:00-6:00pm,https://buildhopeinc.org,Nickerson Computer Learning Lab,Los Angeles,'+12138190848,9:00-6:00pm,https://buildhopeinc.org,Nickerson Computer Learning Lab,Los Angeles,'+12138190848,9:00-6:00pm,https://buildhopeinc.org,No. Our services are offered free of cost.,"Yes, Aging Individuals (Age 60+), Incarcerated Individuals, Veterans, Individuals with Disabilities, Individuals with Language Barriers (Limited English Proficiency individuals, etc.), Ethnic or Minority Communities","English, Spanish","Partnership opportunities, Collective action, Information sharing",No. Our services are offered free of cost.,1/9/26 9:42
Community Media Access Collaborative,1555 Van Ness Ave,Fresno,CA,93721,'+15592662622,https://cmac.tv,Bryan Harley,Executive Director,bryan@cmac.tv,"Business, Community Anchor Institution, Government or Public Organization, Private Sector and Non-Governmental Organizations",,"Digital literacy & skills training, Public Wi-Fi, Computer center(s), Online educational resources",City-wide or across multiple cities,Fresno,,In-Person,,CMAC's Community Media Center,Fresno,'+15592662622,"Tues-Thurs 12-8pm, Fri 12-6pm, Sat 9am-6pm",https://cmac.tv,CMAC's Community Media Center,Fresno,'+15592662622,"Tues-Thurs 12-8pm, Fri 12-6pm, Sat 9am-6pm",https://cmac.tv,CMAC's Community Media Center,Fresno,'+15592662622,"Tues-Thurs 12-8pm, Fri 12-6pm, Sat 9am-6pm",https://cmac.tv,CMAC's Community Media Center,Fresno,'+15592662622,"Tues-Thurs 12-8pm, Fri 12-6pm, Sat 9am-6pm",https://cmac.tv,CMAC's Community Media Center,Fresno,'+15592662622,"Tues-Thurs 12-8pm, Fri 12-6pm, Sat 9am-6pm",https://cmac.tv,Yes. We charge a fee for our services and it’s more than $25.,"Yes, Aging Individuals (Age 60+), Veterans, Ethnic or Minority Communities",English,"Organizational training, Train-the-trainer, Partnership opportunities, Information sharing",Yes. We charge a fee for our services.,1/8/26 21:05
Los Angeles County - Department of Economic Opportunity,Virtual,,,,'+12135030773,https://opportunity.lacounty.gov/,Isidro Villanueva,Program Manager,ivillanueva@opportunity.lacounty.gov,"Business, Community Anchor Institution, Government or Public Organization, Private Sector and Non-Governmental Organizations",,"Digital navigation (in-person or virtual/call center), Digital literacy & skills training, Computer center(s), Workforce development resources",County-wide or across multiple counties,Los Angeles,,Virtually,https://www.ajcc.lacounty.gov/,,,,,,,,,,,,,,,,,,,,,,,,,,No. Our services are offered free of cost.,"Yes, Aging Individuals (Age 60+), Incarcerated Individuals, Veterans, Individuals with Disabilities, Individuals with Language Barriers (Limited English Proficiency individuals, etc.), Ethnic or Minority Communities, Rural Communities, Other","English, Spanish","Partnership opportunities, Information sharing",No. Our services are offered free of cost.,1/8/26 18:58
Los Angeles County - Department of Economic Opportunity,464 W. Woodbury Rd. Suite 210,Altadena,CA,91001,'+12135030773,https://opportunity.lacounty.gov/,Isidro Villanueva,Program Manager,ivillanueva@opportunity.lacounty.gov,"Business, Community Anchor Institution, Government or Public Organization, Private Sector and Non-Governmental Organizations",,"Digital navigation (in-person or virtual/call center), Digital literacy & skills training, Computer center(s), Workforce development resources",County-wide or across multiple counties,Los Angeles,,In-Person,,Altadena AJCC,Altadena,'+16264246743,8AM - 5PM,https://www.ajcc.lacounty.gov/home,Altadena AJCC,Altadena,'+16264246743,8AM - 5PM,https://www.ajcc.lacounty.gov/home,Altadena AJCC,Altadena,'+16264246743,8AM - 5PM,https://www.ajcc.lacounty.gov/home,Altadena AJCC,Altadena,'+16264246743,8AM - 5PM,https://www.ajcc.lacounty.gov/home,Altadena AJCC,Altadena,'+16264246743,8AM - 5PM,https://www.ajcc.lacounty.gov/home,No. Our services are offered free of cost.,"Yes, Aging Individuals (Age 60+), Incarcerated Individuals, Veterans, Individuals with Disabilities, Individuals with Language Barriers (Limited English Proficiency individuals, etc.), Ethnic or Minority Communities, Rural Communities, Other","English, Spanish","Partnership opportunities, Information sharing",No. Our services are offered free of cost.,1/8/26 18:58
City of Pico Rivera,6615 Passons Blvd,Pico Rivera,CA,90660,'+15628014027,https://www.pico-rivera.org,Victor H. Ferrer,Director of Sustainability and Energy,vferrer@pico-rivera.org,"Business, Community Anchor Institution, Government or Public Organization, Private Sector and Non-Governmental Organizations",,"Locating low-cost internet service programs, Digital navigation (in-person or virtual/call center)",City-wide or across multiple cities,Los Angeles,,In-Person,,City Hall,Pico Rivera,'+15608014244,7:30 AM - 5:00 PM,,City Hall,Pico Rivera,'+15608014244,7:30 AM - 5:00 PM,,City Hall,Pico Rivera,'+15608014244,7:30 AM - 5:00 PM,,City Hall,Pico Rivera,'+15608014244,7:30 AM - 5:00 PM,,City Hall,Pico Rivera,'+15608014244,7:30 AM - 5:00 PM,,No. Our services are offered free of cost.,"Yes, Aging Individuals (Age 60+), Veterans, Individuals with Disabilities, Individuals with Language Barriers (Limited English Proficiency individuals, etc.), Ethnic or Minority Communities","English, Spanish","Partnership opportunities, Information sharing",No. Our services are offered free of cost.,1/8/26 17:03
Pacoima Beautiful,"12510 Van Nuys Blvd, Suite 302",Pacoima,CA,91331,'+18188992454,https://pacoimabeautiful.org,Gisell Ceja,Community Organizer,gceja@pacoimabeautiful.org,"Business, Community Anchor Institution, Government or Public Organization, Private Sector and Non-Governmental Organizations",,"Locating low-cost internet service programs, Technical support, Workforce development resources",Statewide,,,In-Person,,Pacoima Beautiful Headquarters Sunroom,Pacoima,'+18188992454,"Monday- Thursday: 9:00am- 5:30pm, Friday's: 8:00am-4:30pm",https://pacoimabeautiful.org,Pacoima Beautiful Headquarters Sunroom,Pacoima,'+18188992454,"Monday- Thursday: 9:00am- 5:30pm, Friday's: 8:00am-4:30pm",https://pacoimabeautiful.org,Pacoima Beautiful Headquarters Sunroom,Pacoima,'+18188992454,"Monday- Thursday: 9:00am- 5:30pm, Friday's: 8:00am-4:30pm",https://pacoimabeautiful.org,Pacoima Beautiful Headquarters Sunroom,Pacoima,'+18188992454,"Monday- Thursday: 9:00am- 5:30pm, Friday's: 8:00am-4:30pm",https://pacoimabeautiful.org,Pacoima Beautiful Headquarters Sunroom,Pacoima,'+18188992454,"Monday- Thursday: 9:00am- 5:30pm, Friday's: 8:00am-4:30pm",https://pacoimabeautiful.org,No. Our services are offered free of cost.,"Yes, Aging Individuals (Age 60+), Incarcerated Individuals, Veterans, Individuals with Disabilities, Individuals with Language Barriers (Limited English Proficiency individuals, etc.), Ethnic or Minority Communities, Rural Communities","English, Spanish","Organizational training, Partnership opportunities, Collective action, Information sharing",No. Our services are offered free of cost.,1/8/26 17:02
Cloverdale Senior Multipurpose Center,311 N. Main St.,Cloverdale,CA,95425,'+17078944826,https://www.cloverdaleseniorcenter.org,Anthony Ramirez,Administrative Manager,anthony@cloverdaleseniorcenter.org,"Business, Community Anchor Institution, Government or Public Organization, Private Sector and Non-Governmental Organizations",,Digital literacy & skills training,City-wide or across multiple cities,Sonoma,,In-Person,,Cloverdale Senior Multipurpose Center,Cloverdale,'+17078944826,"8:30am-4:00pm, Monday-Friday",https://www.cloverdaleseniorcenter.org,Cloverdale Senior Multipurpose Center,Cloverdale,'+17078944826,"8:30am-4:00pm, Monday-Friday",https://www.cloverdaleseniorcenter.org,Cloverdale Senior Multipurpose Center,Cloverdale,'+17078944826,"8:30am-4:00pm, Monday-Friday",https://www.cloverdaleseniorcenter.org,Cloverdale Senior Multipurpose Center,Cloverdale,'+17078944826,"8:30am-4:00pm, Monday-Friday",https://www.cloverdaleseniorcenter.org,Cloverdale Senior Multipurpose Center,Cloverdale,'+17078944826,"8:30am-4:00pm, Monday-Friday",https://www.cloverdaleseniorcenter.org,No. Our services are offered free of cost.,"Yes, Aging Individuals (Age 60+), Veterans, Individuals with Disabilities, Individuals with Language Barriers (Limited English Proficiency individuals, etc.), Ethnic or Minority Communities, Rural Communities","English, Spanish","Partnership opportunities, Information sharing",No. Our services are offered free of cost.,1/8/26 16:40
"Hoopa Valley Public Utilities District, Acorn Connected",Virtual,,,,'+15306254543,https://hoopavalleypud.com/,Abraham R Camez III,Digital Navigator,nav@hoopavalleypud.com,"Business, Community Anchor Institution, Government or Public Organization, Private Sector and Non-Governmental Organizations",Yes,"Locating low-cost internet service programs, Enrollment assistance in low-cost internet service programs, Digital navigation (in-person or virtual/call center), Digital literacy & skills training, Technical support, Free/Low-cost devices, Computer center(s)",Other,,,Virtually,https://acornconnected.com/,,,,,,,,,,,,,,,,,,,,,,,,,,No. Our services are offered free of cost.,"Yes, Aging Individuals (Age 60+), Veterans, Individuals with Disabilities, Individuals with Language Barriers (Limited English Proficiency individuals, etc.), Ethnic or Minority Communities, Rural Communities","English, Spanish","Organizational training, Train-the-trainer, Partnership opportunities, Information sharing",No. Our services are offered free of cost.,1/8/26 16:33
"Hoopa Valley Public Utilities District, Acorn Connected",296 Loop Road,Hoopa,CA,95546,'+15306254543,https://hoopavalleypud.com/,Abraham R Camez III,Digital Navigator,nav@hoopavalleypud.com,"Business, Community Anchor Institution, Government or Public Organization, Private Sector and Non-Governmental Organizations",Yes,"Locating low-cost internet service programs, Enrollment assistance in low-cost internet service programs, Digital navigation (in-person or virtual/call center), Digital literacy & skills training, Technical support, Free/Low-cost devices, Computer center(s)",Other,,,In-Person,,Acorn Connected Office,Hoopa,'+15306256300,M-Th 8-5 pm,,Acorn Connected Office,Hoopa,'+15306256300,M-Th 8-5 pm,,Acorn Connected Office,Hoopa,'+15306256300,M-Th 8-5 pm,,Acorn Connected Office,Hoopa,'+15306256300,M-Th 8-5 pm,,Acorn Connected Office,Hoopa,'+15306256300,M-Th 8-5 pm,,No. Our services are offered free of cost.,"Yes, Aging Individuals (Age 60+), Veterans, Individuals with Disabilities, Individuals with Language Barriers (Limited English Proficiency individuals, etc.), Ethnic or Minority Communities, Rural Communities","English, Spanish","Organizational training, Train-the-trainer, Partnership opportunities, Information sharing",No. Our services are offered free of cost.,1/8/26 16:33
Para Los Ninos,3845 Selig Place,Los Angeles,CA,90031,'+12132504800,https://www.paralosninos.org,Dr. Carla Lopez-Valdes,Director of Government and Community Relations,clopez-valdes@paralosninos.org,"Business, Community Anchor Institution, Government or Public Organization, Private Sector and Non-Governmental Organizations",,"Free/Low-cost hotspots, Workforce development resources",County-wide or across multiple counties,Los Angeles,,In-Person,,YWS - Selig,Los Angeles,'+13232759309,,,YWS - Selig,Los Angeles,'+13232759309,,,YWS - Selig,Los Angeles,'+13232759309,,,YWS - Selig,Los Angeles,'+13232759309,,,YWS - Selig,Los Angeles,'+13232759309,,,No. Our services are offered free of cost.,"Yes, Individuals with Language Barriers (Limited English Proficiency individuals, etc.), Ethnic or Minority Communities, Other","English, Spanish",,,1/8/26 16:24
Avenidas,450 Bryant Street,Palo Alto,CA,94303,'+16502895400,https://www.avenidas.org,Tracy McCloud,Center Director,tmccloud@avenidas.org,"Business, Community Anchor Institution, Government or Public Organization, Private Sector and Non-Governmental Organizations",,"Digital literacy & skills training, Technical support, Public Wi-Fi",City-wide or across multiple cities,"San Mateo, Santa Clara",,In-Person,,Avenidas,Palo Alto,'+16502895400,"Monday - Friday, 9 am to 4:30 pm",https://www.Avenidas.org,Avenidas,Palo Alto,'+16502895400,"Monday - Friday, 9 am to 4:30 pm",https://www.Avenidas.org,Avenidas,Palo Alto,'+16502895400,"Monday - Friday, 9 am to 4:30 pm",https://www.Avenidas.org,Avenidas,Palo Alto,'+16502895400,"Monday - Friday, 9 am to 4:30 pm",https://www.Avenidas.org,Avenidas,Palo Alto,'+16502895400,"Monday - Friday, 9 am to 4:30 pm",https://www.Avenidas.org,Yes. We charge a fee for our services and it’s less than $25.,"Yes, Aging Individuals (Age 60+), Individuals with Language Barriers (Limited English Proficiency individuals, etc.)","English, Mandarin",,Yes. We charge a fee for our services.,1/8/26 16:05
Truconnected Inc,Virtual,,,,'+13102954302,https://truconnected.org,Kaye Kuye,Founder,kaye@truconnected.org,"Business, Community Anchor Institution, Government or Public Organization, Private Sector and Non-Governmental Organizations",Yes,"Locating low-cost internet service programs, Enrollment assistance in low-cost internet service programs, Digital literacy & skills training, Technical support, Free/Low-cost devices, Free/Low-cost hotspots, Computer center(s), Online educational resources, Workforce development resources",Statewide,,,Virtually,https://truconnected.org,,,,,,,,,,,,,,,,,,,,,,,,,,Yes. We charge a fee for our services and it’s less than $25.,"Yes, Aging Individuals (Age 60+), Incarcerated Individuals, Veterans, Individuals with Disabilities, Individuals with Language Barriers (Limited English Proficiency individuals, etc.), Ethnic or Minority Communities, Rural Communities","English, Spanish","Organizational training, Train-the-trainer, Partnership opportunities, Information sharing",Yes. We charge a fee for our services.,1/8/26 16:03
Truconnected Inc,21050 Kittridge Street,Canoga Park,CA,91303,'+13102954302,https://truconnected.org,Kaye Kuye,Founder,kaye@truconnected.org,"Business, Community Anchor Institution, Government or Public Organization, Private Sector and Non-Governmental Organizations",Yes,"Locating low-cost internet service programs, Enrollment assistance in low-cost internet service programs, Digital literacy & skills training, Technical support, Free/Low-cost devices, Free/Low-cost hotspots, Computer center(s), Online educational resources, Workforce development resources",Statewide,,,In-Person,,,,,9am to 5pm,,,,,9am to 5pm,,,,,9am to 5pm,,,,,9am to 5pm,,,,,9am to 5pm,,Yes. We charge a fee for our services and it’s less than $25.,"Yes, Aging Individuals (Age 60+), Incarcerated Individuals, Veterans, Individuals with Disabilities, Individuals with Language Barriers (Limited English Proficiency individuals, etc.), Ethnic or Minority Communities, Rural Communities","English, Spanish","Organizational training, Train-the-trainer, Partnership opportunities, Information sharing",Yes. We charge a fee for our services.,1/8/26 16:03
"Sunstone Cities, LLC",Virtual,,,,'+19497711764,https://www.sunstonecities.com,Ryan Phong,Project Manager & Partner,ryan.phong@sunstonecities.com,"Business, Community Anchor Institution, Government or Public Organization, Private Sector and Non-Governmental Organizations",,"Technical support, Workforce development resources",Statewide,,,Virtually,https://www.sunstonecities.com,,,,,,,,,,,,,,,,,,,,,,,,,,Yes. We charge a fee for our services and it’s more than $25.,"Yes, Individuals with Language Barriers (Limited English Proficiency individuals, etc.), Ethnic or Minority Communities, Rural Communities","English, Spanish","Digital equity grant writing, Organizational training, Partnership opportunities, Collective action, Information sharing",Yes. We charge a fee for our services.,1/8/26 15:18
"Sunstone Cities, LLC",18881 Von Karman Avenue,Irvine,CA,92612,'+19497711764,https://www.sunstonecities.com,Ryan Phong,Project Manager & Partner,ryan.phong@sunstonecities.com,"Business, Community Anchor Institution, Government or Public Organization, Private Sector and Non-Governmental Organizations",,"Technical support, Workforce development resources",Statewide,,,In-Person,,"Airport Towers, Irvine",Irvine,'+19497711764,9AM - 5PM,https://www.snstonecities.com,"Airport Towers, Irvine",Irvine,'+19497711764,9AM - 5PM,https://www.snstonecities.com,"Airport Towers, Irvine",Irvine,'+19497711764,9AM - 5PM,https://www.snstonecities.com,"Airport Towers, Irvine",Irvine,'+19497711764,9AM - 5PM,https://www.snstonecities.com,"Airport Towers, Irvine",Irvine,'+19497711764,9AM - 5PM,https://www.snstonecities.com,Yes. We charge a fee for our services and it’s more than $25.,"Yes, Individuals with Language Barriers (Limited English Proficiency individuals, etc.), Ethnic or Minority Communities, Rural Communities","English, Spanish","Digital equity grant writing, Organizational training, Partnership opportunities, Collective action, Information sharing",Yes. We charge a fee for our services.,1/8/26 15:18
YMCA of Metropolitan Los Angeles,4301 W 3rd St,Los Angeles,CA,90020,'+15622091916,https://www.ymcala.org/join/?utm_source=google_cpc&utm_medium=ad_grant&utm_campaign=cbc_ggrant_branded&gad_source=1&gad_campaignid=22963877641&gbraid=0AAAAADlm6C4m2keI7oBWr2yD-4YoW4eoz&gclid=Cj0KCQiAyP3KBhD9ARIsAAJLnnYd-3p7PmYQWSf4a1by5u7-67kO8BDKCbM0IS8NqKI43-WdSKAzMYUaAjzsEALw_wcB,DeShaunte Lewis,Senior Program Director,deshauntelewis@ymcala.org,"Business, Community Anchor Institution, Government or Public Organization, Private Sector and Non-Governmental Organizations",,"Digital literacy & skills training, Free/Low-cost devices, Public Wi-Fi, Computer center(s), Workforce development resources",City-wide or across multiple cities,Los Angeles,,In-Person,,,,,,,,,,,,,,,,,,,,,,,,,,,Yes. We charge a fee for our services and it’s more than $25.,"Yes, Aging Individuals (Age 60+), Veterans, Individuals with Disabilities, Individuals with Language Barriers (Limited English Proficiency individuals, etc.), Ethnic or Minority Communities, Rural Communities","English, Spanish, Korean","Digital equity grant writing, Train-the-trainer, Mutual aid (financial), Partnership opportunities",Yes. We charge a fee for our services.,1/8/26 15:17
Our Voice: Communities for Quality Education,Virtual,,,,'+18189432481,https://www.ovfe.org,Evelyn G. Aleman,CEO,evelyn@mipr.net,"Business, Community Anchor Institution, Government or Public Organization, Private Sector and Non-Governmental Organizations",,Online educational resources,County-wide or across multiple counties,"Los Angeles, Ventura",,Virtually,http://www.ovfe.org,,,,,,,,,,,,,,,,,,,,,,,,,,No. Our services are offered free of cost.,"Yes, Aging Individuals (Age 60+), Individuals with Disabilities, Individuals with Language Barriers (Limited English Proficiency individuals, etc.), Ethnic or Minority Communities, Rural Communities","English, Spanish","Partnership opportunities, Collective action, Information sharing",No. Our services are offered free of cost.,1/8/26 15:07
Department of Industrial Relations | Division of Apprenticeship Standards,Virtual,,,,'+19092190961,https://www.dir.ca.gov/das/das.html,Laura Thompson,Deputy Regional Director of Strategic Partnerships,lthompson@dir.ca.gov,"Business, Community Anchor Institution, Government or Public Organization, Private Sector and Non-Governmental Organizations",,Workforce development resources,Statewide,,,Virtually,,,,,,,,,,,,,,,,,,,,,,,,,,,No. Our services are offered free of cost.,"Yes, Aging Individuals (Age 60+), Incarcerated Individuals, Veterans, Individuals with Disabilities, Individuals with Language Barriers (Limited English Proficiency individuals, etc.), Ethnic or Minority Communities, Rural Communities, Other","English, Other","Partnership opportunities, Information sharing",No. Our services are offered free of cost.,1/8/26 14:23
Department of Industrial Relations | Division of Apprenticeship Standards,Division of Apprenticeship Standards,Oakland,CA,94612,'+19092190961,https://www.dir.ca.gov/das/das.html,Laura Thompson,Deputy Regional Director of Strategic Partnerships,lthompson@dir.ca.gov,"Business, Community Anchor Institution, Government or Public Organization, Private Sector and Non-Governmental Organizations",,Workforce development resources,Statewide,,,In-Person,,"Public meetings held Division of Apprenticeship Standards, 1515 Clay Street, Oakland, CA 94612",Oakland,,Quarterly 1 - 4 pm,https://www.dir.ca.gov/das/das.html,"Public meetings held Division of Apprenticeship Standards, 1515 Clay Street, Oakland, CA 94612",Oakland,,Quarterly 1 - 4 pm,https://www.dir.ca.gov/das/das.html,"Public meetings held Division of Apprenticeship Standards, 1515 Clay Street, Oakland, CA 94612",Oakland,,Quarterly 1 - 4 pm,https://www.dir.ca.gov/das/das.html,"Public meetings held Division of Apprenticeship Standards, 1515 Clay Street, Oakland, CA 94612",Oakland,,Quarterly 1 - 4 pm,https://www.dir.ca.gov/das/das.html,"Public meetings held Division of Apprenticeship Standards, 1515 Clay Street, Oakland, CA 94612",Oakland,,Quarterly 1 - 4 pm,https://www.dir.ca.gov/das/das.html,No. Our services are offered free of cost.,"Yes, Aging Individuals (Age 60+), Incarcerated Individuals, Veterans, Individuals with Disabilities, Individuals with Language Barriers (Limited English Proficiency individuals, etc.), Ethnic or Minority Communities, Rural Communities, Other","English, Other","Partnership opportunities, Information sharing",No. Our services are offered free of cost.,1/8/26 14:23
AltaMed Health Services,Virtual,,,,'+18884999303,https://www.altamed.org/,Anastasio Hinaris,Telehealth Program Analyst,ahinaris@altamed.org,"Business, Community Anchor Institution, Government or Public Organization, Private Sector and Non-Governmental Organizations",,Online educational resources,County-wide or across multiple counties,"Los Angeles, Orange",,Virtually,https://www.altamed.org/,,,,,,,,,,,,,,,,,,,,,,,,,,Yes. We charge a fee for our services and it’s more than $25.,"Yes, Aging Individuals (Age 60+), Veterans, Individuals with Disabilities, Individuals with Language Barriers (Limited English Proficiency individuals, etc.), Ethnic or Minority Communities, Rural Communities","English, Spanish",,,1/8/26 13:45
AltaMed Health Services,2040 Camfield Ave,Commerce,CA,90040,'+18884999303,https://www.altamed.org/,Anastasio Hinaris,Telehealth Program Analyst,ahinaris@altamed.org,"Business, Community Anchor Institution, Government or Public Organization, Private Sector and Non-Governmental Organizations",,Online educational resources,County-wide or across multiple counties,"Los Angeles, Orange",,In-Person,,,,,,,,,,,,,,,,,,,,,,,,,,,Yes. We charge a fee for our services and it’s more than $25.,"Yes, Aging Individuals (Age 60+), Veterans, Individuals with Disabilities, Individuals with Language Barriers (Limited English Proficiency individuals, etc.), Ethnic or Minority Communities, Rural Communities","English, Spanish",,,1/8/26 13:45
California Alliance for Digital Equity (CADE),Virtual,,,,0,https://cade.nextgenpolicy.org/,Lindsey Skolnik,Manager,cade@nextgenpolicy.org,"Business, Community Anchor Institution, Government or Public Organization, Private Sector and Non-Governmental Organizations",,Online educational resources,Statewide,,,Virtually,https://cade.nextgenpolicy.org/,,,,,,,,,,,,,,,,,,,,,,,,,,No. Our services are offered free of cost.,No,English,"Partnership opportunities, Collective action, Information sharing",No. Our services are offered free of cost.,1/8/26 13:40
City of South El Monte,1415 Santa Anita Avenue,South El Monte,CA,91733,'+16265796540,https://www.cityofsouthelmonte.org/,Masami Higa,Director of Finance,mhiga@soelmonte.org,"Business, Community Anchor Institution, Government or Public Organization, Private Sector and Non-Governmental Organizations",,Public Wi-Fi,Other,,,In-Person,,City Hall,South El Monte,'+16265796540,7:00am-5:30pm Monday-Thursday,,City Hall,South El Monte,'+16265796540,7:00am-5:30pm Monday-Thursday,,City Hall,South El Monte,'+16265796540,7:00am-5:30pm Monday-Thursday,,City Hall,South El Monte,'+16265796540,7:00am-5:30pm Monday-Thursday,,City Hall,South El Monte,'+16265796540,7:00am-5:30pm Monday-Thursday,,No. Our services are offered free of cost.,"Yes, Aging Individuals (Age 60+), Veterans, Individuals with Disabilities, Individuals with Language Barriers (Limited English Proficiency individuals, etc.), Ethnic or Minority Communities","English, Spanish",,No. Our services are offered free of cost.,1/8/26 13:06
City of Culver City,4153 Overland Ave,Culver City,CA,90230,'+13102536000,https://www.culvercity.gov/Home,Katie Bonser,GIS Analyst,katie.bonser@culvercity.org,"Business, Community Anchor Institution, Government or Public Organization, Private Sector and Non-Governmental Organizations",,"Public Wi-Fi, Computer center(s)",City-wide or across multiple cities,Los Angeles,,In-Person,,Culver City Teen Center,Culver City,'+13102536676,"Monday, Tuesday, Thursday, Friday â€“ 2:15 PM to 6:30 PM Wednesdays â€“ 1:30 PM to 6:30 PM",https://www.culvercity.gov/Explore/Parks-Recreation/Teen-Center,Culver City Teen Center,Culver City,'+13102536676,"Monday, Tuesday, Thursday, Friday â€“ 2:15 PM to 6:30 PM Wednesdays â€“ 1:30 PM to 6:30 PM",https://www.culvercity.gov/Explore/Parks-Recreation/Teen-Center,Culver City Teen Center,Culver City,'+13102536676,"Monday, Tuesday, Thursday, Friday â€“ 2:15 PM to 6:30 PM Wednesdays â€“ 1:30 PM to 6:30 PM",https://www.culvercity.gov/Explore/Parks-Recreation/Teen-Center,Culver City Teen Center,Culver City,'+13102536676,"Monday, Tuesday, Thursday, Friday â€“ 2:15 PM to 6:30 PM Wednesdays â€“ 1:30 PM to 6:30 PM",https://www.culvercity.gov/Explore/Parks-Recreation/Teen-Center,Culver City Teen Center,Culver City,'+13102536676,"Monday, Tuesday, Thursday, Friday â€“ 2:15 PM to 6:30 PM Wednesdays â€“ 1:30 PM to 6:30 PM",https://www.culvercity.gov/Explore/Parks-Recreation/Teen-Center,Yes. We charge a fee for our services and itâ€™s more than $25.,No,English,Information sharing,No. Our services are offered free of cost.,1/8/26 12:47
Claris Healthcare,Virtual,,,,'+18662844939,https://clarishealthcare.com/claris-companion/,Robin S. Joseph,Senior Marketing Manager,rjoseph@clarishealthcare.com,"Business, Community Anchor Institution, Government or Public Organization, Private Sector and Non-Governmental Organizations",,"Digital navigation (in-person or virtual/call center), Digital literacy & skills training, Technical support, Free/Low-cost devices, Online educational resources",Statewide,,,Virtually,https://clarishealthcare.com/claris-companion/,,,,,,,,,,,,,,,,,,,,,,,,,,Yes. We charge a fee for our services and itâ€™s more than $25.,"Yes, Aging Individuals (Age 60+), Veterans, Individuals with Disabilities, Individuals with Language Barriers (Limited English Proficiency individuals, etc.), Ethnic or Minority Communities, Rural Communities","English, Spanish, Tagalog, Mandarin, Vietnamese, Korean, Cantonese, Armenian, Farsi, Arabic, Hindi, Russian, Japanese, French","Digital equity grant writing, Organizational training, Train-the-trainer, Partnership opportunities",Yes. We charge a fee for our services.,1/8/26 12:27
Kaio Foundation,Virtual,,,,'+13109617641,https://kaiofoundation.org,Kawena DeOcampo,Program Director,kawena@kaiofoundation.org,"Business, Community Anchor Institution, Government or Public Organization, Private Sector and Non-Governmental Organizations",,"Locating low-cost internet service programs, Enrollment assistance in low-cost internet service programs, Digital navigation (in-person or virtual/call center), Digital literacy & skills training, Free/Low-cost devices, Computer center(s), Online educational resources, Workforce development resources",City-wide or across multiple cities,"Los Angeles, Orange, Riverside, San Bernardino, San Diego",,Virtually,https://kaiofoundation.org,,,,,,,,,,,,,,,,,,,,,,,,,,No. Our services are offered free of cost.,"Yes, Aging Individuals (Age 60+), Incarcerated Individuals, Veterans, Individuals with Disabilities, Individuals with Language Barriers (Limited English Proficiency individuals, etc.), Ethnic or Minority Communities, Rural Communities",English,"Partnership opportunities, Information sharing",No. Our services are offered free of cost.,1/8/26 10:08
Kaio Foundation,Varies by Festival Event,Carson,CA,,'+13109617641,https://kaiofoundation.org,Kawena DeOcampo,Program Director,kawena@kaiofoundation.org,"Business, Community Anchor Institution, Government or Public Organization, Private Sector and Non-Governmental Organizations",,"Locating low-cost internet service programs, Enrollment assistance in low-cost internet service programs, Digital navigation (in-person or virtual/call center), Digital literacy & skills training, Free/Low-cost devices, Computer center(s), Online educational resources, Workforce development resources",City-wide or across multiple cities,"Los Angeles, Orange, Riverside, San Bernardino, San Diego",,In-Person,,Community Centers and Community Events,Carson,,,,Community Centers and Community Events,Carson,,,,Community Centers and Community Events,Carson,,,,Community Centers and Community Events,Carson,,,,Community Centers and Community Events,Carson,,,,No. Our services are offered free of cost.,"Yes, Aging Individuals (Age 60+), Incarcerated Individuals, Veterans, Individuals with Disabilities, Individuals with Language Barriers (Limited English Proficiency individuals, etc.), Ethnic or Minority Communities, Rural Communities",English,"Partnership opportunities, Information sharing",No. Our services are offered free of cost.,1/8/26 10:08
Hartnell College,411 Central Ave,Salinas,CA,93901,'+18357556729,https://hartnell.edu,Chelsy Pham,Vice President of Information Technology,cpham@hartnell.edu,"Business, Community Anchor Institution, Government or Public Organization, Private Sector and Non-Governmental Organizations",,"Locating low-cost internet service programs, Enrollment assistance in low-cost internet service programs, Digital literacy & skills training, Free/Low-cost devices, Public Wi-Fi, Computer center(s), Online educational resources, Workforce development resources",County-wide or across multiple counties,Monterey,,In-Person,,Hartnell College,Salinas,'+18317556711,8/5/26 0:00,https://www.hartnell.edu/support/basicneeds/index.html,Hartnell College,Salinas,'+18317556711,8/5/26 0:00,https://www.hartnell.edu/support/basicneeds/index.html,Hartnell College,Salinas,'+18317556711,8/5/26 0:00,https://www.hartnell.edu/support/basicneeds/index.html,Hartnell College,Salinas,'+18317556711,8/5/26 0:00,https://www.hartnell.edu/support/basicneeds/index.html,Hartnell College,Salinas,'+18317556711,8/5/26 0:00,https://www.hartnell.edu/support/basicneeds/index.html,No. Our services are offered free of cost.,"Yes, Aging Individuals (Age 60+), Incarcerated Individuals, Veterans, Individuals with Disabilities, Individuals with Language Barriers (Limited English Proficiency individuals, etc.), Ethnic or Minority Communities, Rural Communities","English, Spanish",,No. Our services are offered free of cost.,1/8/26 8:41
Ameelio Inc,Virtual,,,,'+14125205561,https://ameelio.org,April Feng,CEO,april@ameelio.org,"Business, Community Anchor Institution, Government or Public Organization, Private Sector and Non-Governmental Organizations",,"Digital navigation (in-person or virtual/call center), Digital literacy & skills training, Technical support, Free/Low-cost devices, Online educational resources, Workforce development resources",Statewide,,,Virtually,https://app.ameelio.org,,,,,,,,,,,,,,,,,,,,,,,,,,No. Our services are offered free of cost.,"Yes, Incarcerated Individuals, Ethnic or Minority Communities","English, Spanish","Train-the-trainer, Partnership opportunities, Information sharing",No. Our services are offered free of cost.,1/7/26 19:16
Ameelio Inc,425 7th St,San Francisco,CA,94103,'+14125205561,https://ameelio.org,April Feng,CEO,april@ameelio.org,"Business, Community Anchor Institution, Government or Public Organization, Private Sector and Non-Governmental Organizations",,"Digital navigation (in-person or virtual/call center), Digital literacy & skills training, Technical support, Free/Low-cost devices, Online educational resources, Workforce development resources",Statewide,,,In-Person,,San Francisco County Jail,San Francisco,'+14155531430,,https://sfsheriff.com/,San Francisco County Jail,San Francisco,'+14155531430,,https://sfsheriff.com/,San Francisco County Jail,San Francisco,'+14155531430,,https://sfsheriff.com/,San Francisco County Jail,San Francisco,'+14155531430,,https://sfsheriff.com/,San Francisco County Jail,San Francisco,'+14155531430,,https://sfsheriff.com/,No. Our services are offered free of cost.,"Yes, Incarcerated Individuals, Ethnic or Minority Communities","English, Spanish","Train-the-trainer, Partnership opportunities, Information sharing",No. Our services are offered free of cost.,1/7/26 19:16
LOS ALTOS HILLS COMMUNITY FIBER ASSOCIATION,Virtual,,,,'+14082561114,https://lahcommunityfiber.org,Jan Clayton,Treasurer,info@lahcommunityfiber.org,"Business, Community Anchor Institution, Government or Public Organization, Private Sector and Non-Governmental Organizations",Yes,"Locating low-cost internet service programs, Enrollment assistance in low-cost internet service programs, Technical support",City-wide or across multiple cities,Santa Clara,,Virtually,https://lahcommunityfiber.org,,,,,,,,,,,,,,,,,,,,,,,,,,Yes. We charge a fee for our services and itâ€™s more than $25.,"Yes, Individuals with Disabilities, Rural Communities",English,,,1/7/26 18:05
Los Promotores Comunitarios,Virtual,,,,'+15592104832,https://www.lospromotores.org/,Felipe Perez,Executive Director,fejeperez@lospromotores.org,"Business, Community Anchor Institution, Government or Public Organization, Private Sector and Non-Governmental Organizations",,"Locating low-cost internet service programs, Enrollment assistance in low-cost internet service programs, Digital navigation (in-person or virtual/call center), Digital literacy & skills training, Technical support",City-wide or across multiple cities,Fresno,,Virtually,https://www.parentuniversity.org/,,,,,,,,,,,,,,,,,,,,,,,,,,No. Our services are offered free of cost.,"Yes, Aging Individuals (Age 60+), Individuals with Disabilities, Individuals with Language Barriers (Limited English Proficiency individuals, etc.), Ethnic or Minority Communities, Rural Communities","English, Spanish",Partnership opportunities,No. Our services are offered free of cost.,1/7/26 17:42
Los Promotores Comunitarios,1601 Thomas Conboy Ave,Firebaugh,CA,93622,'+15592104832,https://www.lospromotores.org/,Felipe Perez,Executive Director,fejeperez@lospromotores.org,"Business, Community Anchor Institution, Government or Public Organization, Private Sector and Non-Governmental Organizations",,"Locating low-cost internet service programs, Enrollment assistance in low-cost internet service programs, Digital navigation (in-person or virtual/call center), Digital literacy & skills training, Technical support",City-wide or across multiple cities,Fresno,,In-Person,,Firebaugh Senior Center,Firebaugh,'+15592104832,1:00 pm - 6:00 pm,https://www.parentuniversity.org/,Firebaugh Senior Center,Firebaugh,'+15592104832,1:00 pm - 6:00 pm,https://www.parentuniversity.org/,Firebaugh Senior Center,Firebaugh,'+15592104832,1:00 pm - 6:00 pm,https://www.parentuniversity.org/,Firebaugh Senior Center,Firebaugh,'+15592104832,1:00 pm - 6:00 pm,https://www.parentuniversity.org/,Firebaugh Senior Center,Firebaugh,'+15592104832,1:00 pm - 6:00 pm,https://www.parentuniversity.org/,No. Our services are offered free of cost.,"Yes, Aging Individuals (Age 60+), Individuals with Disabilities, Individuals with Language Barriers (Limited English Proficiency individuals, etc.), Ethnic or Minority Communities, Rural Communities","English, Spanish",Partnership opportunities,No. Our services are offered free of cost.,1/7/26 17:42
Southern Border Consortium,Virtual,,,,'+17603538332,https://www.ivedc.com,Alma Silva,VP of Operations,alma@ivbrc.org,"Business, Community Anchor Institution, Government or Public Organization, Private Sector and Non-Governmental Organizations",,"Locating low-cost internet service programs, Enrollment assistance in low-cost internet service programs, Digital literacy & skills training, Technical support, Free/Low-cost devices, Online educational resources, Workforce development resources",County-wide or across multiple counties,Imperial,,Virtually,https://www.ivedc.com,,,,,,,,,,,,,,,,,,,,,,,,,,No. Our services are offered free of cost.,"Yes, Aging Individuals (Age 60+), Veterans, Individuals with Disabilities, Individuals with Language Barriers (Limited English Proficiency individuals, etc.), Ethnic or Minority Communities, Rural Communities","English, Spanish","Partnership opportunities, Collective action, Information sharing",No. Our services are offered free of cost.,1/7/26 16:52
Southern Border Consortium,2415 Imperial Business Park Dr.,Imperial,CA,92251,'+17603538332,https://www.ivedc.com,Alma Silva,VP of Operations,alma@ivbrc.org,"Business, Community Anchor Institution, Government or Public Organization, Private Sector and Non-Governmental Organizations",,"Locating low-cost internet service programs, Enrollment assistance in low-cost internet service programs, Digital literacy & skills training, Technical support, Free/Low-cost devices, Online educational resources, Workforce development resources",County-wide or across multiple counties,Imperial,,In-Person,,Imperial Valley Business Resource Center,Imperial,'+17603538332,8am - 5pm,https://www.ivbrc.org,Imperial Valley Business Resource Center,Imperial,'+17603538332,8am - 5pm,https://www.ivbrc.org,Imperial Valley Business Resource Center,Imperial,'+17603538332,8am - 5pm,https://www.ivbrc.org,Imperial Valley Business Resource Center,Imperial,'+17603538332,8am - 5pm,https://www.ivbrc.org,Imperial Valley Business Resource Center,Imperial,'+17603538332,8am - 5pm,https://www.ivbrc.org,No. Our services are offered free of cost.,"Yes, Aging Individuals (Age 60+), Veterans, Individuals with Disabilities, Individuals with Language Barriers (Limited English Proficiency individuals, etc.), Ethnic or Minority Communities, Rural Communities","English, Spanish","Partnership opportunities, Collective action, Information sharing",No. Our services are offered free of cost.,1/7/26 16:52
Fresno Economic Opportunities Commission,1920 Mariposa Street,Fresno,CA,93721,'+15592631301,https://fresnoeoc.org,Leah Stuck,Program Coordinator,leah.struck@fresnoeoc.org,"Business, Community Anchor Institution, Government or Public Organization, Private Sector and Non-Governmental Organizations",,"Enrollment assistance in low-cost internet service programs, Digital literacy & skills training, Public Wi-Fi, Workforce development resources",County-wide or across multiple counties,"Fresno, Madera",,In-Person,,Locations vary as they are in rural areas and the location may change.,,,8:30a - 5p,,Locations vary as they are in rural areas and the location may change.,,,8:30a - 5p,,Locations vary as they are in rural areas and the location may change.,,,8:30a - 5p,,Locations vary as they are in rural areas and the location may change.,,,8:30a - 5p,,Locations vary as they are in rural areas and the location may change.,,,8:30a - 5p,,No. Our services are offered free of cost.,"Yes, Aging Individuals (Age 60+), Incarcerated Individuals, Veterans, Individuals with Disabilities, Individuals with Language Barriers (Limited English Proficiency individuals, etc.), Ethnic or Minority Communities, Rural Communities","English, Spanish, Other","Digital equity grant writing, Train-the-trainer, Partnership opportunities, Information sharing",Yes. We charge a fee for our services.,1/7/26 16:11
Calaveras County Health and Human Services Agency,509 E. St. Charles Street,San Andreas,CA,95249,'+12097546577,https://hhsa.calaverasgov.us/,Michael Magana,Assistant Director HHSA,mmagana@calaverascounty.gov,"Business, Community Anchor Institution, Government or Public Organization, Private Sector and Non-Governmental Organizations",,Free/Low-cost devices,City-wide or across multiple cities,Calaveras,,In-Person,,Calaveras Health and Human Services Agency,San Andreas,'+18004644079,8-5pm Monday through Friday,,Calaveras Health and Human Services Agency,San Andreas,'+18004644079,8-5pm Monday through Friday,,Calaveras Health and Human Services Agency,San Andreas,'+18004644079,8-5pm Monday through Friday,,Calaveras Health and Human Services Agency,San Andreas,'+18004644079,8-5pm Monday through Friday,,Calaveras Health and Human Services Agency,San Andreas,'+18004644079,8-5pm Monday through Friday,,No. Our services are offered free of cost.,"Yes, Aging Individuals (Age 60+), Incarcerated Individuals, Veterans, Individuals with Disabilities, Individuals with Language Barriers (Limited English Proficiency individuals, etc.), Ethnic or Minority Communities, Rural Communities","English, Spanish","Train-the-trainer, Partnership opportunities",No. Our services are offered free of cost.,1/7/26 15:49
Human Works Foundation,Virtual,,,,'+17148671947,https://www.human-works.org/,Caryl Fritze,Administrative Assistant,contactus@human-works.org,"Business, Community Anchor Institution, Government or Public Organization, Private Sector and Non-Governmental Organizations",,"Digital literacy & skills training, Workforce development resources",County-wide or across multiple counties,Orange,,Virtually,https://www.human-works.org/hwfservices,,,,,,,,,,,,,,,,,,,,,,,,,,No. Our services are offered free of cost.,"Yes, Incarcerated Individuals, Veterans, Individuals with Disabilities","English, Spanish","Organizational training, Train-the-trainer, Partnership opportunities, Collective action, Information sharing",Yes. We charge a fee for our services.,1/7/26 15:15
Human Works Foundation,1231 Warner Avenue Room 203,Tustin,CA,92780,'+17148671947,https://www.human-works.org/,Caryl Fritze,Administrative Assistant,contactus@human-works.org,"Business, Community Anchor Institution, Government or Public Organization, Private Sector and Non-Governmental Organizations",,"Digital literacy & skills training, Workforce development resources",County-wide or across multiple counties,Orange,,In-Person,,Tierney Center for Veteran Services,Tustin,'+17148671947,8:00AM- 5:00PM,https://www.human-works.org/hwfservices,Tierney Center for Veteran Services,Tustin,'+17148671947,8:00AM- 5:00PM,https://www.human-works.org/hwfservices,Tierney Center for Veteran Services,Tustin,'+17148671947,8:00AM- 5:00PM,https://www.human-works.org/hwfservices,Tierney Center for Veteran Services,Tustin,'+17148671947,8:00AM- 5:00PM,https://www.human-works.org/hwfservices,Tierney Center for Veteran Services,Tustin,'+17148671947,8:00AM- 5:00PM,https://www.human-works.org/hwfservices,No. Our services are offered free of cost.,"Yes, Incarcerated Individuals, Veterans, Individuals with Disabilities","English, Spanish","Organizational training, Train-the-trainer, Partnership opportunities, Collective action, Information sharing",Yes. We charge a fee for our services.,1/7/26 15:15
County of Los Angeles Community Broadband Network - South Los Angeles (In Partnership with WeLink Communications),Virtual,,,,'+13234575414,https://www.deletethedivide.org/community-broadband-network/,Eric Sasaki,"Manager, Major Programs",esasaki@isd.lacounty.gov,"Business, Community Anchor Institution, Government or Public Organization, Private Sector and Non-Governmental Organizations",Yes,Enrollment assistance in low-cost internet service programs,Other,,,Virtually,https://www.deletethedivide.org/community-broadband-network/,,,,,,,,,,,,,,,,,,,,,,,,,,Yes. We charge a fee for our services and itâ€™s more than $25.,"Yes, Aging Individuals (Age 60+), Veterans, Individuals with Disabilities, Individuals with Language Barriers (Limited English Proficiency individuals, etc.), Ethnic or Minority Communities","English, Spanish, Tagalog, Mandarin, Vietnamese, Korean, Cantonese, Armenian, Farsi, Arabic, Hindi, Russian, Japanese, Punjabi, Khmer, Other",Partnership opportunities,No. Our services are offered free of cost.,1/7/26 15:12
County of Los Angeles Community Broadband Network - East Los Angeles and Boyle Heights (In Partnership with WeLink Communications),Virtual,,,,'+13234575414,https://www.deletethedivide.org/community-broadband-network/,Eric Sasaki,"Manager, Major Programs",esasaki@isd.lacounty.gov,"Business, Community Anchor Institution, Government or Public Organization, Private Sector and Non-Governmental Organizations",Yes,Enrollment assistance in low-cost internet service programs,Other,,,Virtually,https://www.deletethedivide.org/community-broadband-network/,,,,,,,,,,,,,,,,,,,,,,,,,,Yes. We charge a fee for our services and itâ€™s more than $25.,"Yes, Aging Individuals (Age 60+), Veterans, Individuals with Disabilities, Individuals with Language Barriers (Limited English Proficiency individuals, etc.), Ethnic or Minority Communities","English, Spanish, Tagalog, Mandarin, Vietnamese, Korean, Cantonese, Armenian, Farsi, Arabic, Hindi, Russian, Japanese, Khmer, Other",Partnership opportunities,No. Our services are offered free of cost.,1/7/26 15:07
Fresno State Office of Community and Economic Development,Virtual,,,,'+15592780721,https://cge.fresnostate.edu/oced/,Barbara Foster,Acting Executive Director,bfoster@mail.fresnostate.edu,"Business, Community Anchor Institution, Government or Public Organization, Private Sector and Non-Governmental Organizations",,"Locating low-cost internet service programs, Digital literacy & skills training, Technical support, Free/Low-cost devices, Online educational resources, Workforce development resources",Other,,,Virtually,https://cge.fresnostate.edu/oced/parent-university.html,,,,,,,,,,,,,,,,,,,,,,,,,,No. Our services are offered free of cost.,"Yes, Veterans, Individuals with Disabilities, Individuals with Language Barriers (Limited English Proficiency individuals, etc.), Ethnic or Minority Communities, Rural Communities, Other","English, Spanish, Punjabi, Other","Train-the-trainer, Partnership opportunities, Collective action, Information sharing",No. Our services are offered free of cost.,1/7/26 15:02
Fresno State Office of Community and Economic Development,1625 East Shaw Avenue Frontage Road,Fresno,CA,93710,'+15592780721,https://cge.fresnostate.edu/oced/,Barbara Foster,Acting Executive Director,bfoster@mail.fresnostate.edu,"Business, Community Anchor Institution, Government or Public Organization, Private Sector and Non-Governmental Organizations",,"Locating low-cost internet service programs, Digital literacy & skills training, Technical support, Free/Low-cost devices, Online educational resources, Workforce development resources",Other,,,In-Person,,Office of Community and Economic Development,Fresno,,Monday-Friday 8:00 AM - 5:00 Evenings and Weekends by appointment,https://cge.fresnostate.edu/oced/parent-university.html,Office of Community and Economic Development,Fresno,,Monday-Friday 8:00 AM - 5:00 Evenings and Weekends by appointment,https://cge.fresnostate.edu/oced/parent-university.html,Office of Community and Economic Development,Fresno,,Monday-Friday 8:00 AM - 5:00 Evenings and Weekends by appointment,https://cge.fresnostate.edu/oced/parent-university.html,Office of Community and Economic Development,Fresno,,Monday-Friday 8:00 AM - 5:00 Evenings and Weekends by appointment,https://cge.fresnostate.edu/oced/parent-university.html,Office of Community and Economic Development,Fresno,,Monday-Friday 8:00 AM - 5:00 Evenings and Weekends by appointment,https://cge.fresnostate.edu/oced/parent-university.html,No. Our services are offered free of cost.,"Yes, Veterans, Individuals with Disabilities, Individuals with Language Barriers (Limited English Proficiency individuals, etc.), Ethnic or Minority Communities, Rural Communities, Other","English, Spanish, Punjabi, Other","Train-the-trainer, Partnership opportunities, Collective action, Information sharing",No. Our services are offered free of cost.,1/7/26 15:02
ABLE Community Development Foundation,1963 Carlson Blvd,Richmond,CA,94804,'+15102740958,https://www.ablecommunitydf.org,Sery Tatpaporn,President/CEO,ablecommunitydf@gmail.com,"Business, Community Anchor Institution, Government or Public Organization, Private Sector and Non-Governmental Organizations",,Digital literacy & skills training,County-wide or across multiple counties,"Contra Costa, Sacramento",,In-Person,,AAPI Wellness Center,Richmond,'+15102740958,0900 AM to 5:00 PM,https://www.ablecommunitydf.org,AAPI Wellness Center,Richmond,'+15102740958,0900 AM to 5:00 PM,https://www.ablecommunitydf.org,AAPI Wellness Center,Richmond,'+15102740958,0900 AM to 5:00 PM,https://www.ablecommunitydf.org,AAPI Wellness Center,Richmond,'+15102740958,0900 AM to 5:00 PM,https://www.ablecommunitydf.org,AAPI Wellness Center,Richmond,'+15102740958,0900 AM to 5:00 PM,https://www.ablecommunitydf.org,No. Our services are offered free of cost.,"Yes, Aging Individuals (Age 60+), Individuals with Disabilities, Individuals with Language Barriers (Limited English Proficiency individuals, etc.), Ethnic or Minority Communities","English, Mandarin, Vietnamese, Khmer, Other","Partnership opportunities, Collective action, Information sharing",No. Our services are offered free of cost.,1/7/26 15:01
Napa County,Virtual,,,,'+17072991519,https://www.napacounty.gov/3592/Broadband-High-Speed-Internet,Mark Revis,Broadband Project Manager,mark.revis@countyofnapa.org,"Business, Community Anchor Institution, Government or Public Organization, Private Sector and Non-Governmental Organizations",,"Digital navigation (in-person or virtual/call center), Digital literacy & skills training, Technical support, Free/Low-cost devices, Free/Low-cost hotspots, Public Wi-Fi, Computer center(s)",County-wide or across multiple counties,Napa,,Virtually,https://www.napacounty.gov/3592/Broadband-High-Speed-Internet,,,,,,,,,,,,,,,,,,,,,,,,,,No. Our services are offered free of cost.,"Yes, Aging Individuals (Age 60+), Veterans, Individuals with Disabilities, Individuals with Language Barriers (Limited English Proficiency individuals, etc.), Ethnic or Minority Communities, Rural Communities","English, Spanish","Digital equity grant writing, Partnership opportunities, Collective action, Information sharing",No. Our services are offered free of cost.,1/7/26 14:57
Napa County,580 Coombs St.,Napa,CA,94559,'+17072991519,https://www.napacounty.gov/3592/Broadband-High-Speed-Internet,Mark Revis,Broadband Project Manager,mark.revis@countyofnapa.org,"Business, Community Anchor Institution, Government or Public Organization, Private Sector and Non-Governmental Organizations",,"Digital navigation (in-person or virtual/call center), Digital literacy & skills training, Technical support, Free/Low-cost devices, Free/Low-cost hotspots, Public Wi-Fi, Computer center(s)",County-wide or across multiple counties,Napa,,In-Person,,Napa County Library (Napa),Napa,'+17072534241,"Monday - Thursday 9 a.m. - 8 p.m., Friday and Saturday 10 a.m. - 6 p.m., Sunday 1 - 5 p.m.",https://www.napacounty.gov/584/Library,Napa County Library (Napa),Napa,'+17072534241,"Monday - Thursday 9 a.m. - 8 p.m., Friday and Saturday 10 a.m. - 6 p.m., Sunday 1 - 5 p.m.",https://www.napacounty.gov/584/Library,Napa County Library (Napa),Napa,'+17072534241,"Monday - Thursday 9 a.m. - 8 p.m., Friday and Saturday 10 a.m. - 6 p.m., Sunday 1 - 5 p.m.",https://www.napacounty.gov/584/Library,Napa County Library (Napa),Napa,'+17072534241,"Monday - Thursday 9 a.m. - 8 p.m., Friday and Saturday 10 a.m. - 6 p.m., Sunday 1 - 5 p.m.",https://www.napacounty.gov/584/Library,Napa County Library (Napa),Napa,'+17072534241,"Monday - Thursday 9 a.m. - 8 p.m., Friday and Saturday 10 a.m. - 6 p.m., Sunday 1 - 5 p.m.",https://www.napacounty.gov/584/Library,No. Our services are offered free of cost.,"Yes, Aging Individuals (Age 60+), Veterans, Individuals with Disabilities, Individuals with Language Barriers (Limited English Proficiency individuals, etc.), Ethnic or Minority Communities, Rural Communities","English, Spanish","Digital equity grant writing, Partnership opportunities, Collective action, Information sharing",No. Our services are offered free of cost.,1/7/26 14:57
Napa County,300 Crawford Way,American Canyon,CA,94503,'+17072991519,https://www.napacounty.gov/3592/Broadband-High-Speed-Internet,Mark Revis,Broadband Project Manager,mark.revis@countyofnapa.org,"Business, Community Anchor Institution, Government or Public Organization, Private Sector and Non-Governmental Organizations",,"Digital navigation (in-person or virtual/call center), Digital literacy & skills training, Technical support, Free/Low-cost devices, Free/Low-cost hotspots, Public Wi-Fi, Computer center(s)",County-wide or across multiple counties,Napa,,In-Person,,Napa County Library (American Canyon),American Canyon,'+17076441136,"Monday, Tuesday, and Thursday - Saturday 10 a.m. âˆ’ 6 p.m. Wednesday 12 p.m. âˆ’ 8 p.m.",https://www.napacounty.gov/584/Library,Napa County Library (American Canyon),American Canyon,'+17076441136,"Monday, Tuesday, and Thursday - Saturday 10 a.m. âˆ’ 6 p.m. Wednesday 12 p.m. âˆ’ 8 p.m.",https://www.napacounty.gov/584/Library,Napa County Library (American Canyon),American Canyon,'+17076441136,"Monday, Tuesday, and Thursday - Saturday 10 a.m. âˆ’ 6 p.m. Wednesday 12 p.m. âˆ’ 8 p.m.",https://www.napacounty.gov/584/Library,Napa County Library (American Canyon),American Canyon,'+17076441136,"Monday, Tuesday, and Thursday - Saturday 10 a.m. âˆ’ 6 p.m. Wednesday 12 p.m. âˆ’ 8 p.m.",https://www.napacounty.gov/584/Library,Napa County Library (American Canyon),American Canyon,'+17076441136,"Monday, Tuesday, and Thursday - Saturday 10 a.m. âˆ’ 6 p.m. Wednesday 12 p.m. âˆ’ 8 p.m.",https://www.napacounty.gov/584/Library,No. Our services are offered free of cost.,"Yes, Aging Individuals (Age 60+), Veterans, Individuals with Disabilities, Individuals with Language Barriers (Limited English Proficiency individuals, etc.), Ethnic or Minority Communities, Rural Communities","English, Spanish","Digital equity grant writing, Partnership opportunities, Collective action, Information sharing",No. Our services are offered free of cost.,1/7/26 14:57
Napa County,6516 Washington St.,Yountville,CA,94599,'+17072991519,https://www.napacounty.gov/3592/Broadband-High-Speed-Internet,Mark Revis,Broadband Project Manager,mark.revis@countyofnapa.org,"Business, Community Anchor Institution, Government or Public Organization, Private Sector and Non-Governmental Organizations",,"Digital navigation (in-person or virtual/call center), Digital literacy & skills training, Technical support, Free/Low-cost devices, Free/Low-cost hotspots, Public Wi-Fi, Computer center(s)",County-wide or across multiple counties,Napa,,In-Person,,Napa County Library (Yountville),Yountville,'+17079441888,Tuesday - Saturday 9 a.m. âˆ’ 5 p.m.,https://www.napacounty.gov/584/Library,Napa County Library (Yountville),Yountville,'+17079441888,Tuesday - Saturday 9 a.m. âˆ’ 5 p.m.,https://www.napacounty.gov/584/Library,Napa County Library (Yountville),Yountville,'+17079441888,Tuesday - Saturday 9 a.m. âˆ’ 5 p.m.,https://www.napacounty.gov/584/Library,Napa County Library (Yountville),Yountville,'+17079441888,Tuesday - Saturday 9 a.m. âˆ’ 5 p.m.,https://www.napacounty.gov/584/Library,Napa County Library (Yountville),Yountville,'+17079441888,Tuesday - Saturday 9 a.m. âˆ’ 5 p.m.,https://www.napacounty.gov/584/Library,No. Our services are offered free of cost.,"Yes, Aging Individuals (Age 60+), Veterans, Individuals with Disabilities, Individuals with Language Barriers (Limited English Proficiency individuals, etc.), Ethnic or Minority Communities, Rural Communities","English, Spanish","Digital equity grant writing, Partnership opportunities, Collective action, Information sharing",No. Our services are offered free of cost.,1/7/26 14:57
Napa County,1108 Myrtle St.,Calistoga,CA,94515,'+17072991519,https://www.napacounty.gov/3592/Broadband-High-Speed-Internet,Mark Revis,Broadband Project Manager,mark.revis@countyofnapa.org,"Business, Community Anchor Institution, Government or Public Organization, Private Sector and Non-Governmental Organizations",,"Digital navigation (in-person or virtual/call center), Digital literacy & skills training, Technical support, Free/Low-cost devices, Free/Low-cost hotspots, Public Wi-Fi, Computer center(s)",County-wide or across multiple counties,Napa,,In-Person,,Napa County Library (Calistoga),Calistoga,'+17079424833,"Monday, Tuesday, and Thursday - Saturday 10 a.m. âˆ’ 6 p.m. Wednesday 12 p.m. âˆ’ 8 p.m.",https://www.napacounty.gov/584/Library,Napa County Library (Calistoga),Calistoga,'+17079424833,"Monday, Tuesday, and Thursday - Saturday 10 a.m. âˆ’ 6 p.m. Wednesday 12 p.m. âˆ’ 8 p.m.",https://www.napacounty.gov/584/Library,Napa County Library (Calistoga),Calistoga,'+17079424833,"Monday, Tuesday, and Thursday - Saturday 10 a.m. âˆ’ 6 p.m. Wednesday 12 p.m. âˆ’ 8 p.m.",https://www.napacounty.gov/584/Library,Napa County Library (Calistoga),Calistoga,'+17079424833,"Monday, Tuesday, and Thursday - Saturday 10 a.m. âˆ’ 6 p.m. Wednesday 12 p.m. âˆ’ 8 p.m.",https://www.napacounty.gov/584/Library,Napa County Library (Calistoga),Calistoga,'+17079424833,"Monday, Tuesday, and Thursday - Saturday 10 a.m. âˆ’ 6 p.m. Wednesday 12 p.m. âˆ’ 8 p.m.",https://www.napacounty.gov/584/Library,No. Our services are offered free of cost.,"Yes, Aging Individuals (Age 60+), Veterans, Individuals with Disabilities, Individuals with Language Barriers (Limited English Proficiency individuals, etc.), Ethnic or Minority Communities, Rural Communities","English, Spanish","Digital equity grant writing, Partnership opportunities, Collective action, Information sharing",No. Our services are offered free of cost.,1/7/26 14:57
Acton & Agua Dulce Democratic Club,Virtual,,,,'+18182981735,https://www.actonaguadulcedemocraticclub.com/,Jessica Fish,VP Membership/Programming,acton.aguadulce.democrats@gmail.com,"Business, Community Anchor Institution, Government or Public Organization, Private Sector and Non-Governmental Organizations",,Online educational resources,Other,,,Virtually,https://www.actonaguadulcedemocraticclub.com/democracy-in-action,,,,,,,,,,,,,,,,,,,,,,,,,,No. Our services are offered free of cost.,"Yes, Aging Individuals (Age 60+), Veterans, Individuals with Disabilities, Ethnic or Minority Communities, Rural Communities",English,"Collective action, Information sharing",No. Our services are offered free of cost.,1/7/26 14:49
People Centric Ventures (San Jose ON & Beyond),Virtual,,,,'+14086000429,https://www.SanJoseOn.com,Gina Gates-Lopez,Director,contact@sanjoseon.com,"Business, Community Anchor Institution, Government or Public Organization, Private Sector and Non-Governmental Organizations",,"Digital literacy & skills training, Online educational resources",County-wide or across multiple counties,Santa Clara,,Virtually,https://www.SanJoseOn.com,,,,,,,,,,,,,,,,,,,,,,,,,,No. Our services are offered free of cost.,"Yes, Aging Individuals (Age 60+), Incarcerated Individuals, Other",English,"Organizational training, Partnership opportunities, Collective action, Information sharing, Other",Yes. We charge a fee for our services.,1/7/26 14:22
County of Alameda Library,2450 Stevenson Blvd,Fremont,CA,94538,'+15107451582,https://aclibrary.org/,Angel Vazquez,Information Systems Manager,avazquez@aclibrary.org,"Business, Community Anchor Institution, Government or Public Organization, Private Sector and Non-Governmental Organizations",,"Digital literacy & skills training, Technical support, Public Wi-Fi, Computer center(s)",County-wide or across multiple counties,Alameda,,In-Person,,,,,,,,,,,,,,,,,,,,,,,,,,,No. Our services are offered free of cost.,"Yes, Aging Individuals (Age 60+), Incarcerated Individuals, Veterans, Individuals with Disabilities, Individuals with Language Barriers (Limited English Proficiency individuals, etc.), Ethnic or Minority Communities, Rural Communities","English, Spanish, Mandarin, Cantonese",,No. Our services are offered free of cost.,1/7/26 14:07
CEO-ARDI,Virtual,,,,'+12139482822,https://ceo.lacounty.gov/ardi/,Tolu Bamishigbin,Principal Analyst,twuraola@ceo.lacounty.gov,"Business, Community Anchor Institution, Government or Public Organization, Private Sector and Non-Governmental Organizations",,Online educational resources,County-wide or across multiple counties,Los Angeles,,Virtually,https://experience.arcgis.com/experience/9d7a43397ea84ab98a534be5b5376fba/page/Home?views=Map-Layers%2CSocial-Equity#data_s=id%3AdataSource_4-195af011fd3-layer-87%3A136,,,,,,,,,,,,,,,,,,,,,,,,,,No. Our services are offered free of cost.,"Yes, Aging Individuals (Age 60+), Incarcerated Individuals, Veterans, Individuals with Disabilities, Individuals with Language Barriers (Limited English Proficiency individuals, etc.), Ethnic or Minority Communities, Rural Communities, Other",English,"Information sharing, Other",No. Our services are offered free of cost.,1/7/26 13:56
Long Beach Collaboratory Program,"411 Ocean Blvd,",Long Beach,CA,90802,'+15625707002,https://www.longbeach.gov/smartcity/pilot-programs/lb-co-lab/,Ryan Welc,Program Manager,ryan.welch@longbeach.gov,"Business, Community Anchor Institution, Government or Public Organization, Private Sector and Non-Governmental Organizations",,"Digital literacy & skills training, Workforce development resources",City-wide or across multiple cities,Los Angeles,,In-Person,,,,,,https://www.longbeach.gov/smartcity/pilot-programs/lb-co-lab/,,,,,https://www.longbeach.gov/smartcity/pilot-programs/lb-co-lab/,,,,,https://www.longbeach.gov/smartcity/pilot-programs/lb-co-lab/,,,,,https://www.longbeach.gov/smartcity/pilot-programs/lb-co-lab/,,,,,https://www.longbeach.gov/smartcity/pilot-programs/lb-co-lab/,No. Our services are offered free of cost.,"Yes, Aging Individuals (Age 60+), Individuals with Language Barriers (Limited English Proficiency individuals, etc.), Ethnic or Minority Communities","English, Spanish, Tagalog, Khmer","Organizational training, Train-the-trainer, Partnership opportunities, Information sharing",No. Our services are offered free of cost.,1/6/26 11:42
LA County Library,Virtual,,,,'+15629408462,https://lacountylibrary.org/,Amy Crow,Assistant Library Administrator,acrow@library.lacounty.gov,"Business, Community Anchor Institution, Government or Public Organization, Private Sector and Non-Governmental Organizations",,"Digital navigation (in-person or virtual/call center), Digital literacy & skills training, Public Wi-Fi, Computer center(s), Online educational resources, Workforce development resources",County-wide or across multiple counties,Los Angeles,,"Virtually, In-Person",https://lacountylibrary.org/,,,,,,,,,,,,,,,,,,,,,,,,,,No. Our services are offered free of cost.,"Yes, Aging Individuals (Age 60+), Incarcerated Individuals, Veterans, Individuals with Disabilities, Individuals with Language Barriers (Limited English Proficiency individuals, etc.), Ethnic or Minority Communities","English, Spanish, Mandarin","Partnership opportunities, Information sharing",No. Our services are offered free of cost.,1/5/26 16:54
United Way of Merced County,531 W. Main St.,Merced,CA,95340,'+12093834242,https://www.unitedwaymerced.org/,Robert Hypes,CEO,roberth@unitedwaymerced.org,"Business, Community Anchor Institution, Government or Public Organization, Private Sector and Non-Governmental Organizations",,Locating low-cost internet service programs,County-wide or across multiple counties,Merced,,In-Person,,We prefer using our 2-1-1 telephone line.,,,,,We prefer using our 2-1-1 telephone line.,,,,,We prefer using our 2-1-1 telephone line.,,,,,We prefer using our 2-1-1 telephone line.,,,,,We prefer using our 2-1-1 telephone line.,,,,,No. Our services are offered free of cost.,"Yes, Aging Individuals (Age 60+), Incarcerated Individuals, Veterans, Individuals with Disabilities, Individuals with Language Barriers (Limited English Proficiency individuals, etc.), Ethnic or Minority Communities, Rural Communities","English, Spanish",Partnership opportunities,No. Our services are offered free of cost.,1/5/26 12:17
Los Angeles County Department of Aging & Disabilities,510 S. Vermont Avenue 11th floor,Los Angeles,CA,90020,'+13233564672,https://ad.lacounty.gov,Ivan Pacheco,DCIO,ipacheco@ad.lacounty.gov,"Business, Community Anchor Institution, Government or Public Organization, Private Sector and Non-Governmental Organizations",,"Digital navigation (in-person or virtual/call center), Digital literacy & skills training, Free/Low-cost devices, Computer center(s)",County-wide or across multiple counties,Los Angeles,,In-Person,,,,,,,,,,,,,,,,,,,,,,,,,,,No. Our services are offered free of cost.,"Yes, Aging Individuals (Age 60+), Individuals with Disabilities","English, Spanish, Tagalog, Mandarin, Vietnamese, Korean, Cantonese, Armenian, Arabic, Russian, Japanese, French","Partnership opportunities, Collective action, Information sharing",No. Our services are offered free of cost.,1/5/26 11:12
On Lok 30th Street Senior Center,Virtual,,,,'+14152928812,https://www.onlok.org/senior-center/,"Imani Austin, DSW","Assistant Director of Senior Programs and Operations, Day Services",imani.austin@onlok.org,"Business, Community Anchor Institution, Government or Public Organization, Private Sector and Non-Governmental Organizations",,"Locating low-cost internet service programs, Enrollment assistance in low-cost internet service programs, Digital navigation (in-person or virtual/call center), Digital literacy & skills training, Technical support, Free/Low-cost devices, Public Wi-Fi, Computer center(s), Online educational resources, Workforce development resources",City-wide or across multiple cities,San Francisco,,Virtually,,,,,,,,,,,,,,,,,,,,,,,,,,,No. Our services are offered free of cost.,"Yes, Aging Individuals (Age 60+), Veterans, Individuals with Disabilities, Individuals with Language Barriers (Limited English Proficiency individuals, etc.), Ethnic or Minority Communities, Other","English, Spanish, Mandarin, Cantonese","Partnership opportunities, Information sharing",No. Our services are offered free of cost.,12/31/25 11:20
On Lok 30th Street Senior Center,225 30th Street,San Franciso,CA,94131,'+14152928812,https://www.onlok.org/senior-center/,"Imani Austin, DSW","Assistant Director of Senior Programs and Operations, Day Services",imani.austin@onlok.org,"Business, Community Anchor Institution, Government or Public Organization, Private Sector and Non-Governmental Organizations",,"Locating low-cost internet service programs, Enrollment assistance in low-cost internet service programs, Digital navigation (in-person or virtual/call center), Digital literacy & skills training, Technical support, Free/Low-cost devices, Public Wi-Fi, Computer center(s), Online educational resources, Workforce development resources",City-wide or across multiple cities,San Francisco,,In-Person,https://alwaysactive.org/,On Lok 30th Street Senior Center,San Franciso,'+14152928812,9AM-4PM/ 8:30AM-5PM,https://www.onlok.org/senior-center/,On Lok 30th Street Senior Center,San Franciso,'+14152928812,9AM-4PM/ 8:30AM-5PM,https://www.onlok.org/senior-center/,On Lok 30th Street Senior Center,San Franciso,'+14152928812,9AM-4PM/ 8:30AM-5PM,https://www.onlok.org/senior-center/,On Lok 30th Street Senior Center,San Franciso,'+14152928812,9AM-4PM/ 8:30AM-5PM,https://www.onlok.org/senior-center/,On Lok 30th Street Senior Center,San Franciso,'+14152928812,9AM-4PM/ 8:30AM-5PM,https://www.onlok.org/senior-center/,No. Our services are offered free of cost.,"Yes, Aging Individuals (Age 60+), Veterans, Individuals with Disabilities, Individuals with Language Barriers (Limited English Proficiency individuals, etc.), Ethnic or Minority Communities, Other","English, Spanish, Mandarin, Cantonese","Partnership opportunities, Information sharing",No. Our services are offered free of cost.,12/31/25 11:20
LA County Metropolitan Transportation Authority,Virtual,,,,'+12133171411,https://metro.net,Edward-Michael Muna,"Senior Manager Transportation Planning, Office of Equity and Race",munae@metro.net,"Business, Community Anchor Institution, Government or Public Organization, Private Sector and Non-Governmental Organizations",,"Digital navigation (in-person or virtual/call center), Public Wi-Fi, Workforce development resources",County-wide or across multiple counties,Los Angeles,,"Virtually, In-Person",https://www.metro.net/riding/rider-apps/,,,,,,,,,,,,,,,,,,,,,,,,,,Yes. We charge a fee for our services and itâ€™s less than $25.,"Yes, Aging Individuals (Age 60+), Incarcerated Individuals, Veterans, Individuals with Disabilities, Individuals with Language Barriers (Limited English Proficiency individuals, etc.), Ethnic or Minority Communities, Rural Communities","English, Spanish, Mandarin, Korean, Armenian, Russian, Japanese, French, Khmer",,,12/30/25 15:37
Fresno County Public Library,Virtual,,,,'+15596007323,https://www.fresnolibrary.org/,Fae Giffen,Community Engagement Manager,fae.giffen@fresnolibrary.org,"Business, Community Anchor Institution, Government or Public Organization, Private Sector and Non-Governmental Organizations",,"Digital literacy & skills training, Public Wi-Fi, Computer center(s), Online educational resources, Workforce development resources",County-wide or across multiple counties,Fresno,,Virtually,https://www.fresnolibrary.org/,,,,,,,,,,,,,,,,,,,,,,,,,,No. Our services are offered free of cost.,"Yes, Aging Individuals (Age 60+), Veterans, Individuals with Disabilities, Individuals with Language Barriers (Limited English Proficiency individuals, etc.), Ethnic or Minority Communities, Rural Communities",English,Information sharing,No. Our services are offered free of cost.,12/30/25 13:25
Los Angeles County Office of Education,Virtual,,,,'+15629226111,https://www.lacoe.edu/services/technology/learning-support,Beth Olshewsky,Library Services Manager,edtech@lacoe.edu,"Business, Community Anchor Institution, Government or Public Organization, Private Sector and Non-Governmental Organizations",,Digital literacy & skills training,County-wide or across multiple counties,Los Angeles,,Virtually,https://www.lacoe.edu/services/technology/learning-support,,,,,,,,,,,,,,,,,,,,,,,,,,No. Our services are offered free of cost.,"Yes, Aging Individuals (Age 60+), Incarcerated Individuals, Veterans, Individuals with Disabilities, Individuals with Language Barriers (Limited English Proficiency individuals, etc.), Ethnic or Minority Communities, Rural Communities",English,"Organizational training, Train-the-trainer, Partnership opportunities, Collective action, Information sharing",Yes. We charge a fee for our services.,12/30/25 10:44
Los Angeles County Office of Education,9300 Imperial Hwy,Downey,CA,90242,'+15629226111,https://www.lacoe.edu/services/technology/learning-support,Beth Olshewsky,Library Services Manager,edtech@lacoe.edu,"Business, Community Anchor Institution, Government or Public Organization, Private Sector and Non-Governmental Organizations",,Digital literacy & skills training,County-wide or across multiple counties,Los Angeles,,In-Person,,Los Angeles County Office of Education EC,Downey,'+15629226111,8:00am-5:00pm,https://www.lacoe.edu/services/technology/learning-support,Los Angeles County Office of Education EC,Downey,'+15629226111,8:00am-5:00pm,https://www.lacoe.edu/services/technology/learning-support,Los Angeles County Office of Education EC,Downey,'+15629226111,8:00am-5:00pm,https://www.lacoe.edu/services/technology/learning-support,Los Angeles County Office of Education EC,Downey,'+15629226111,8:00am-5:00pm,https://www.lacoe.edu/services/technology/learning-support,Los Angeles County Office of Education EC,Downey,'+15629226111,8:00am-5:00pm,https://www.lacoe.edu/services/technology/learning-support,No. Our services are offered free of cost.,"Yes, Aging Individuals (Age 60+), Incarcerated Individuals, Veterans, Individuals with Disabilities, Individuals with Language Barriers (Limited English Proficiency individuals, etc.), Ethnic or Minority Communities, Rural Communities",English,"Organizational training, Train-the-trainer, Partnership opportunities, Collective action, Information sharing",Yes. We charge a fee for our services.,12/30/25 10:44
San Francisco Public Library,Virtual,,,,'+14155574400,https://sfpl.org,Maricela Leon-Barrera,Librarian III - Digital Equity Manager,maricela.leonbarrera@sfpl.org,"Business, Community Anchor Institution, Government or Public Organization, Private Sector and Non-Governmental Organizations",,"Digital navigation (in-person or virtual/call center), Digital literacy & skills training, Technical support, Public Wi-Fi, Computer center(s), Online educational resources, Workforce development resources",County-wide or across multiple counties,"Alameda, Contra Costa, Marin, San Francisco, San Mateo",,Virtually,https://sfpl.org/research-learn,,,,,,,,,,,,,,,,,,,,,,,,,,No. Our services are offered free of cost.,"Yes, Aging Individuals (Age 60+), Incarcerated Individuals, Veterans, Individuals with Disabilities, Individuals with Language Barriers (Limited English Proficiency individuals, etc.), Ethnic or Minority Communities","English, Spanish, Mandarin, Cantonese",Partnership opportunities,No. Our services are offered free of cost.,12/30/25 10:19
San Francisco Public Library,100 Larkin St.,San Francisco,CA,94102,'+14155574400,https://sfpl.org,Maricela Leon-Barrera,Librarian III - Digital Equity Manager,maricela.leonbarrera@sfpl.org,"Business, Community Anchor Institution, Government or Public Organization, Private Sector and Non-Governmental Organizations",,"Digital navigation (in-person or virtual/call center), Digital literacy & skills training, Technical support, Public Wi-Fi, Computer center(s), Online educational resources, Workforce development resources",County-wide or across multiple counties,"Alameda, Contra Costa, Marin, San Francisco, San Mateo",,In-Person,,San Francisco Public Libraries - various locations,San Francisco,'+14155574400,"Mon 9am-6pm, Tue - Thu 9am-8pm, Fri, Sun 12-6pm, Sat 10am-6pm",https://sfpl.org/thebridge,San Francisco Public Libraries - various locations,San Francisco,'+14155574400,"Mon 9am-6pm, Tue - Thu 9am-8pm, Fri, Sun 12-6pm, Sat 10am-6pm",https://sfpl.org/thebridge,San Francisco Public Libraries - various locations,San Francisco,'+14155574400,"Mon 9am-6pm, Tue - Thu 9am-8pm, Fri, Sun 12-6pm, Sat 10am-6pm",https://sfpl.org/thebridge,San Francisco Public Libraries - various locations,San Francisco,'+14155574400,"Mon 9am-6pm, Tue - Thu 9am-8pm, Fri, Sun 12-6pm, Sat 10am-6pm",https://sfpl.org/thebridge,San Francisco Public Libraries - various locations,San Francisco,'+14155574400,"Mon 9am-6pm, Tue - Thu 9am-8pm, Fri, Sun 12-6pm, Sat 10am-6pm",https://sfpl.org/thebridge,No. Our services are offered free of cost.,"Yes, Aging Individuals (Age 60+), Incarcerated Individuals, Veterans, Individuals with Disabilities, Individuals with Language Barriers (Limited English Proficiency individuals, etc.), Ethnic or Minority Communities","English, Spanish, Mandarin, Cantonese",Partnership opportunities,No. Our services are offered free of cost.,12/30/25 10:19
"International Rescue Committee, San Jose",Virtual,,,,'+14082770255,https://www.rescue.org/united-states/san-jose-ca,Amaline Chraibi,Digital Inclusion Specialist,sanjose@rescue.org,"Business, Community Anchor Institution, Government or Public Organization, Private Sector and Non-Governmental Organizations",,"Locating low-cost internet service programs, Enrollment assistance in low-cost internet service programs, Digital navigation (in-person or virtual/call center), Digital literacy & skills training, Free/Low-cost devices, Public Wi-Fi, Computer center(s), Online educational resources, Workforce development resources",City-wide or across multiple cities,"Alameda, San Mateo, Santa Clara, Santa Cruz",,Virtually,https://www.rescue.org/united-states/san-jose-ca,,,,,,,,,,,,,,,,,,,,,,,,,,No. Our services are offered free of cost.,"Yes, Aging Individuals (Age 60+), Individuals with Language Barriers (Limited English Proficiency individuals, etc.), Ethnic or Minority Communities, Other","English, Spanish, Farsi, Arabic","Partnership opportunities, Information sharing",No. Our services are offered free of cost.,12/30/25 10:05
"International Rescue Committee, San Jose",1210 S Bascom Ave,San Jose,CA,95128,'+14082770255,https://www.rescue.org/united-states/san-jose-ca,Amaline Chraibi,Digital Inclusion Specialist,sanjose@rescue.org,"Business, Community Anchor Institution, Government or Public Organization, Private Sector and Non-Governmental Organizations",,"Locating low-cost internet service programs, Enrollment assistance in low-cost internet service programs, Digital navigation (in-person or virtual/call center), Digital literacy & skills training, Free/Low-cost devices, Public Wi-Fi, Computer center(s), Online educational resources, Workforce development resources",City-wide or across multiple cities,"Alameda, San Mateo, Santa Clara, Santa Cruz",,In-Person,,International Rescue Committee,San Jose,'+14082770255,9am-5pm,https://www.sjpl.org/blogs/post/introducing-tech-hubs-powered-by-sj-access/,International Rescue Committee,San Jose,'+14082770255,9am-5pm,https://www.sjpl.org/blogs/post/introducing-tech-hubs-powered-by-sj-access/,International Rescue Committee,San Jose,'+14082770255,9am-5pm,https://www.sjpl.org/blogs/post/introducing-tech-hubs-powered-by-sj-access/,International Rescue Committee,San Jose,'+14082770255,9am-5pm,https://www.sjpl.org/blogs/post/introducing-tech-hubs-powered-by-sj-access/,International Rescue Committee,San Jose,'+14082770255,9am-5pm,https://www.sjpl.org/blogs/post/introducing-tech-hubs-powered-by-sj-access/,No. Our services are offered free of cost.,"Yes, Aging Individuals (Age 60+), Individuals with Language Barriers (Limited English Proficiency individuals, etc.), Ethnic or Minority Communities, Other","English, Spanish, Farsi, Arabic","Partnership opportunities, Information sharing",No. Our services are offered free of cost.,12/30/25 10:05
Alameda County Library,Virtual,,,,'+15107451500,https://aclibrary.org,Ben Gomberg,Library Logistics Division Director,bgomberg@aclibrary.org,"Business, Community Anchor Institution, Government or Public Organization, Private Sector and Non-Governmental Organizations",,"Locating low-cost internet service programs, Digital navigation (in-person or virtual/call center), Digital literacy & skills training, Public Wi-Fi, Computer center(s), Online educational resources, Workforce development resources",County-wide or across multiple counties,Alameda,,Virtually,https://aclibrary.org/elibrary,,,,,,,,,,,,,,,,,,,,,,,,,,No. Our services are offered free of cost.,"Yes, Aging Individuals (Age 60+), Incarcerated Individuals, Veterans, Individuals with Disabilities, Individuals with Language Barriers (Limited English Proficiency individuals, etc.), Ethnic or Minority Communities","English, Spanish, Mandarin, Cantonese","Partnership opportunities, Collective action, Information sharing, Other",No. Our services are offered free of cost.,12/29/25 16:23
OC Public Libraries,Virtual,,,,'+17145663086,https://ocpl.org,Julie Quillman,County Librarian,julie.quillman@occr.ocgov.com,"Business, Community Anchor Institution, Government or Public Organization, Private Sector and Non-Governmental Organizations",,"Digital literacy & skills training, Free/Low-cost hotspots, Public Wi-Fi, Computer center(s), Online educational resources",County-wide or across multiple counties,Orange,,Virtually,https://ocpl.org,,,,,,,,,,,,,,,,,,,,,,,,,,No. Our services are offered free of cost.,Yes,"English, Spanish, Vietnamese",,No. Our services are offered free of cost.,12/29/25 10:28
SeniorTechPal,El Dorado Hills,El Dorado Hills,CA,95762,'+19165420100,https://www.seniortechpal.org,Ashu Singla,CEO,ashusingla@seniortechpal.org,"Business, Community Anchor Institution, Government or Public Organization, Private Sector and Non-Governmental Organizations",,"Digital navigation (in-person or virtual/call center), Digital literacy & skills training, Technical support",City-wide or across multiple cities,"Alameda, El Dorado, Sacramento, San Francisco, Santa Clara",,In-Person,,,,,,,,,,,,,,,,,,,,,,,,,,,No. Our services are offered free of cost.,"Yes, Aging Individuals (Age 60+)",English,,,12/29/25 9:09
City and County of San Francisco,Virtual,,,,'+14153556700,https://www.sfhsa.org/services/disability-aging,Sarah Chan,Program Analyst,sarah.chan@sfgov.org,"Business, Community Anchor Institution, Government or Public Organization, Private Sector and Non-Governmental Organizations",,"Digital navigation (in-person or virtual/call center), Digital literacy & skills training, Technical support, Public Wi-Fi, Computer center(s), Workforce development resources",County-wide or across multiple counties,San Francisco,,Virtually,https://www.sfhsa.org/services/disability-aging/community-activities/sf-connected,,,,,,,,,,,,,,,,,,,,,,,,,,No. Our services are offered free of cost.,"Yes, Aging Individuals (Age 60+), Veterans, Individuals with Disabilities, Individuals with Language Barriers (Limited English Proficiency individuals, etc.), Ethnic or Minority Communities","English, Spanish, Mandarin, Vietnamese, Cantonese, Russian","Partnership opportunities, Collective action, Information sharing",No. Our services are offered free of cost.,12/24/25 12:35
City and County of San Francisco,2 Gough Street,San Francisco,CA,94103,'+14153556700,https://www.sfhsa.org/services/disability-aging,Sarah Chan,Program Analyst,sarah.chan@sfgov.org,"Business, Community Anchor Institution, Government or Public Organization, Private Sector and Non-Governmental Organizations",,"Digital navigation (in-person or virtual/call center), Digital literacy & skills training, Technical support, Public Wi-Fi, Computer center(s), Workforce development resources",County-wide or across multiple counties,San Francisco,,In-Person,,DAS Benefits and Resources Hub,San Francisco,'+14153556700,Monday to Friday 8:00 am - 5:00 pm,https://www.sfhsa.org/services/disability-aging/community-activities/sf-connected,DAS Benefits and Resources Hub,San Francisco,'+14153556700,Monday to Friday 8:00 am - 5:00 pm,https://www.sfhsa.org/services/disability-aging/community-activities/sf-connected,DAS Benefits and Resources Hub,San Francisco,'+14153556700,Monday to Friday 8:00 am - 5:00 pm,https://www.sfhsa.org/services/disability-aging/community-activities/sf-connected,DAS Benefits and Resources Hub,San Francisco,'+14153556700,Monday to Friday 8:00 am - 5:00 pm,https://www.sfhsa.org/services/disability-aging/community-activities/sf-connected,DAS Benefits and Resources Hub,San Francisco,'+14153556700,Monday to Friday 8:00 am - 5:00 pm,https://www.sfhsa.org/services/disability-aging/community-activities/sf-connected,No. Our services are offered free of cost.,"Yes, Aging Individuals (Age 60+), Veterans, Individuals with Disabilities, Individuals with Language Barriers (Limited English Proficiency individuals, etc.), Ethnic or Minority Communities","English, Spanish, Mandarin, Vietnamese, Cantonese, Russian","Partnership opportunities, Collective action, Information sharing",No. Our services are offered free of cost.,12/24/25 12:35
Alameda Free Library,1550 Oak St.,Alameda,CA,94501,'+15107477777,https://alamedafree.org,Michael Eitner,Library Director,refdesk@alamedaca.gov,"Business, Community Anchor Institution, Government or Public Organization, Private Sector and Non-Governmental Organizations",,"Technical support, Free/Low-cost hotspots, Public Wi-Fi, Online educational resources",City-wide or across multiple cities,Alameda,,In-Person,,Main Library,Alameda,'+15107477777,"Monday - Thursday 10 am-6 pm; Friday and Saturday, 9 am-5pm; Sunday 12-5 pm",https://alamedafree.org,Main Library,Alameda,'+15107477777,"Monday - Thursday 10 am-6 pm; Friday and Saturday, 9 am-5pm; Sunday 12-5 pm",https://alamedafree.org,Main Library,Alameda,'+15107477777,"Monday - Thursday 10 am-6 pm; Friday and Saturday, 9 am-5pm; Sunday 12-5 pm",https://alamedafree.org,Main Library,Alameda,'+15107477777,"Monday - Thursday 10 am-6 pm; Friday and Saturday, 9 am-5pm; Sunday 12-5 pm",https://alamedafree.org,Main Library,Alameda,'+15107477777,"Monday - Thursday 10 am-6 pm; Friday and Saturday, 9 am-5pm; Sunday 12-5 pm",https://alamedafree.org,No. Our services are offered free of cost.,"Yes, Aging Individuals (Age 60+), Veterans, Ethnic or Minority Communities","English, Spanish",,No. Our services are offered free of cost.,12/23/25 16:11
Alameda Free Library,788 Santa Clara Ave,Alameda,CA,94501,'+15107477777,https://alamedafree.org,Michael Eitner,Library Director,refdesk@alamedaca.gov,"Business, Community Anchor Institution, Government or Public Organization, Private Sector and Non-Governmental Organizations",,"Technical support, Free/Low-cost hotspots, Public Wi-Fi, Online educational resources",City-wide or across multiple cities,Alameda,,In-Person,,West End Library,Alameda,'+15107477767,Monday-Thursday 10am-6pm; Friday 9am-5pm,alamedafree.org,West End Library,Alameda,'+15107477767,Monday-Thursday 10am-6pm; Friday 9am-5pm,alamedafree.org,West End Library,Alameda,'+15107477767,Monday-Thursday 10am-6pm; Friday 9am-5pm,alamedafree.org,West End Library,Alameda,'+15107477767,Monday-Thursday 10am-6pm; Friday 9am-5pm,alamedafree.org,West End Library,Alameda,'+15107477767,Monday-Thursday 10am-6pm; Friday 9am-5pm,alamedafree.org,No. Our services are offered free of cost.,"Yes, Aging Individuals (Age 60+), Veterans, Ethnic or Minority Communities","English, Spanish",,No. Our services are offered free of cost.,12/23/25 16:11
Alameda Free Library,3221 Mecartney Rd.,Alameda,CA,94502,'+15107477777,https://alamedafree.org,Michael Eitner,Library Director,refdesk@alamedaca.gov,"Business, Community Anchor Institution, Government or Public Organization, Private Sector and Non-Governmental Organizations",,"Technical support, Free/Low-cost hotspots, Public Wi-Fi, Online educational resources",City-wide or across multiple cities,Alameda,,In-Person,,Bay Farm Island Library,Alameda,'+15107477787,Monday-Thursday 10am-5pm; Saturday 9am-5pm,alamedafree.org,Bay Farm Island Library,Alameda,'+15107477787,Monday-Thursday 10am-5pm; Saturday 9am-5pm,alamedafree.org,Bay Farm Island Library,Alameda,'+15107477787,Monday-Thursday 10am-5pm; Saturday 9am-5pm,alamedafree.org,Bay Farm Island Library,Alameda,'+15107477787,Monday-Thursday 10am-5pm; Saturday 9am-5pm,alamedafree.org,Bay Farm Island Library,Alameda,'+15107477787,Monday-Thursday 10am-5pm; Saturday 9am-5pm,alamedafree.org,No. Our services are offered free of cost.,"Yes, Aging Individuals (Age 60+), Veterans, Ethnic or Minority Communities","English, Spanish",,No. Our services are offered free of cost.,12/23/25 16:11
AnewVista Community Services,Virtual,,,,'+16503000688,https://ANVCS.org,Shalini Gupta,Community Engagement Director,info@anvcs.org,"Business, Community Anchor Institution, Government or Public Organization, Private Sector and Non-Governmental Organizations",,"Digital navigation (in-person or virtual/call center), Digital literacy & skills training, Technical support, Online educational resources",County-wide or across multiple counties,"Contra Costa, Sacramento, San Francisco, San Mateo, Santa Clara",,Virtually,https://ANVCS.org/classes,,,,,,,,,,,,,,,,,,,,,,,,,,No. Our services are offered free of cost.,No,"English, Spanish, Hindi","Train-the-trainer, Partnership opportunities, Information sharing",No. Our services are offered free of cost.,12/23/25 10:07
AnewVista Community Services,250 Hillview Ave.,Redwood City,CA,94062,'+16503000688,https://ANVCS.org,Shalini Gupta,Community Engagement Director,info@anvcs.org,"Business, Community Anchor Institution, Government or Public Organization, Private Sector and Non-Governmental Organizations",,"Digital navigation (in-person or virtual/call center), Digital literacy & skills training, Technical support, Online educational resources",County-wide or across multiple counties,"Contra Costa, Sacramento, San Francisco, San Mateo, Santa Clara",,In-Person,https://ANVCS.org/classes,At Various SeniorCenters,,,,,At Various SeniorCenters,,,,,At Various SeniorCenters,,,,,At Various SeniorCenters,,,,,At Various SeniorCenters,,,,,No. Our services are offered free of cost.,No,"English, Spanish, Hindi","Train-the-trainer, Partnership opportunities, Information sharing",No. Our services are offered free of cost.,12/23/25 10:07
United Way of Santa Cruz County,Virtual,,,,'+18314795466,https://www.unitedwaysc.org/,Yvette Lopez Brooks,CEO,ybrooks@unitedwaysc.org,"Business, Community Anchor Institution, Government or Public Organization, Private Sector and Non-Governmental Organizations",,"Enrollment assistance in low-cost internet service programs, Digital navigation (in-person or virtual/call center), Computer center(s), Workforce development resources",County-wide or across multiple counties,Santa Cruz,,Virtually,https://www.unitedwaysc.org/,,,,,,,,,,,,,,,,,,,,,,,,,,No. Our services are offered free of cost.,"Yes, Aging Individuals (Age 60+), Veterans, Individuals with Disabilities, Ethnic or Minority Communities, Rural Communities","English, Spanish","Organizational training, Partnership opportunities, Collective action, Information sharing",No. Our services are offered free of cost.,12/22/25 14:51
LightHouse for the Blind and Visually Impaired,Virtual,,,,'+14154311481,https://lighthouse-sf.org/,Riley Morris,Sr. Director of Information Technology,rmorris@lighthouse-sf.org,"Business, Community Anchor Institution, Government or Public Organization, Private Sector and Non-Governmental Organizations",,"Digital navigation (in-person or virtual/call center), Digital literacy & skills training, Technical support, Free/Low-cost devices, Online educational resources, Workforce development resources",Statewide,,,Virtually,https://lighthouse-sf.org/program/blind-low-vision-skills-training,,,,,,,,,,,,,,,,,,,,,,,,,,Yes. We charge a fee for our services and it’s more than $25.,"Yes, Aging Individuals (Age 60+), Incarcerated Individuals, Veterans, Individuals with Disabilities, Individuals with Language Barriers (Limited English Proficiency individuals, etc.), Ethnic or Minority Communities, Rural Communities","English, Spanish, Tagalog, Mandarin, Vietnamese, Korean, Cantonese, Armenian, Farsi, Arabic, Hindi, Russian, Japanese, Punjabi, French, Khmer, Other",Other,Yes. We charge a fee for our services.,12/22/25 12:04
LightHouse for the Blind and Visually Impaired,1155 Market St,San Francisco,CA,94103,'+14154311481,https://lighthouse-sf.org/,Riley Morris,Sr. Director of Information Technology,rmorris@lighthouse-sf.org,"Business, Community Anchor Institution, Government or Public Organization, Private Sector and Non-Governmental Organizations",,"Digital navigation (in-person or virtual/call center), Digital literacy & skills training, Technical support, Free/Low-cost devices, Online educational resources, Workforce development resources",Statewide,,,In-Person,,LightHouse Headquarters,San Francisco,'+14156947323,9:00am-4:30pm,https://lighthouse-sf.org/lighthouse-programs/,LightHouse Headquarters,San Francisco,'+14156947323,9:00am-4:30pm,https://lighthouse-sf.org/lighthouse-programs/,LightHouse Headquarters,San Francisco,'+14156947323,9:00am-4:30pm,https://lighthouse-sf.org/lighthouse-programs/,LightHouse Headquarters,San Francisco,'+14156947323,9:00am-4:30pm,https://lighthouse-sf.org/lighthouse-programs/,LightHouse Headquarters,San Francisco,'+14156947323,9:00am-4:30pm,https://lighthouse-sf.org/lighthouse-programs/,Yes. We charge a fee for our services and it’s more than $25.,"Yes, Aging Individuals (Age 60+), Incarcerated Individuals, Veterans, Individuals with Disabilities, Individuals with Language Barriers (Limited English Proficiency individuals, etc.), Ethnic or Minority Communities, Rural Communities","English, Spanish, Tagalog, Mandarin, Vietnamese, Korean, Cantonese, Armenian, Farsi, Arabic, Hindi, Russian, Japanese, Punjabi, French, Khmer, Other",Other,Yes. We charge a fee for our services.,12/22/25 12:04
LightHouse for the Blind and Visually Impaired,4539 Occidental Rd.,Santa Rosa,CA,95401,'+14154311481,https://lighthouse-sf.org/,Riley Morris,Sr. Director of Information Technology,rmorris@lighthouse-sf.org,"Business, Community Anchor Institution, Government or Public Organization, Private Sector and Non-Governmental Organizations",,"Digital navigation (in-person or virtual/call center), Digital literacy & skills training, Technical support, Free/Low-cost devices, Online educational resources, Workforce development resources",Statewide,,,In-Person,,Earle Baum Center,Santa Rosa,'+14156947323,9:00am-4:30pm,https://lighthouse-sf.org/lighthouse-programs/,Earle Baum Center,Santa Rosa,'+14156947323,9:00am-4:30pm,https://lighthouse-sf.org/lighthouse-programs/,Earle Baum Center,Santa Rosa,'+14156947323,9:00am-4:30pm,https://lighthouse-sf.org/lighthouse-programs/,Earle Baum Center,Santa Rosa,'+14156947323,9:00am-4:30pm,https://lighthouse-sf.org/lighthouse-programs/,Earle Baum Center,Santa Rosa,'+14156947323,9:00am-4:30pm,https://lighthouse-sf.org/lighthouse-programs/,Yes. We charge a fee for our services and it’s more than $25.,"Yes, Aging Individuals (Age 60+), Incarcerated Individuals, Veterans, Individuals with Disabilities, Individuals with Language Barriers (Limited English Proficiency individuals, etc.), Ethnic or Minority Communities, Rural Communities","English, Spanish, Tagalog, Mandarin, Vietnamese, Korean, Cantonese, Armenian, Farsi, Arabic, Hindi, Russian, Japanese, Punjabi, French, Khmer, Other",Other,Yes. We charge a fee for our services.,12/22/25 12:04
Yolo County Library,Virtual,,,,'+15306668083,https://yolocountylibrary.org/,Jamie Poirier,Assistant County Librarian,jamie.poirier@yolocounty.gov,"Business, Community Anchor Institution, Government or Public Organization, Private Sector and Non-Governmental Organizations",,"Locating low-cost internet service programs, Digital navigation (in-person or virtual/call center), Digital literacy & skills training, Free/Low-cost devices, Free/Low-cost hotspots, Public Wi-Fi, Computer center(s), Online educational resources, Workforce development resources",County-wide or across multiple counties,Yolo,,Virtually,https://yolocountylibrary.org/services/,,,,,,,,,,,,,,,,,,,,,,,,,,No. Our services are offered free of cost.,"Yes, Aging Individuals (Age 60+), Veterans, Individuals with Disabilities, Individuals with Language Barriers (Limited English Proficiency individuals, etc.), Ethnic or Minority Communities, Rural Communities","English, Spanish",,No. Our services are offered free of cost.,12/22/25 10:10
Alzheimer's Association of Northern CA & Northern NV,Virtual,,,,'+14083729970,https://alz.org/norcal,Vanessa Souza,"Senior Manager, Community Engagement",vsouza@alz.org,"Business, Community Anchor Institution, Government or Public Organization, Private Sector and Non-Governmental Organizations",,"Digital navigation (in-person or virtual/call center), Online educational resources",Statewide,,,Virtually,https://alz.org/norcal,,,,,,,,,,,,,,,,,,,,,,,,,,No. Our services are offered free of cost.,"Yes, Aging Individuals (Age 60+), Veterans, Individuals with Disabilities, Individuals with Language Barriers (Limited English Proficiency individuals, etc.), Ethnic or Minority Communities, Rural Communities","English, Spanish, Mandarin, Cantonese","Partnership opportunities, Information sharing",No. Our services are offered free of cost.,12/22/25 9:56
Alzheimer's Association of Northern CA & Northern NV,2290 N. First St,San Jose,CA,95131,'+14083729970,https://alz.org/norcal,Vanessa Souza,"Senior Manager, Community Engagement",vsouza@alz.org,"Business, Community Anchor Institution, Government or Public Organization, Private Sector and Non-Governmental Organizations",,"Digital navigation (in-person or virtual/call center), Online educational resources",Statewide,,,In-Person,https://alz.org/norcal,In person services are provided at community locations offered by partner organizations,,,,,In person services are provided at community locations offered by partner organizations,,,,,In person services are provided at community locations offered by partner organizations,,,,,In person services are provided at community locations offered by partner organizations,,,,,In person services are provided at community locations offered by partner organizations,,,,,No. Our services are offered free of cost.,"Yes, Aging Individuals (Age 60+), Veterans, Individuals with Disabilities, Individuals with Language Barriers (Limited English Proficiency individuals, etc.), Ethnic or Minority Communities, Rural Communities","English, Spanish, Mandarin, Cantonese","Partnership opportunities, Information sharing",No. Our services are offered free of cost.,12/22/25 9:56
Los Angeles County Development Authority,700 W Main St,Alhambra,CA,91801,'+16262624511,https://www.lacda.org,Jeanette Montano,Resident Services Program Administrator,jeanette.montano@lacda.org,"Business, Community Anchor Institution, Government or Public Organization, Private Sector and Non-Governmental Organizations",,"Digital navigation (in-person or virtual/call center), Digital literacy & skills training",Specific public or affordable housing development/building,,,In-Person,,,,,,,,,,,,,,,,,,,,,,,,,,,No. Our services are offered free of cost.,"Yes, Aging Individuals (Age 60+), Individuals with Disabilities, Individuals with Language Barriers (Limited English Proficiency individuals, etc.), Ethnic or Minority Communities","English, Spanish, Mandarin, Cantonese",,No. Our services are offered free of cost.,12/22/25 7:43
Digitunity,Virtual,,,,'+12038639100,https://www.digitunity.org,Meredith Wynne,Member and Donor Services Manager,info@digitunity.org,"Business, Community Anchor Institution, Government or Public Organization, Private Sector and Non-Governmental Organizations",,Free/Low-cost devices,Statewide,,,Virtually,https://digitunity.org/get-involved/receive-equipment/,,,,,,,,,,,,,,,,,,,,,,,,,,No. Our services are offered free of cost.,"Yes, Aging Individuals (Age 60+), Veterans, Individuals with Disabilities, Individuals with Language Barriers (Limited English Proficiency individuals, etc.), Ethnic or Minority Communities, Rural Communities",English,"Organizational training, Partnership opportunities, Collective action, Information sharing",No. Our services are offered free of cost.,12/22/25 7:41
Goodwill Southern Los Angeles County (SOLAC),800 West Pacific Coast Highway,Long Beach,CA,90806,'+15624353411,http://www.thinkgood.org,Elizabeth Gonzalez,Digital Skills Instructor,elgonzalez@goodwillsolac.org,"Business, Community Anchor Institution, Government or Public Organization, Private Sector and Non-Governmental Organizations",,"Digital literacy & skills training, Workforce development resources",County-wide or across multiple counties,Los Angeles,,In-Person,,Goodwill Southern Los Angeles County,Long Beach,'+15634354311,8 am to 4 pm,https://thinkgood.org/,Goodwill Southern Los Angeles County,Long Beach,'+15634354311,8 am to 4 pm,https://thinkgood.org/,Goodwill Southern Los Angeles County,Long Beach,'+15634354311,8 am to 4 pm,https://thinkgood.org/,Goodwill Southern Los Angeles County,Long Beach,'+15634354311,8 am to 4 pm,https://thinkgood.org/,Goodwill Southern Los Angeles County,Long Beach,'+15634354311,8 am to 4 pm,https://thinkgood.org/,No. Our services are offered free of cost.,"Yes, Aging Individuals (Age 60+), Incarcerated Individuals, Veterans, Individuals with Disabilities, Individuals with Language Barriers (Limited English Proficiency individuals, etc.), Ethnic or Minority Communities","English, Spanish","Organizational training, Partnership opportunities, Information sharing",Yes. We charge a fee for our services.,12/21/25 13:02
Orland Free Library,Virtual,,,,'+15308651640,https://orlandfreelibrary.org/,Jody Meza,Library Director,jmeza@cityoforland.com,"Business, Community Anchor Institution, Government or Public Organization, Private Sector and Non-Governmental Organizations",,"Digital navigation (in-person or virtual/call center), Digital literacy & skills training, Public Wi-Fi, Computer center(s), Online educational resources, Workforce development resources",County-wide or across multiple counties,Glenn,,Virtually,https://www.orlandfreelibrary.org/resources/#digitalresources,,,,,,,,,,,,,,,,,,,,,,,,,,No. Our services are offered free of cost.,"Yes, Aging Individuals (Age 60+), Veterans, Individuals with Disabilities, Ethnic or Minority Communities, Rural Communities","English, Spanish","Partnership opportunities, Collective action, Information sharing",No. Our services are offered free of cost.,12/19/25 15:41
Orland Free Library,333 Mill Street,Orland,CA,95963,'+15308651640,https://orlandfreelibrary.org/,Jody Meza,Library Director,jmeza@cityoforland.com,"Business, Community Anchor Institution, Government or Public Organization, Private Sector and Non-Governmental Organizations",,"Digital navigation (in-person or virtual/call center), Digital literacy & skills training, Public Wi-Fi, Computer center(s), Online educational resources, Workforce development resources",County-wide or across multiple counties,Glenn,,In-Person,,Orland Free Library,Orland,'+15308651640,"Monday, Wednesday, Friday: 11am-6pm; Tuesday & Thursday: 11am-7pm; Saturday: 11am-3pm",https://www.orlandfreelibrary.org/,Orland Free Library,Orland,'+15308651640,"Monday, Wednesday, Friday: 11am-6pm; Tuesday & Thursday: 11am-7pm; Saturday: 11am-3pm",https://www.orlandfreelibrary.org/,Orland Free Library,Orland,'+15308651640,"Monday, Wednesday, Friday: 11am-6pm; Tuesday & Thursday: 11am-7pm; Saturday: 11am-3pm",https://www.orlandfreelibrary.org/,Orland Free Library,Orland,'+15308651640,"Monday, Wednesday, Friday: 11am-6pm; Tuesday & Thursday: 11am-7pm; Saturday: 11am-3pm",https://www.orlandfreelibrary.org/,Orland Free Library,Orland,'+15308651640,"Monday, Wednesday, Friday: 11am-6pm; Tuesday & Thursday: 11am-7pm; Saturday: 11am-3pm",https://www.orlandfreelibrary.org/,No. Our services are offered free of cost.,"Yes, Aging Individuals (Age 60+), Veterans, Individuals with Disabilities, Ethnic or Minority Communities, Rural Communities","English, Spanish","Partnership opportunities, Collective action, Information sharing",No. Our services are offered free of cost.,12/19/25 15:41
Orland Free Library,330 Broadway,Hamilton City,CA,95951,'+15308651640,https://orlandfreelibrary.org/,Jody Meza,Library Director,jmeza@cityoforland.com,"Business, Community Anchor Institution, Government or Public Organization, Private Sector and Non-Governmental Organizations",,"Digital navigation (in-person or virtual/call center), Digital literacy & skills training, Public Wi-Fi, Computer center(s), Online educational resources, Workforce development resources",County-wide or across multiple counties,Glenn,,In-Person,,Hamilton City Library,Hamilton City,'+15308263277,Mondays – 11 a.m. to 5 p.m. Wednesdays – 1 p.m. to 5 p.m. Saturdays – 11 a.m. to 3 p.m.,https://www.orlandfreelibrary.org/branch-libraries-2/hamilton-city-chester-walker-memorial-library/,Hamilton City Library,Hamilton City,'+15308263277,Mondays – 11 a.m. to 5 p.m. Wednesdays – 1 p.m. to 5 p.m. Saturdays – 11 a.m. to 3 p.m.,https://www.orlandfreelibrary.org/branch-libraries-2/hamilton-city-chester-walker-memorial-library/,Hamilton City Library,Hamilton City,'+15308263277,Mondays – 11 a.m. to 5 p.m. Wednesdays – 1 p.m. to 5 p.m. Saturdays – 11 a.m. to 3 p.m.,https://www.orlandfreelibrary.org/branch-libraries-2/hamilton-city-chester-walker-memorial-library/,Hamilton City Library,Hamilton City,'+15308263277,Mondays – 11 a.m. to 5 p.m. Wednesdays – 1 p.m. to 5 p.m. Saturdays – 11 a.m. to 3 p.m.,https://www.orlandfreelibrary.org/branch-libraries-2/hamilton-city-chester-walker-memorial-library/,Hamilton City Library,Hamilton City,'+15308263277,Mondays – 11 a.m. to 5 p.m. Wednesdays – 1 p.m. to 5 p.m. Saturdays – 11 a.m. to 3 p.m.,https://www.orlandfreelibrary.org/branch-libraries-2/hamilton-city-chester-walker-memorial-library/,No. Our services are offered free of cost.,"Yes, Aging Individuals (Age 60+), Veterans, Individuals with Disabilities, Ethnic or Minority Communities, Rural Communities","English, Spanish","Partnership opportunities, Collective action, Information sharing",No. Our services are offered free of cost.,12/19/25 15:41
Orland Free Library,7830 County Road 39,Bayliss,CA,95943,'+15308651640,https://orlandfreelibrary.org/,Jody Meza,Library Director,jmeza@cityoforland.com,"Business, Community Anchor Institution, Government or Public Organization, Private Sector and Non-Governmental Organizations",,"Digital navigation (in-person or virtual/call center), Digital literacy & skills training, Public Wi-Fi, Computer center(s), Online educational resources, Workforce development resources",County-wide or across multiple counties,Glenn,,In-Person,,Bayliss Library,Bayliss,'+15309342287,Tuesdays – 12 p.m. to 6 p.m. Thursdays – 10 a.m. to 4 p.m.,https://www.orlandfreelibrary.org/branch-libraries-2/bayliss-library/,Bayliss Library,Bayliss,'+15309342287,Tuesdays – 12 p.m. to 6 p.m. Thursdays – 10 a.m. to 4 p.m.,https://www.orlandfreelibrary.org/branch-libraries-2/bayliss-library/,Bayliss Library,Bayliss,'+15309342287,Tuesdays – 12 p.m. to 6 p.m. Thursdays – 10 a.m. to 4 p.m.,https://www.orlandfreelibrary.org/branch-libraries-2/bayliss-library/,Bayliss Library,Bayliss,'+15309342287,Tuesdays – 12 p.m. to 6 p.m. Thursdays – 10 a.m. to 4 p.m.,https://www.orlandfreelibrary.org/branch-libraries-2/bayliss-library/,Bayliss Library,Bayliss,'+15309342287,Tuesdays – 12 p.m. to 6 p.m. Thursdays – 10 a.m. to 4 p.m.,https://www.orlandfreelibrary.org/branch-libraries-2/bayliss-library/,No. Our services are offered free of cost.,"Yes, Aging Individuals (Age 60+), Veterans, Individuals with Disabilities, Ethnic or Minority Communities, Rural Communities","English, Spanish","Partnership opportunities, Collective action, Information sharing",No. Our services are offered free of cost.,12/19/25 15:41
Orland Free Library,3430 County Road 309,Elk Creek,CA,95939,'+15308651640,https://orlandfreelibrary.org/,Jody Meza,Library Director,jmeza@cityoforland.com,"Business, Community Anchor Institution, Government or Public Organization, Private Sector and Non-Governmental Organizations",,"Digital navigation (in-person or virtual/call center), Digital literacy & skills training, Public Wi-Fi, Computer center(s), Online educational resources, Workforce development resources",County-wide or across multiple counties,Glenn,,In-Person,,Elk Creek Library,Elk Creek,'+15308849904,"Mondays – 3:30 p.m. to 6:30 p.m. Thursdays – 3:30 p.m. to 6:30 p.m. Saturdays – 9:30 a.m. to 2:30 p.m. (will be changing in Jan, 2026)",https://www.orlandfreelibrary.org/branch-libraries-2/elk-creek-library/,Elk Creek Library,Elk Creek,'+15308849904,"Mondays – 3:30 p.m. to 6:30 p.m. Thursdays – 3:30 p.m. to 6:30 p.m. Saturdays – 9:30 a.m. to 2:30 p.m. (will be changing in Jan, 2026)",https://www.orlandfreelibrary.org/branch-libraries-2/elk-creek-library/,Elk Creek Library,Elk Creek,'+15308849904,"Mondays – 3:30 p.m. to 6:30 p.m. Thursdays – 3:30 p.m. to 6:30 p.m. Saturdays – 9:30 a.m. to 2:30 p.m. (will be changing in Jan, 2026)",https://www.orlandfreelibrary.org/branch-libraries-2/elk-creek-library/,Elk Creek Library,Elk Creek,'+15308849904,"Mondays – 3:30 p.m. to 6:30 p.m. Thursdays – 3:30 p.m. to 6:30 p.m. Saturdays – 9:30 a.m. to 2:30 p.m. (will be changing in Jan, 2026)",https://www.orlandfreelibrary.org/branch-libraries-2/elk-creek-library/,Elk Creek Library,Elk Creek,'+15308849904,"Mondays – 3:30 p.m. to 6:30 p.m. Thursdays – 3:30 p.m. to 6:30 p.m. Saturdays – 9:30 a.m. to 2:30 p.m. (will be changing in Jan, 2026)",https://www.orlandfreelibrary.org/branch-libraries-2/elk-creek-library/,No. Our services are offered free of cost.,"Yes, Aging Individuals (Age 60+), Veterans, Individuals with Disabilities, Ethnic or Minority Communities, Rural Communities","English, Spanish","Partnership opportunities, Collective action, Information sharing",No. Our services are offered free of cost.,12/19/25 15:41
Tech Exchange,Virtual,,,,'+15108662260,https://www.techexchange.org,Ulises Zatarain,Executive Director,ulises@techexchange.org,"Business, Community Anchor Institution, Government or Public Organization, Private Sector and Non-Governmental Organizations",,"Locating low-cost internet service programs, Enrollment assistance in low-cost internet service programs, Digital navigation (in-person or virtual/call center), Digital literacy & skills training, Technical support, Free/Low-cost devices, Public Wi-Fi, Computer center(s), Online educational resources, Workforce development resources",County-wide or across multiple counties,"Alameda, Contra Costa, San Francisco, San Mateo, Santa Clara, Solano",,Virtually,https://www.techexchange.org,,,,,,,,,,,,,,,,,,,,,,,,,,No. Our services are offered free of cost.,"Yes, Aging Individuals (Age 60+), Veterans, Individuals with Language Barriers (Limited English Proficiency individuals, etc.), Ethnic or Minority Communities","English, Spanish, Mandarin, Vietnamese, Cantonese, Other","Train-the-trainer, Partnership opportunities, Collective action, Information sharing",Yes. We charge a fee for our services.,12/19/25 15:23
Tech Exchange,1716 Telegraph Rd.,Oakland,CA,94607,'+15108662260,https://www.techexchange.org,Ulises Zatarain,Executive Director,ulises@techexchange.org,"Business, Community Anchor Institution, Government or Public Organization, Private Sector and Non-Governmental Organizations",,"Locating low-cost internet service programs, Enrollment assistance in low-cost internet service programs, Digital navigation (in-person or virtual/call center), Digital literacy & skills training, Technical support, Free/Low-cost devices, Public Wi-Fi, Computer center(s), Online educational resources, Workforce development resources",County-wide or across multiple counties,"Alameda, Contra Costa, San Francisco, San Mateo, Santa Clara, Solano",,In-Person,,TecHub,Oakland,'+15108662260,,https://www.techexchange.org,TecHub,Oakland,'+15108662260,,https://www.techexchange.org,TecHub,Oakland,'+15108662260,,https://www.techexchange.org,TecHub,Oakland,'+15108662260,,https://www.techexchange.org,TecHub,Oakland,'+15108662260,,https://www.techexchange.org,No. Our services are offered free of cost.,"Yes, Aging Individuals (Age 60+), Veterans, Individuals with Language Barriers (Limited English Proficiency individuals, etc.), Ethnic or Minority Communities","English, Spanish, Mandarin, Vietnamese, Cantonese, Other","Train-the-trainer, Partnership opportunities, Collective action, Information sharing",Yes. We charge a fee for our services.,12/19/25 15:23
Valley Voices,8967 Lacey Blvd.,Hanford,CA,93230,'+15595303778,https://www.vvoices.org/,Claire Fitiausi,Public Health Program Director,clairef@vvoices.org,"Business, Community Anchor Institution, Government or Public Organization, Private Sector and Non-Governmental Organizations",,"Enrollment assistance in low-cost internet service programs, Technical support",County-wide or across multiple counties,"Fresno, Kings, Tulare",,In-Person,,Alma's Flea Market,Hanford,,Monday 8am to12pm,,Alma's Flea Market,Hanford,,Monday 8am to12pm,,Alma's Flea Market,Hanford,,Monday 8am to12pm,,Alma's Flea Market,Hanford,,Monday 8am to12pm,,Alma's Flea Market,Hanford,,Monday 8am to12pm,,No. Our services are offered free of cost.,"Yes, Individuals with Language Barriers (Limited English Proficiency individuals, etc.), Ethnic or Minority Communities, Rural Communities","English, Spanish","Partnership opportunities, Information sharing",No. Our services are offered free of cost.,12/19/25 13:11
Valley Voices,519 N. Douty,Hanford,CA,93230,'+15595303778,https://www.vvoices.org/,Claire Fitiausi,Public Health Program Director,clairef@vvoices.org,"Business, Community Anchor Institution, Government or Public Organization, Private Sector and Non-Governmental Organizations",,"Enrollment assistance in low-cost internet service programs, Technical support",County-wide or across multiple counties,"Fresno, Kings, Tulare",,In-Person,,Episcopal Church of the Saviour,Hanford,,Wednesdays 10am to 1pm and as needed,,Episcopal Church of the Saviour,Hanford,,Wednesdays 10am to 1pm and as needed,,Episcopal Church of the Saviour,Hanford,,Wednesdays 10am to 1pm and as needed,,Episcopal Church of the Saviour,Hanford,,Wednesdays 10am to 1pm and as needed,,Episcopal Church of the Saviour,Hanford,,Wednesdays 10am to 1pm and as needed,,No. Our services are offered free of cost.,"Yes, Individuals with Language Barriers (Limited English Proficiency individuals, etc.), Ethnic or Minority Communities, Rural Communities","English, Spanish","Partnership opportunities, Information sharing",No. Our services are offered free of cost.,12/19/25 13:11
Valley Voices,108 W. Kings Street,Avenal,CA,93204,'+15595303778,https://www.vvoices.org/,Claire Fitiausi,Public Health Program Director,clairef@vvoices.org,"Business, Community Anchor Institution, Government or Public Organization, Private Sector and Non-Governmental Organizations",,"Enrollment assistance in low-cost internet service programs, Technical support",County-wide or across multiple counties,"Fresno, Kings, Tulare",,In-Person,,Avenal Veteran's Memorial Hall,Avenal,,"2nd Friday of each month, 12pm to 6pm",,Avenal Veteran's Memorial Hall,Avenal,,"2nd Friday of each month, 12pm to 6pm",,Avenal Veteran's Memorial Hall,Avenal,,"2nd Friday of each month, 12pm to 6pm",,Avenal Veteran's Memorial Hall,Avenal,,"2nd Friday of each month, 12pm to 6pm",,Avenal Veteran's Memorial Hall,Avenal,,"2nd Friday of each month, 12pm to 6pm",,No. Our services are offered free of cost.,"Yes, Individuals with Language Barriers (Limited English Proficiency individuals, etc.), Ethnic or Minority Communities, Rural Communities","English, Spanish","Partnership opportunities, Information sharing",No. Our services are offered free of cost.,12/19/25 13:11
Valley Voices,16846 4th Street,Huron,CA,93234,'+15595303778,https://www.vvoices.org/,Claire Fitiausi,Public Health Program Director,clairef@vvoices.org,"Business, Community Anchor Institution, Government or Public Organization, Private Sector and Non-Governmental Organizations",,"Enrollment assistance in low-cost internet service programs, Technical support",County-wide or across multiple counties,"Fresno, Kings, Tulare",,In-Person,,John Palacio Community Center,Huron,,"Third Friday of each month, 12pm to 6pm",,John Palacio Community Center,Huron,,"Third Friday of each month, 12pm to 6pm",,John Palacio Community Center,Huron,,"Third Friday of each month, 12pm to 6pm",,John Palacio Community Center,Huron,,"Third Friday of each month, 12pm to 6pm",,John Palacio Community Center,Huron,,"Third Friday of each month, 12pm to 6pm",,No. Our services are offered free of cost.,"Yes, Individuals with Language Barriers (Limited English Proficiency individuals, etc.), Ethnic or Minority Communities, Rural Communities","English, Spanish","Partnership opportunities, Information sharing",No. Our services are offered free of cost.,12/19/25 13:11
Mission Economic Development Agency,Virtual,,,,'+14152823334,https://medasf.org/,Luis Granados,CEO,lgranados@medasf.org,"Business, Community Anchor Institution, Government or Public Organization, Private Sector and Non-Governmental Organizations",,"Locating low-cost internet service programs, Enrollment assistance in low-cost internet service programs, Digital navigation (in-person or virtual/call center), Digital literacy & skills training, Technical support, Free/Low-cost devices, Free/Low-cost hotspots, Public Wi-Fi, Computer center(s), Online educational resources, Workforce development resources",County-wide or across multiple counties,"Alameda, Contra Costa, Marin, Napa, San Francisco, San Mateo, Santa Clara, Shasta, Solano",,Virtually,https://medasf.org/programs/,,,,,,,,,,,,,,,,,,,,,,,,,,No. Our services are offered free of cost.,"Yes, Aging Individuals (Age 60+), Individuals with Language Barriers (Limited English Proficiency individuals, etc.), Ethnic or Minority Communities, Other","English, Spanish","Organizational training, Train-the-trainer, Partnership opportunities, Collective action, Information sharing",Yes. We charge a fee for our services.,12/19/25 11:54
Mission Economic Development Agency,2301 Mission Street,San Francisco,CA,94110,'+14152823334,https://medasf.org/,Luis Granados,CEO,lgranados@medasf.org,"Business, Community Anchor Institution, Government or Public Organization, Private Sector and Non-Governmental Organizations",,"Locating low-cost internet service programs, Enrollment assistance in low-cost internet service programs, Digital navigation (in-person or virtual/call center), Digital literacy & skills training, Technical support, Free/Low-cost devices, Free/Low-cost hotspots, Public Wi-Fi, Computer center(s), Online educational resources, Workforce development resources",County-wide or across multiple counties,"Alameda, Contra Costa, Marin, Napa, San Francisco, San Mateo, Santa Clara, Shasta, Solano",,In-Person,,Mission Economic Development Agency,San Francisco,'+14152823334,9-5pm,https://medasf.org/workforce-development/,Mission Economic Development Agency,San Francisco,'+14152823334,9-5pm,https://medasf.org/workforce-development/,Mission Economic Development Agency,San Francisco,'+14152823334,9-5pm,https://medasf.org/workforce-development/,Mission Economic Development Agency,San Francisco,'+14152823334,9-5pm,https://medasf.org/workforce-development/,Mission Economic Development Agency,San Francisco,'+14152823334,9-5pm,https://medasf.org/workforce-development/,No. Our services are offered free of cost.,"Yes, Aging Individuals (Age 60+), Individuals with Language Barriers (Limited English Proficiency individuals, etc.), Ethnic or Minority Communities, Other","English, Spanish","Organizational training, Train-the-trainer, Partnership opportunities, Collective action, Information sharing",Yes. We charge a fee for our services.,12/19/25 11:54
Hispanic Federation,Virtual,,,,'+19295069068,https://hispanicfederation.org,Peter Michelen,Director for Workforce Initiatives,pmichelen@hispanicfederation.org,"Business, Community Anchor Institution, Government or Public Organization, Private Sector and Non-Governmental Organizations",,"Digital literacy & skills training, Technical support, Computer center(s), Online educational resources, Workforce development resources",Statewide,,,Virtually,https://hispanicfederation.org,,,,,,,,,,,,,,,,,,,,,,,,,,No. Our services are offered free of cost.,"Yes, Aging Individuals (Age 60+), Incarcerated Individuals, Veterans, Individuals with Disabilities, Individuals with Language Barriers (Limited English Proficiency individuals, etc.), Ethnic or Minority Communities, Rural Communities","English, Spanish","Digital equity grant writing, Organizational training, Train-the-trainer, Mutual aid (financial), Partnership opportunities, Collective action, Information sharing",No. Our services are offered free of cost.,12/19/25 11:08
Little Brothers Friends of the Elderly - San Francisco Chapter,"909 Hyde St, Ste 628","San Francisco, CA",CA,94109,'+14157717957,https://littlebrotherssf.org,Cathy Michalec,Executive Director,cmichalec@littlebrotherssf.org,"Business, Community Anchor Institution, Government or Public Organization, Private Sector and Non-Governmental Organizations",,"Enrollment assistance in low-cost internet service programs, Digital navigation (in-person or virtual/call center), Digital literacy & skills training, Technical support, Free/Low-cost devices",City-wide or across multiple cities,San Francisco,,In-Person,,In-home,,,,,In-home,,,,,In-home,,,,,In-home,,,,,In-home,,,,,No. Our services are offered free of cost.,"Yes, Aging Individuals (Age 60+), Veterans, Individuals with Disabilities, Ethnic or Minority Communities",English,,No. Our services are offered free of cost.,12/19/25 10:07
Santa Clara County Library District,Virtual,,,,'+14082932326,https://sccld.org,Marlene Iwamoto-Rocchild,Deputy County Librarian,marlene.iwamoto-rocchild@lib.sccgov.org,"Business, Community Anchor Institution, Government or Public Organization, Private Sector and Non-Governmental Organizations",,"Digital navigation (in-person or virtual/call center), Digital literacy & skills training, Technical support, Public Wi-Fi, Computer center(s), Online educational resources, Workforce development resources",County-wide or across multiple counties,Santa Clara,,Virtually,https://www.sccld.org/locations,,,,,,,,,,,,,,,,,,,,,,,,,,No. Our services are offered free of cost.,"Yes, Aging Individuals (Age 60+), Incarcerated Individuals, Veterans, Individuals with Disabilities, Individuals with Language Barriers (Limited English Proficiency individuals, etc.), Ethnic or Minority Communities, Rural Communities","English, Spanish",Information sharing,No. Our services are offered free of cost.,12/19/25 9:51
Santa Clara County Library District,350 W Sixth St,Gilroy,CA,95020,'+14082932326,https://sccld.org,Marlene Iwamoto-Rocchild,Deputy County Librarian,marlene.iwamoto-rocchild@lib.sccgov.org,"Business, Community Anchor Institution, Government or Public Organization, Private Sector and Non-Governmental Organizations",,"Digital navigation (in-person or virtual/call center), Digital literacy & skills training, Technical support, Public Wi-Fi, Computer center(s), Online educational resources, Workforce development resources",County-wide or across multiple counties,Santa Clara,,In-Person,,Gilroy Library,Gilroy,'+14088428207,"M-W 1p-9p, Th-Ss 10a-6p, Su 1p-5p",https://sccld.org/locations/gilroy/,Gilroy Library,Gilroy,'+14088428207,"M-W 1p-9p, Th-Ss 10a-6p, Su 1p-5p",https://sccld.org/locations/gilroy/,Gilroy Library,Gilroy,'+14088428207,"M-W 1p-9p, Th-Ss 10a-6p, Su 1p-5p",https://sccld.org/locations/gilroy/,Gilroy Library,Gilroy,'+14088428207,"M-W 1p-9p, Th-Ss 10a-6p, Su 1p-5p",https://sccld.org/locations/gilroy/,Gilroy Library,Gilroy,'+14088428207,"M-W 1p-9p, Th-Ss 10a-6p, Su 1p-5p",https://sccld.org/locations/gilroy/,No. Our services are offered free of cost.,"Yes, Aging Individuals (Age 60+), Incarcerated Individuals, Veterans, Individuals with Disabilities, Individuals with Language Barriers (Limited English Proficiency individuals, etc.), Ethnic or Minority Communities, Rural Communities","English, Spanish",Information sharing,No. Our services are offered free of cost.,12/19/25 9:51
Santa Clara County Library District,10800 Torre Ave,Cupertino,CA,95014,'+14082932326,https://sccld.org,Marlene Iwamoto-Rocchild,Deputy County Librarian,marlene.iwamoto-rocchild@lib.sccgov.org,"Business, Community Anchor Institution, Government or Public Organization, Private Sector and Non-Governmental Organizations",,"Digital navigation (in-person or virtual/call center), Digital literacy & skills training, Technical support, Public Wi-Fi, Computer center(s), Online educational resources, Workforce development resources",County-wide or across multiple counties,Santa Clara,,In-Person,,Cupertino Library,Cupertino,'+14084461677,"M-F 10a-9p, SA-Sa 10a-630p",https://sccld.org/locations/cupertino/,Cupertino Library,Cupertino,'+14084461677,"M-F 10a-9p, SA-Sa 10a-630p",https://sccld.org/locations/cupertino/,Cupertino Library,Cupertino,'+14084461677,"M-F 10a-9p, SA-Sa 10a-630p",https://sccld.org/locations/cupertino/,Cupertino Library,Cupertino,'+14084461677,"M-F 10a-9p, SA-Sa 10a-630p",https://sccld.org/locations/cupertino/,Cupertino Library,Cupertino,'+14084461677,"M-F 10a-9p, SA-Sa 10a-630p",https://sccld.org/locations/cupertino/,No. Our services are offered free of cost.,"Yes, Aging Individuals (Age 60+), Incarcerated Individuals, Veterans, Individuals with Disabilities, Individuals with Language Barriers (Limited English Proficiency individuals, etc.), Ethnic or Minority Communities, Rural Communities","English, Spanish",Information sharing,No. Our services are offered free of cost.,12/19/25 9:51
Santa Clara County Library District,13 S San Antonio Road,Los Altos,CA,94022,'+14082932326,https://sccld.org,Marlene Iwamoto-Rocchild,Deputy County Librarian,marlene.iwamoto-rocchild@lib.sccgov.org,"Business, Community Anchor Institution, Government or Public Organization, Private Sector and Non-Governmental Organizations",,"Digital navigation (in-person or virtual/call center), Digital literacy & skills training, Technical support, Public Wi-Fi, Computer center(s), Online educational resources, Workforce development resources",County-wide or across multiple counties,Santa Clara,,In-Person,,Los Altos Library,Los Altos,'+16509487683,"M-Th 10a-9p, F-Su 10a-7p",https://sccld.org/locations/losaltos/,Los Altos Library,Los Altos,'+16509487683,"M-Th 10a-9p, F-Su 10a-7p",https://sccld.org/locations/losaltos/,Los Altos Library,Los Altos,'+16509487683,"M-Th 10a-9p, F-Su 10a-7p",https://sccld.org/locations/losaltos/,Los Altos Library,Los Altos,'+16509487683,"M-Th 10a-9p, F-Su 10a-7p",https://sccld.org/locations/losaltos/,Los Altos Library,Los Altos,'+16509487683,"M-Th 10a-9p, F-Su 10a-7p",https://sccld.org/locations/losaltos/,No. Our services are offered free of cost.,"Yes, Aging Individuals (Age 60+), Incarcerated Individuals, Veterans, Individuals with Disabilities, Individuals with Language Barriers (Limited English Proficiency individuals, etc.), Ethnic or Minority Communities, Rural Communities","English, Spanish",Information sharing,No. Our services are offered free of cost.,12/19/25 9:51
Santa Clara County Library District,160 North Main Street,Milpitas,CA,95035,'+14082932326,https://sccld.org,Marlene Iwamoto-Rocchild,Deputy County Librarian,marlene.iwamoto-rocchild@lib.sccgov.org,"Business, Community Anchor Institution, Government or Public Organization, Private Sector and Non-Governmental Organizations",,"Digital navigation (in-person or virtual/call center), Digital literacy & skills training, Technical support, Public Wi-Fi, Computer center(s), Online educational resources, Workforce development resources",County-wide or across multiple counties,Santa Clara,,In-Person,,Milpitas Library,Milpitas,'+14082621171,"M-Th 10a-9p, F-Su 10a-7p",https://sccld.org/locations/milpitas/,Milpitas Library,Milpitas,'+14082621171,"M-Th 10a-9p, F-Su 10a-7p",https://sccld.org/locations/milpitas/,Milpitas Library,Milpitas,'+14082621171,"M-Th 10a-9p, F-Su 10a-7p",https://sccld.org/locations/milpitas/,Milpitas Library,Milpitas,'+14082621171,"M-Th 10a-9p, F-Su 10a-7p",https://sccld.org/locations/milpitas/,Milpitas Library,Milpitas,'+14082621171,"M-Th 10a-9p, F-Su 10a-7p",https://sccld.org/locations/milpitas/,No. Our services are offered free of cost.,"Yes, Aging Individuals (Age 60+), Incarcerated Individuals, Veterans, Individuals with Disabilities, Individuals with Language Barriers (Limited English Proficiency individuals, etc.), Ethnic or Minority Communities, Rural Communities","English, Spanish",Information sharing,No. Our services are offered free of cost.,12/19/25 9:51
Santa Clara County Library District,660 West Main Ave,Morgan Hill,CA,95037,'+14082932326,https://sccld.org,Marlene Iwamoto-Rocchild,Deputy County Librarian,marlene.iwamoto-rocchild@lib.sccgov.org,"Business, Community Anchor Institution, Government or Public Organization, Private Sector and Non-Governmental Organizations",,"Digital navigation (in-person or virtual/call center), Digital literacy & skills training, Technical support, Public Wi-Fi, Computer center(s), Online educational resources, Workforce development resources",County-wide or across multiple counties,Santa Clara,,In-Person,,Morgan Hill Library,Morgan Hill,'+14087793196,"M-W 12n-9p, T-Sa 10a-6p, Su 1p-5p",https://sccld.org/locations/morganhill/,Morgan Hill Library,Morgan Hill,'+14087793196,"M-W 12n-9p, T-Sa 10a-6p, Su 1p-5p",https://sccld.org/locations/morganhill/,Morgan Hill Library,Morgan Hill,'+14087793196,"M-W 12n-9p, T-Sa 10a-6p, Su 1p-5p",https://sccld.org/locations/morganhill/,Morgan Hill Library,Morgan Hill,'+14087793196,"M-W 12n-9p, T-Sa 10a-6p, Su 1p-5p",https://sccld.org/locations/morganhill/,Morgan Hill Library,Morgan Hill,'+14087793196,"M-W 12n-9p, T-Sa 10a-6p, Su 1p-5p",https://sccld.org/locations/morganhill/,No. Our services are offered free of cost.,"Yes, Aging Individuals (Age 60+), Incarcerated Individuals, Veterans, Individuals with Disabilities, Individuals with Language Barriers (Limited English Proficiency individuals, etc.), Ethnic or Minority Communities, Rural Communities","English, Spanish",Information sharing,No. Our services are offered free of cost.,12/19/25 9:51
Service Center for Independent Life (SCIL),107 Spring St,Claremont,CA,91711,'+19096216722,https://www.scil-ilc.org,Larry Grable,Executive Director,larry@scil-ilc.org,"Business, Community Anchor Institution, Government or Public Organization, Private Sector and Non-Governmental Organizations",,"Locating low-cost internet service programs, Enrollment assistance in low-cost internet service programs, Digital literacy & skills training, Technical support, Public Wi-Fi, Computer center(s)",County-wide or across multiple counties,"Los Angeles, San Bernardino",,In-Person,,SCIL,Claremont,'+19096216722,8-4:30,https://www.scil-ilc.org,SCIL,Claremont,'+19096216722,8-4:30,https://www.scil-ilc.org,SCIL,Claremont,'+19096216722,8-4:30,https://www.scil-ilc.org,SCIL,Claremont,'+19096216722,8-4:30,https://www.scil-ilc.org,SCIL,Claremont,'+19096216722,8-4:30,https://www.scil-ilc.org,No. Our services are offered free of cost.,"Yes, Aging Individuals (Age 60+), Veterans, Individuals with Disabilities, Individuals with Language Barriers (Limited English Proficiency individuals, etc.), Ethnic or Minority Communities, Rural Communities","English, Spanish, Mandarin, Vietnamese, Cantonese",Partnership opportunities,No. Our services are offered free of cost.,12/19/25 9:45
HACLA (Housing Authority of the City of Los Angeles),Virtual,,,,'+18334225248,https://www.hacla.org/en,Katherine Romo,Program Development Coordinator,katherine.romo@hacla.org,"Business, Community Anchor Institution, Government or Public Organization, Private Sector and Non-Governmental Organizations",,"Locating low-cost internet service programs, Enrollment assistance in low-cost internet service programs, Digital navigation (in-person or virtual/call center), Digital literacy & skills training, Technical support, Free/Low-cost devices, Free/Low-cost hotspots, Public Wi-Fi, Computer center(s), Online educational resources, Workforce development resources",City-wide or across multiple cities,Los Angeles,,Virtually,https://www.hacla.org/en/digital-equity-and-education-teams,,,,,,,,,,,,,,,,,,,,,,,,,,No. Our services are offered free of cost.,"Yes, Aging Individuals (Age 60+), Veterans, Individuals with Disabilities, Individuals with Language Barriers (Limited English Proficiency individuals, etc.), Ethnic or Minority Communities","English, Spanish","Partnership opportunities, Collective action, Information sharing",No. Our services are offered free of cost.,12/18/25 16:43
HACLA (Housing Authority of the City of Los Angeles),701 E. 88th Place,Los Angeles,CA,90002,'+18334225248,https://www.hacla.org/en,Katherine Romo,Program Development Coordinator,katherine.romo@hacla.org,"Business, Community Anchor Institution, Government or Public Organization, Private Sector and Non-Governmental Organizations",,"Locating low-cost internet service programs, Enrollment assistance in low-cost internet service programs, Digital navigation (in-person or virtual/call center), Digital literacy & skills training, Technical support, Free/Low-cost devices, Free/Low-cost hotspots, Public Wi-Fi, Computer center(s), Online educational resources, Workforce development resources",City-wide or across multiple cities,Los Angeles,,In-Person,,Avalon Gardens,Los Angeles,,12pm-5pm,,Avalon Gardens,Los Angeles,,12pm-5pm,,Avalon Gardens,Los Angeles,,12pm-5pm,,Avalon Gardens,Los Angeles,,12pm-5pm,,Avalon Gardens,Los Angeles,,12pm-5pm,,No. Our services are offered free of cost.,"Yes, Aging Individuals (Age 60+), Veterans, Individuals with Disabilities, Individuals with Language Barriers (Limited English Proficiency individuals, etc.), Ethnic or Minority Communities","English, Spanish","Partnership opportunities, Collective action, Information sharing",No. Our services are offered free of cost.,12/18/25 16:43
Curry Senior Center,Virtual,,,,'+14159173410,https://curryseniorcenter.org,Phillip Gerson,Arts and Technology Program Manager,pgerson@curryseniorcenter.org,"Business, Community Anchor Institution, Government or Public Organization, Private Sector and Non-Governmental Organizations",,"Locating low-cost internet service programs, Enrollment assistance in low-cost internet service programs, Digital navigation (in-person or virtual/call center), Digital literacy & skills training, Technical support, Free/Low-cost devices, Free/Low-cost hotspots, Public Wi-Fi, Computer center(s), Online educational resources, Workforce development resources",Other,,,Virtually,https://curryseniorcenter.org,,,,,,,,,,,,,,,,,,,,,,,,,,No. Our services are offered free of cost.,"Yes, Aging Individuals (Age 60+), Veterans, Individuals with Disabilities, Individuals with Language Barriers (Limited English Proficiency individuals, etc.), Ethnic or Minority Communities","English, Spanish, Tagalog, Mandarin, Vietnamese, Cantonese, Farsi, Russian","Partnership opportunities, Collective action, Information sharing",No. Our services are offered free of cost.,12/18/25 15:54
Curry Senior Center,520 Turk Street,San Francisco,CA,94102,'+14159173410,https://curryseniorcenter.org,Phillip Gerson,Arts and Technology Program Manager,pgerson@curryseniorcenter.org,"Business, Community Anchor Institution, Government or Public Organization, Private Sector and Non-Governmental Organizations",,"Locating low-cost internet service programs, Enrollment assistance in low-cost internet service programs, Digital navigation (in-person or virtual/call center), Digital literacy & skills training, Technical support, Free/Low-cost devices, Free/Low-cost hotspots, Public Wi-Fi, Computer center(s), Online educational resources, Workforce development resources",Other,,,In-Person,,Curry Senior Center,San Francisco,'+14158293240,M-Fri; 9am to 4pm,https://curryseniorcenter.org,Curry Senior Center,San Francisco,'+14158293240,M-Fri; 9am to 4pm,https://curryseniorcenter.org,Curry Senior Center,San Francisco,'+14158293240,M-Fri; 9am to 4pm,https://curryseniorcenter.org,Curry Senior Center,San Francisco,'+14158293240,M-Fri; 9am to 4pm,https://curryseniorcenter.org,Curry Senior Center,San Francisco,'+14158293240,M-Fri; 9am to 4pm,https://curryseniorcenter.org,No. Our services are offered free of cost.,"Yes, Aging Individuals (Age 60+), Veterans, Individuals with Disabilities, Individuals with Language Barriers (Limited English Proficiency individuals, etc.), Ethnic or Minority Communities","English, Spanish, Tagalog, Mandarin, Vietnamese, Cantonese, Farsi, Russian","Partnership opportunities, Collective action, Information sharing",No. Our services are offered free of cost.,12/18/25 15:54
"Loaves, Fishes & Computers",Virtual,,,,'+18313939260,https://lfctech.org,Arlene Krebs,Chair Emeritus & Director,arlene@lfctech.org,"Business, Community Anchor Institution, Government or Public Organization, Private Sector and Non-Governmental Organizations",,"Locating low-cost internet service programs, Enrollment assistance in low-cost internet service programs, Digital navigation (in-person or virtual/call center), Digital literacy & skills training, Technical support, Free/Low-cost devices, Free/Low-cost hotspots, Public Wi-Fi, Computer center(s), Online educational resources, Workforce development resources",County-wide or across multiple counties,"Monterey, San Benito, Santa Cruz",,Virtually,https://lfctech.org,,,,,,,,,,,,,,,,,,,,,,,,,,No. Our services are offered free of cost.,"Yes, Aging Individuals (Age 60+), Veterans, Individuals with Disabilities, Individuals with Language Barriers (Limited English Proficiency individuals, etc.), Ethnic or Minority Communities, Rural Communities","English, Spanish","Partnership opportunities, Information sharing, Other",Yes. We charge a fee for our services.,12/18/25 15:45
"Loaves, Fishes & Computers",830 Park Row,Salinas,CA,93901,'+18313939260,https://lfctech.org,Arlene Krebs,Chair Emeritus & Director,arlene@lfctech.org,"Business, Community Anchor Institution, Government or Public Organization, Private Sector and Non-Governmental Organizations",,"Locating low-cost internet service programs, Enrollment assistance in low-cost internet service programs, Digital navigation (in-person or virtual/call center), Digital literacy & skills training, Technical support, Free/Low-cost devices, Free/Low-cost hotspots, Public Wi-Fi, Computer center(s), Online educational resources, Workforce development resources",County-wide or across multiple counties,"Monterey, San Benito, Santa Cruz",,In-Person,,LFC Headquarters,Salinas,'+18313939260,9am-5om Tues-Saturday,https://lfctech.org,LFC Headquarters,Salinas,'+18313939260,9am-5om Tues-Saturday,https://lfctech.org,LFC Headquarters,Salinas,'+18313939260,9am-5om Tues-Saturday,https://lfctech.org,LFC Headquarters,Salinas,'+18313939260,9am-5om Tues-Saturday,https://lfctech.org,LFC Headquarters,Salinas,'+18313939260,9am-5om Tues-Saturday,https://lfctech.org,No. Our services are offered free of cost.,"Yes, Aging Individuals (Age 60+), Veterans, Individuals with Disabilities, Individuals with Language Barriers (Limited English Proficiency individuals, etc.), Ethnic or Minority Communities, Rural Communities","English, Spanish","Partnership opportunities, Information sharing, Other",Yes. We charge a fee for our services.,12/18/25 15:45
Catholic Charities of Santa Clara County,4 Wabash Ave,San Jose,CA,95128,'+16696770326,https://www.ccscc.org,Leticia Fernandez,Program Manager,lfernandez@catholicchariteisscc.org,"Business, Community Anchor Institution, Government or Public Organization, Private Sector and Non-Governmental Organizations",,"Locating low-cost internet service programs, Enrollment assistance in low-cost internet service programs, Digital navigation (in-person or virtual/call center), Digital literacy & skills training, Technical support, Public Wi-Fi, Computer center(s)",Specific school site,,,In-Person,,Luther Burbank FRC,San Jose,'+16696770326,"Wed. 12:30 pm-4:30pm, Thursday 9am-5pm,Friday 9am-5pm",https://www.ccscc.org,Luther Burbank FRC,San Jose,'+16696770326,"Wed. 12:30 pm-4:30pm, Thursday 9am-5pm,Friday 9am-5pm",https://www.ccscc.org,Luther Burbank FRC,San Jose,'+16696770326,"Wed. 12:30 pm-4:30pm, Thursday 9am-5pm,Friday 9am-5pm",https://www.ccscc.org,Luther Burbank FRC,San Jose,'+16696770326,"Wed. 12:30 pm-4:30pm, Thursday 9am-5pm,Friday 9am-5pm",https://www.ccscc.org,Luther Burbank FRC,San Jose,'+16696770326,"Wed. 12:30 pm-4:30pm, Thursday 9am-5pm,Friday 9am-5pm",https://www.ccscc.org,No. Our services are offered free of cost.,"Yes, Aging Individuals (Age 60+), Incarcerated Individuals, Veterans, Individuals with Disabilities, Individuals with Language Barriers (Limited English Proficiency individuals, etc.), Ethnic or Minority Communities","English, Spanish, Vietnamese",,No. Our services are offered free of cost.,12/18/25 14:30
"Connected Home Living, Inc.",Virtual,,,,'+18003117859,https://www.connectedhomeliving.com,Neil Tantingco,CEO,neil@connectedhomeliving.com,"Business, Community Anchor Institution, Government or Public Organization, Private Sector and Non-Governmental Organizations",,Digital navigation (in-person or virtual/call center),Statewide,,,Virtually,https://www.connectedhomeliving.com,,,,,,,,,,,,,,,,,,,,,,,,,,Yes. We charge a fee for our services and it’s more than $25.,"Yes, Aging Individuals (Age 60+), Veterans, Individuals with Disabilities, Individuals with Language Barriers (Limited English Proficiency individuals, etc.), Ethnic or Minority Communities, Rural Communities","English, Spanish, Tagalog, Mandarin, Vietnamese, Korean, Cantonese, Armenian, Farsi, Arabic, Hindi, Russian, Japanese, Punjabi, French, Khmer","Train-the-trainer, Partnership opportunities, Information sharing",Yes. We charge a fee for our services.,12/18/25 13:38
yüda ayuda,2405 Hilo Lane,Ceres,CA,95350,'+12096817300,https://www.yuda.io/,Karlha Arias,Co-CEO,info@yuda.io,"Business, Community Anchor Institution, Government or Public Organization, Private Sector and Non-Governmental Organizations",,"Locating low-cost internet service programs, Enrollment assistance in low-cost internet service programs, Digital navigation (in-person or virtual/call center), Digital literacy & skills training, Technical support, Free/Low-cost devices, Online educational resources, Workforce development resources",County-wide or across multiple counties,"Merced, San Joaquin, Stanislaus",,In-Person,,,,,,,,,,,,,,,,,,,,,,,,,,,No. Our services are offered free of cost.,"Yes, Aging Individuals (Age 60+), Incarcerated Individuals, Veterans, Individuals with Disabilities, Individuals with Language Barriers (Limited English Proficiency individuals, etc.), Ethnic or Minority Communities, Rural Communities","English, Spanish","Train-the-trainer, Partnership opportunities, Collective action, Information sharing",Yes. We charge a fee for our services.,12/18/25 13:31
Los Angeles County Parks and Recreation Department,Varies,Varies,,,'+16265885150,https://parks.lacounty.gov/,Moises Evangelista,Information Technology Business Analyst I,mevangelista@parks.lacounty.gov,"Business, Community Anchor Institution, Government or Public Organization, Private Sector and Non-Governmental Organizations",,"Digital literacy & skills training, Free/Low-cost devices, Public Wi-Fi",,,,In-Person,,Varies,Varies,,Varies,https://parks.lacounty.gov/,Varies,Varies,,Varies,https://parks.lacounty.gov/,Varies,Varies,,Varies,https://parks.lacounty.gov/,Varies,Varies,,Varies,https://parks.lacounty.gov/,Varies,Varies,,Varies,https://parks.lacounty.gov/,No. Our services are offered free of cost.,"Yes, Aging Individuals (Age 60+), Veterans, Individuals with Disabilities, Individuals with Language Barriers (Limited English Proficiency individuals, etc.), Ethnic or Minority Communities, Rural Communities","English, Spanish",,No. Our services are offered free of cost.,12/18/25 11:23
tribalresourcecenter.net,Virtual,,,,'+16513566266,https://tribalresourcecenter.net,Matthew Rantanen,Lead,matt@waskawiwin.org,"Business, Community Anchor Institution, Government or Public Organization, Private Sector and Non-Governmental Organizations",,"Digital literacy & skills training, Technical support, Online educational resources, Workforce development resources",Other,,,Virtually,https://tribalresourcecenter.net,,,,,,,,,,,,,,,,,,,,,,,,,,No. Our services are offered free of cost.,"Yes, Other",English,Information sharing,No. Our services are offered free of cost.,12/18/25 10:17
Waskawiwin,"TBD, based on scheduled events. Please see waskawiwin.org for announced locations for 2026.",,CA,,'+16513566266,https://waskawiwin.org,Matthew Rantanen,President/CEO,matt@waskawiwin.org,"Business, Community Anchor Institution, Government or Public Organization, Private Sector and Non-Governmental Organizations",,"Digital navigation (in-person or virtual/call center), Digital literacy & skills training, Technical support, Workforce development resources",Specific to a Tribe or available to multiple Tribes,,,In-Person,,"Events hosted at Multiple Tribal Reservations, based on scheduling, and a location in SoCal regularly as scheduled on the website.",,'+16513566266,Scheduled on waskawiwin.org,https://waskawiwin.org,"Events hosted at Multiple Tribal Reservations, based on scheduling, and a location in SoCal regularly as scheduled on the website.",,'+16513566266,Scheduled on waskawiwin.org,https://waskawiwin.org,"Events hosted at Multiple Tribal Reservations, based on scheduling, and a location in SoCal regularly as scheduled on the website.",,'+16513566266,Scheduled on waskawiwin.org,https://waskawiwin.org,"Events hosted at Multiple Tribal Reservations, based on scheduling, and a location in SoCal regularly as scheduled on the website.",,'+16513566266,Scheduled on waskawiwin.org,https://waskawiwin.org,"Events hosted at Multiple Tribal Reservations, based on scheduling, and a location in SoCal regularly as scheduled on the website.",,'+16513566266,Scheduled on waskawiwin.org,https://waskawiwin.org,No. Our services are offered free of cost.,"Yes, Other",English,"Organizational training, Train-the-trainer, Partnership opportunities, Collective action, Information sharing",No. Our services are offered free of cost.,12/18/25 9:54
Self-Help for the Elderly,Virtual,,,,'+14156777600,https://www.selfhelpelderly.org/,Winnie Yu,Chief Programs Officer,winniey@selfhelpelderly.org,"Business, Community Anchor Institution, Government or Public Organization, Private Sector and Non-Governmental Organizations",,"Locating low-cost internet service programs, Enrollment assistance in low-cost internet service programs, Digital navigation (in-person or virtual/call center), Digital literacy & skills training, Technical support, Free/Low-cost devices, Computer center(s), Online educational resources, Workforce development resources",City-wide or across multiple cities,San Francisco,,Virtually,https://www.selfhelpelderly.org/our-services/digitallearning,,,,,,,,,,,,,,,,,,,,,,,,,,No. Our services are offered free of cost.,"Yes, Aging Individuals (Age 60+), Veterans, Individuals with Disabilities, Individuals with Language Barriers (Limited English Proficiency individuals, etc.), Ethnic or Minority Communities","English, Spanish, Tagalog, Mandarin, Vietnamese, Korean, Cantonese, Russian",,No. Our services are offered free of cost.,12/17/25 20:49
Self-Help for the Elderly,601 Jackson St,,,94133,14156777529,https://www.selfhelpelderly.org/,Jin Tran,SF Connected/ Digital Literacy Program,jint@selfhelpelderly.org,"Business, Community Anchor Institution, Government or Public Organization, Private Sector and Non-Governmental Organizations",,"Locating low-cost internet service programs, Enrollment assistance in low-cost internet service programs, Digital navigation (in-person or virtual/call center), Digital literacy & skills training, Technical support, Free/Low-cost devices, Computer center(s), Online educational resources, Workforce development resources",City-wide or across multiple cities,San Francisco,,In-Person,,,,,"Monday to Friday, 9:00 AM TO 4:00 PM",,,,,"Monday to Friday, 9:00 AM TO 4:00 PM",,,,,"Monday to Friday, 9:00 AM TO 4:00 PM",,,,,"Monday to Friday, 9:00 AM TO 4:00 PM",,,,,"Monday to Friday, 9:00 AM TO 4:00 PM",,No. Our services are offered free of cost.,"Yes, Aging Individuals (Age 60+), Veterans, Individuals with Disabilities, Individuals with Language Barriers (Limited English Proficiency individuals, etc.), Ethnic or Minority Communities","English, Spanish, Tagalog, Mandarin, Vietnamese, Korean, Cantonese, Russian",,No. Our services are offered free of cost.,12/17/25 20:49
Felton Institute,66 Raymond Ave,San Francisco,CA,94134,'+14154747310,https://felton.org,Tieu Ly,Tech Squad Director,tly@felton.org,"Business, Community Anchor Institution, Government or Public Organization, Private Sector and Non-Governmental Organizations",,"Locating low-cost internet service programs, Digital navigation (in-person or virtual/call center), Digital literacy & skills training, Technical support",City-wide or across multiple cities,San Francisco,,In-Person,,Visitacion Community Center,San Francisco,,"Wed. 11-2pm, Thursday, 9:30-11:30am",,Visitacion Community Center,San Francisco,,"Wed. 11-2pm, Thursday, 9:30-11:30am",,Visitacion Community Center,San Francisco,,"Wed. 11-2pm, Thursday, 9:30-11:30am",,Visitacion Community Center,San Francisco,,"Wed. 11-2pm, Thursday, 9:30-11:30am",,Visitacion Community Center,San Francisco,,"Wed. 11-2pm, Thursday, 9:30-11:30am",,No. Our services are offered free of cost.,"Yes, Aging Individuals (Age 60+), Veterans, Individuals with Disabilities, Individuals with Language Barriers (Limited English Proficiency individuals, etc.), Ethnic or Minority Communities","English, Mandarin, Cantonese",Partnership opportunities,No. Our services are offered free of cost.,12/17/25 16:59
Felton Institute,"1099 Sunnydale Ave., 3rd Floor",San Francisco,CA,94134,'+14154747310,https://felton.org,Tieu Ly,Tech Squad Director,tly@felton.org,"Business, Community Anchor Institution, Government or Public Organization, Private Sector and Non-Governmental Organizations",,"Locating low-cost internet service programs, Digital navigation (in-person or virtual/call center), Digital literacy & skills training, Technical support",City-wide or across multiple cities,San Francisco,,In-Person,,,San Francisco,,"THursday, 12-2pm",,,San Francisco,,"THursday, 12-2pm",,,San Francisco,,"THursday, 12-2pm",,,San Francisco,,"THursday, 12-2pm",,,San Francisco,,"THursday, 12-2pm",,No. Our services are offered free of cost.,"Yes, Aging Individuals (Age 60+), Veterans, Individuals with Disabilities, Individuals with Language Barriers (Limited English Proficiency individuals, etc.), Ethnic or Minority Communities","English, Mandarin, Cantonese",Partnership opportunities,No. Our services are offered free of cost.,12/17/25 16:59
Felton Institute,6221 Geary Blvd. 3rd Floor,San Francisco,CA,94121,'+14154747310,https://felton.org,Tieu Ly,Tech Squad Director,tly@felton.org,"Business, Community Anchor Institution, Government or Public Organization, Private Sector and Non-Governmental Organizations",,"Locating low-cost internet service programs, Digital navigation (in-person or virtual/call center), Digital literacy & skills training, Technical support",City-wide or across multiple cities,San Francisco,,In-Person,,,San Francisco,,"Tuesday, 12:30-2pm",,,San Francisco,,"Tuesday, 12:30-2pm",,,San Francisco,,"Tuesday, 12:30-2pm",,,San Francisco,,"Tuesday, 12:30-2pm",,,San Francisco,,"Tuesday, 12:30-2pm",,No. Our services are offered free of cost.,"Yes, Aging Individuals (Age 60+), Veterans, Individuals with Disabilities, Individuals with Language Barriers (Limited English Proficiency individuals, etc.), Ethnic or Minority Communities","English, Mandarin, Cantonese",Partnership opportunities,No. Our services are offered free of cost.,12/17/25 16:59
Felton Institute,"2616 Ocean Ave,",San Francisco,CA,94132,'+14154747310,https://felton.org,Tieu Ly,Tech Squad Director,tly@felton.org,"Business, Community Anchor Institution, Government or Public Organization, Private Sector and Non-Governmental Organizations",,"Locating low-cost internet service programs, Digital navigation (in-person or virtual/call center), Digital literacy & skills training, Technical support",City-wide or across multiple cities,San Francisco,,In-Person,,,San Francisco,,Monday/Wednesday 9:00-10:30AM,,,San Francisco,,Monday/Wednesday 9:00-10:30AM,,,San Francisco,,Monday/Wednesday 9:00-10:30AM,,,San Francisco,,Monday/Wednesday 9:00-10:30AM,,,San Francisco,,Monday/Wednesday 9:00-10:30AM,,No. Our services are offered free of cost.,"Yes, Aging Individuals (Age 60+), Veterans, Individuals with Disabilities, Individuals with Language Barriers (Limited English Proficiency individuals, etc.), Ethnic or Minority Communities","English, Mandarin, Cantonese",Partnership opportunities,No. Our services are offered free of cost.,12/17/25 16:59
Felton Institute,446 Randolph St.,San Francisco,CA,94132,'+14154747310,https://felton.org,Tieu Ly,Tech Squad Director,tly@felton.org,"Business, Community Anchor Institution, Government or Public Organization, Private Sector and Non-Governmental Organizations",,"Locating low-cost internet service programs, Digital navigation (in-person or virtual/call center), Digital literacy & skills training, Technical support",City-wide or across multiple cities,San Francisco,,In-Person,,,San Francisco,,"Monday, 11-1pm, Tuesday, 3-5pm",,,San Francisco,,"Monday, 11-1pm, Tuesday, 3-5pm",,,San Francisco,,"Monday, 11-1pm, Tuesday, 3-5pm",,,San Francisco,,"Monday, 11-1pm, Tuesday, 3-5pm",,,San Francisco,,"Monday, 11-1pm, Tuesday, 3-5pm",,No. Our services are offered free of cost.,"Yes, Aging Individuals (Age 60+), Veterans, Individuals with Disabilities, Individuals with Language Barriers (Limited English Proficiency individuals, etc.), Ethnic or Minority Communities","English, Mandarin, Cantonese",Partnership opportunities,No. Our services are offered free of cost.,12/17/25 16:59
Los Angeles County Department of Parks and Recreation,1000 South Fremont,Alhambra,CA,91803,'+16266813030,https://parks.lacounty.gov,Terence Davsi,CIO,tadavis@parks.lacounty.gov,"Business, Community Anchor Institution, Government or Public Organization, Private Sector and Non-Governmental Organizations",,"Public Wi-Fi, Computer center(s)",County-wide or across multiple counties,Los Angeles,,In-Person,,,,,,,,,,,,,,,,,,,,,,,,,,,No. Our services are offered free of cost.,"Yes, Aging Individuals (Age 60+), Veterans, Individuals with Disabilities, Individuals with Language Barriers (Limited English Proficiency individuals, etc.), Ethnic or Minority Communities","English, Spanish, Tagalog, Mandarin",,No. Our services are offered free of cost.,12/17/25 16:43
City of Lynwood,11330 Bullis Rd.,Lynwood,CA,90262,'+13106030220,https://lynwoodca.gov,Ruben Landeros,Systems Analyst,rlanderos@lynwoodca.gov,"Business, Community Anchor Institution, Government or Public Organization, Private Sector and Non-Governmental Organizations",,"Public Wi-Fi, Computer center(s)",City-wide or across multiple cities,Los Angeles,,In-Person,,,Lynwood,,7am to 6pm Mon-Thurs,https://lynwoodca.gov,,Lynwood,,7am to 6pm Mon-Thurs,https://lynwoodca.gov,,Lynwood,,7am to 6pm Mon-Thurs,https://lynwoodca.gov,,Lynwood,,7am to 6pm Mon-Thurs,https://lynwoodca.gov,,Lynwood,,7am to 6pm Mon-Thurs,https://lynwoodca.gov,No. Our services are offered free of cost.,"Yes, Aging Individuals (Age 60+), Veterans, Individuals with Disabilities, Individuals with Language Barriers (Limited English Proficiency individuals, etc.), Ethnic or Minority Communities","English, Spanish",,No. Our services are offered free of cost.,12/17/25 15:56
Kollab Youth Workforce Development Program,Virtual,,,,'+13103032869,https://kollabYouth.org,Mary Hewitt,"CEO, Founder",mhewitt@kollabyouth.org,"Business, Community Anchor Institution, Government or Public Organization, Private Sector and Non-Governmental Organizations",,"Locating low-cost internet service programs, Digital literacy & skills training, Free/Low-cost devices, Free/Low-cost hotspots, Online educational resources, Workforce development resources",County-wide or across multiple counties,"Los Angeles, Orange, Riverside, San Bernardino, San Diego, Ventura",,Virtually,https://kollabyouth.org,,,,,,,,,,,,,,,,,,,,,,,,,,No. Our services are offered free of cost.,"Yes, Ethnic or Minority Communities, Rural Communities",English,"Partnership opportunities, Information sharing",No. Our services are offered free of cost.,12/17/25 15:46
Binational of Central California,3302 N Blackstone Ave. Suite 221,,CA,93726,'+15599054549,https://binationalca.org/,Aracely Contreras,Program Manager,aracely@binationalca.org,"Business, Community Anchor Institution, Government or Public Organization, Private Sector and Non-Governmental Organizations",,"Locating low-cost internet service programs, Enrollment assistance in low-cost internet service programs, Digital navigation (in-person or virtual/call center), Digital literacy & skills training, Technical support, Public Wi-Fi, Workforce development resources",County-wide or across multiple counties,"Fresno, Madera, Merced",,In-Person,,,,'+15599054549,9am - 5pm,,,,'+15599054549,9am - 5pm,,,,'+15599054549,9am - 5pm,,,,'+15599054549,9am - 5pm,,,,'+15599054549,9am - 5pm,,No. Our services are offered free of cost.,"Yes, Aging Individuals (Age 60+), Incarcerated Individuals, Veterans, Individuals with Disabilities, Individuals with Language Barriers (Limited English Proficiency individuals, etc.), Ethnic or Minority Communities, Rural Communities","English, Spanish",,No. Our services are offered free of cost.,12/17/25 13:38
MNC INSPIRING SUCCESS,Virtual,,,,'+14152067750,https://WWW.MNCSF.ORG,JOANA MATTERO,ASSOCIATE DIRECTOR,joana.mattero@mncsf.org,"Business, Community Anchor Institution, Government or Public Organization, Private Sector and Non-Governmental Organizations",,"Digital navigation (in-person or virtual/call center), Digital literacy & skills training, Technical support, Computer center(s)",Specific public or affordable housing development/building,,,Virtually,,,,,,,,,,,,,,,,,,,,,,,,,,,No. Our services are offered free of cost.,"Yes, Aging Individuals (Age 60+), Veterans, Individuals with Disabilities, Individuals with Language Barriers (Limited English Proficiency individuals, etc.), Ethnic or Minority Communities","English, Spanish",Collective action,No. Our services are offered free of cost.,12/17/25 11:10
MNC INSPIRING SUCCESS,362 CAPP STREET,,CA,94110,'+14152067750,https://WWW.MNCSF.ORG,JOANA MATTERO,ASSOCIATE DIRECTOR,joana.mattero@mncsf.org,"Business, Community Anchor Institution, Government or Public Organization, Private Sector and Non-Governmental Organizations",,"Digital navigation (in-person or virtual/call center), Digital literacy & skills training, Technical support, Computer center(s)",Specific public or affordable housing development/building,,,In-Person,,,,'+14152067750,MONDAY-SATURDAY 9AM-5PM,https://WWW.MNCSF.ORG,,,'+14152067750,MONDAY-SATURDAY 9AM-5PM,https://WWW.MNCSF.ORG,,,'+14152067750,MONDAY-SATURDAY 9AM-5PM,https://WWW.MNCSF.ORG,,,'+14152067750,MONDAY-SATURDAY 9AM-5PM,https://WWW.MNCSF.ORG,,,'+14152067750,MONDAY-SATURDAY 9AM-5PM,https://WWW.MNCSF.ORG,No. Our services are offered free of cost.,"Yes, Aging Individuals (Age 60+), Veterans, Individuals with Disabilities, Individuals with Language Barriers (Limited English Proficiency individuals, etc.), Ethnic or Minority Communities","English, Spanish",Collective action,No. Our services are offered free of cost.,12/17/25 11:10
Southern California Association of Governments,Virtual,,,,'+12136301508,https://scag.ca.gov/,Roland Ok,Planning Supervisor,ok@scag.ca.gov,"Business, Community Anchor Institution, Government or Public Organization, Private Sector and Non-Governmental Organizations",,Technical support,County-wide or across multiple counties,"Imperial, Los Angeles, Orange, Riverside, San Bernardino, Ventura",,Virtually,https://scag.ca.gov/broadband,,,,,,,,,,,,,,,,,,,,,,,,,,No. Our services are offered free of cost.,"Yes, Aging Individuals (Age 60+), Incarcerated Individuals, Veterans, Individuals with Disabilities, Individuals with Language Barriers (Limited English Proficiency individuals, etc.), Ethnic or Minority Communities, Rural Communities",English,Information sharing,No. Our services are offered free of cost.,12/17/25 10:37
Community Living Campaign,Virtual,,,,'+14158211003,https://sfcommunityliving.org/,Andy Burns,Senior Director of Programs,andy@sfcommunityliving.org,"Business, Community Anchor Institution, Government or Public Organization, Private Sector and Non-Governmental Organizations",,"Locating low-cost internet service programs, Digital navigation (in-person or virtual/call center), Digital literacy & skills training, Technical support, Public Wi-Fi, Computer center(s)",County-wide or across multiple counties,San Francisco,,Virtually,https://sfcommunityliving.org/events/list/?tribe_eventcategory%5B0%5D=6,,,,,,,,,,,,,,,,,,,,,,,,,,No. Our services are offered free of cost.,"Yes, Aging Individuals (Age 60+), Individuals with Disabilities","English, Spanish, Cantonese","Partnership opportunities, Information sharing",No. Our services are offered free of cost.,12/17/25 9:28
Community Living Campaign,1663 Mission St,San Francisco,CA,94103,'+14158211003,https://sfcommunityliving.org/,Andy Burns,Senior Director of Programs,andy@sfcommunityliving.org,"Business, Community Anchor Institution, Government or Public Organization, Private Sector and Non-Governmental Organizations",,"Locating low-cost internet service programs, Digital navigation (in-person or virtual/call center), Digital literacy & skills training, Technical support, Public Wi-Fi, Computer center(s)",County-wide or across multiple counties,San Francisco,,In-Person,,,,,Varies,https://sfcommunityliving.org/events/list/?tribe_eventcategory%5B0%5D=6,,,,Varies,https://sfcommunityliving.org/events/list/?tribe_eventcategory%5B0%5D=6,,,,Varies,https://sfcommunityliving.org/events/list/?tribe_eventcategory%5B0%5D=6,,,,Varies,https://sfcommunityliving.org/events/list/?tribe_eventcategory%5B0%5D=6,,,,Varies,https://sfcommunityliving.org/events/list/?tribe_eventcategory%5B0%5D=6,No. Our services are offered free of cost.,"Yes, Aging Individuals (Age 60+), Individuals with Disabilities","English, Spanish, Cantonese","Partnership opportunities, Information sharing",No. Our services are offered free of cost.,12/17/25 9:28
The Arc San Francisco,Virtual,,,,'+14152557200,https://www.thearcsf.org,Jason McMonagle,Grants Manager,jmcmonagle@thearcsf.org,"Business, Community Anchor Institution, Government or Public Organization, Private Sector and Non-Governmental Organizations",,"Locating low-cost internet service programs, Enrollment assistance in low-cost internet service programs, Digital navigation (in-person or virtual/call center), Digital literacy & skills training, Technical support, Free/Low-cost devices, Online educational resources, Workforce development resources",County-wide or across multiple counties,"Marin, San Francisco, San Mateo",,Virtually,https://www.thearcsfhub.org,,,,,,,,,,,,,,,,,,,,,,,,,,No. Our services are offered free of cost.,"Yes, Aging Individuals (Age 60+), Individuals with Disabilities, Individuals with Language Barriers (Limited English Proficiency individuals, etc.), Ethnic or Minority Communities, Other","English, Spanish, Tagalog, Mandarin, Vietnamese, Cantonese, Russian, Other","Digital equity grant writing, Train-the-trainer, Partnership opportunities, Information sharing, Other",No. Our services are offered free of cost.,12/17/25 9:11
The Arc San Francisco,1500 Howard Street,San Francisco,CA,94103,'+14152557200,https://www.thearcsf.org,Jason McMonagle,Grants Manager,jmcmonagle@thearcsf.org,"Business, Community Anchor Institution, Government or Public Organization, Private Sector and Non-Governmental Organizations",,"Locating low-cost internet service programs, Enrollment assistance in low-cost internet service programs, Digital navigation (in-person or virtual/call center), Digital literacy & skills training, Technical support, Free/Low-cost devices, Online educational resources, Workforce development resources",County-wide or across multiple counties,"Marin, San Francisco, San Mateo",,In-Person,,,San Francisco,'+14152557200,"9:00 AM - 7:00 PM (varies by program, with some starting at 10:00 AM)",https://www.thearcsf.org,,San Francisco,'+14152557200,"9:00 AM - 7:00 PM (varies by program, with some starting at 10:00 AM)",https://www.thearcsf.org,,San Francisco,'+14152557200,"9:00 AM - 7:00 PM (varies by program, with some starting at 10:00 AM)",https://www.thearcsf.org,,San Francisco,'+14152557200,"9:00 AM - 7:00 PM (varies by program, with some starting at 10:00 AM)",https://www.thearcsf.org,,San Francisco,'+14152557200,"9:00 AM - 7:00 PM (varies by program, with some starting at 10:00 AM)",https://www.thearcsf.org,No. Our services are offered free of cost.,"Yes, Aging Individuals (Age 60+), Individuals with Disabilities, Individuals with Language Barriers (Limited English Proficiency individuals, etc.), Ethnic or Minority Communities, Other","English, Spanish, Tagalog, Mandarin, Vietnamese, Cantonese, Russian, Other","Digital equity grant writing, Train-the-trainer, Partnership opportunities, Information sharing, Other",No. Our services are offered free of cost.,12/17/25 9:11
San Diego Futures Foundation,Virtual,,,,'+16195009330,https://sdfutures.org/,Brandon Harrison,Executive Director,brandon@sdfutures.org,"Business, Community Anchor Institution, Government or Public Organization, Private Sector and Non-Governmental Organizations",,"Digital literacy & skills training, Technical support, Free/Low-cost devices",City-wide or across multiple cities,San Diego,,Virtually,https://sdfutures.org/digital-skills-classes-1,,,,,,,,,,,,,,,,,,,,,,,,,,No. Our services are offered free of cost.,"Yes, Aging Individuals (Age 60+), Veterans, Individuals with Disabilities, Individuals with Language Barriers (Limited English Proficiency individuals, etc.), Ethnic or Minority Communities","English, Spanish, Russian","Train-the-trainer, Partnership opportunities, Information sharing, Other",No. Our services are offered free of cost.,12/17/25 9:11
San Diego Futures Foundation,4283 El Cajon Blvd. Suite 220,San Diego,CA,92105,'+16195009330,https://sdfutures.org/,Brandon Harrison,Executive Director,brandon@sdfutures.org,"Business, Community Anchor Institution, Government or Public Organization, Private Sector and Non-Governmental Organizations",,"Digital literacy & skills training, Technical support, Free/Low-cost devices",City-wide or across multiple cities,San Diego,,In-Person,,,San Diego,'+16195009330,9am-4pm,https://sdfutures.org/digital-skills-classes-1,,San Diego,'+16195009330,9am-4pm,https://sdfutures.org/digital-skills-classes-1,,San Diego,'+16195009330,9am-4pm,https://sdfutures.org/digital-skills-classes-1,,San Diego,'+16195009330,9am-4pm,https://sdfutures.org/digital-skills-classes-1,,San Diego,'+16195009330,9am-4pm,https://sdfutures.org/digital-skills-classes-1,No. Our services are offered free of cost.,"Yes, Aging Individuals (Age 60+), Veterans, Individuals with Disabilities, Individuals with Language Barriers (Limited English Proficiency individuals, etc.), Ethnic or Minority Communities","English, Spanish, Russian","Train-the-trainer, Partnership opportunities, Information sharing, Other",No. Our services are offered free of cost.,12/17/25 9:11
San Diego Futures Foundation,4283 El Cajon Blvd,San Diego,CA,92105,'+16195009330,https://sdfutures.org/,Brandon Harrison,Executive Director,brandon@sdfutures.org,"Business, Community Anchor Institution, Government or Public Organization, Private Sector and Non-Governmental Organizations",,"Digital literacy & skills training, Technical support, Free/Low-cost devices",City-wide or across multiple cities,San Diego,,In-Person,,7 different locations. deem@state.ca.gov for instructions for bulk upload.,,,,,7 different locations. deem@state.ca.gov for instructions for bulk upload.,,,,,7 different locations. deem@state.ca.gov for instructions for bulk upload.,,,,,7 different locations. deem@state.ca.gov for instructions for bulk upload.,,,,,7 different locations. deem@state.ca.gov for instructions for bulk upload.,,,,,No. Our services are offered free of cost.,"Yes, Aging Individuals (Age 60+), Veterans, Individuals with Disabilities, Individuals with Language Barriers (Limited English Proficiency individuals, etc.), Ethnic or Minority Communities","English, Spanish, Russian","Train-the-trainer, Partnership opportunities, Information sharing, Other",No. Our services are offered free of cost.,12/17/25 9:11
CENIC,Virtual,,,,'+17142203438,https://cenic.org/,Sherilyn Evans,"SVP & Sr Advisor, Digital Equity & Access",sevans@cenic.org,"Business, Community Anchor Institution, Government or Public Organization, Private Sector and Non-Governmental Organizations",,Technical support,Statewide,,,Virtually,https://cenic.org/,,,,,,,,,,,,,,,,,,,,,,,,,,Yes. We charge a fee for our services and it’s more than $25.,Yes,English,"Partnership opportunities, Collective action, Information sharing, Other",Yes. We charge a fee for our services.,12/17/25 9:07
San Francisco Tech Council,"c/o Community Living Campaign, 1663 Mission Street",San Francisco,CA,94103,'+14158211003,https://www.sftechcouncil.org,Andrew Broderick,Co-Director,andrew@sftechcouncil.org,"Business, Community Anchor Institution, Government or Public Organization, Private Sector and Non-Governmental Organizations",,"Enrollment assistance in low-cost internet service programs, Digital literacy & skills training, Technical support",City-wide or across multiple cities,San Francisco,,In-Person,,,,,,,,,,,,,,,,,,,,,,,,,,,No. Our services are offered free of cost.,"Yes, Aging Individuals (Age 60+), Individuals with Disabilities","English, Spanish, Tagalog, Mandarin, Vietnamese, Cantonese, Russian","Digital equity grant writing, Partnership opportunities, Collective action, Information sharing",No. Our services are offered free of cost.,12/16/25 21:47
Computers 2 Kids,Virtual,,,,'+18582009790,https://www.c2k.org,Cheri Pierre,CEO,info@c2k.org,"Business, Community Anchor Institution, Government or Public Organization, Private Sector and Non-Governmental Organizations",,"Locating low-cost internet service programs, Enrollment assistance in low-cost internet service programs, Digital navigation (in-person or virtual/call center), Digital literacy & skills training, Technical support, Free/Low-cost devices, Online educational resources, Workforce development resources",Statewide,,,Virtually,https://www.c2k.org,,,,,,,,,,,,,,,,,,,,,,,,,,Yes. We charge a fee for our services and it’s more than $25.,"Yes, Aging Individuals (Age 60+), Incarcerated Individuals, Veterans, Individuals with Disabilities, Individuals with Language Barriers (Limited English Proficiency individuals, etc.), Ethnic or Minority Communities, Rural Communities","English, Spanish","Mutual aid (financial), Partnership opportunities, Collective action, Information sharing",No. Our services are offered free of cost.,12/16/25 16:06
Computers 2 Kids,8324 Miramar Mall,San Diego,CA,92121,'+18582009790,https://www.c2k.org,Cheri Pierre,CEO,info@c2k.org,"Business, Community Anchor Institution, Government or Public Organization, Private Sector and Non-Governmental Organizations",,"Locating low-cost internet service programs, Enrollment assistance in low-cost internet service programs, Digital navigation (in-person or virtual/call center), Digital literacy & skills training, Technical support, Free/Low-cost devices, Online educational resources, Workforce development resources",Statewide,,,In-Person,,,San Diego,'+18582009788,"9-5:30 Monday - Friday, 9:4 Saturdays",https://c2k.org/programs-services/,,San Diego,'+18582009788,"9-5:30 Monday - Friday, 9:4 Saturdays",https://c2k.org/programs-services/,,San Diego,'+18582009788,"9-5:30 Monday - Friday, 9:4 Saturdays",https://c2k.org/programs-services/,,San Diego,'+18582009788,"9-5:30 Monday - Friday, 9:4 Saturdays",https://c2k.org/programs-services/,,San Diego,'+18582009788,"9-5:30 Monday - Friday, 9:4 Saturdays",https://c2k.org/programs-services/,Yes. We charge a fee for our services and it’s more than $25.,"Yes, Aging Individuals (Age 60+), Incarcerated Individuals, Veterans, Individuals with Disabilities, Individuals with Language Barriers (Limited English Proficiency individuals, etc.), Ethnic or Minority Communities, Rural Communities","English, Spanish","Mutual aid (financial), Partnership opportunities, Collective action, Information sharing",No. Our services are offered free of cost.,12/16/25 16:06
Senior Tech Connect,Virtual,,,,'+15164920170,https://www.srtechconnect.com,Cole Samaroo,CEO / Co-Founder,coles@srtechconnect.com,"Business, Community Anchor Institution, Government or Public Organization, Private Sector and Non-Governmental Organizations",,"Digital navigation (in-person or virtual/call center), Digital literacy & skills training, Technical support, Online educational resources, Workforce development resources",County-wide or across multiple counties,"Orange, San Diego",,Virtually,https://www.eventbrite.com/o/senior-tech-connect-114531631381,,,,,,,,,,,,,,,,,,,,,,,,,,No. Our services are offered free of cost.,"Yes, Aging Individuals (Age 60+), Veterans, Individuals with Disabilities, Individuals with Language Barriers (Limited English Proficiency individuals, etc.), Ethnic or Minority Communities, Rural Communities","English, Spanish, Tagalog","Organizational training, Train-the-trainer, Partnership opportunities",Yes. We charge a fee for our services.,12/16/25 14:45
Senior Tech Connect,3302 Village Commercial Dr,Oceanside,CA,92056,'+15164920170,https://www.srtechconnect.com,Cole Samaroo,CEO / Co-Founder,coles@srtechconnect.com,"Business, Community Anchor Institution, Government or Public Organization, Private Sector and Non-Governmental Organizations",,"Digital navigation (in-person or virtual/call center), Digital literacy & skills training, Technical support, Online educational resources, Workforce development resources",County-wide or across multiple counties,"Orange, San Diego",,In-Person,,,Oceanside,'+15164920170,9am-5pm,,,Oceanside,'+15164920170,9am-5pm,,,Oceanside,'+15164920170,9am-5pm,,,Oceanside,'+15164920170,9am-5pm,,,Oceanside,'+15164920170,9am-5pm,,No. Our services are offered free of cost.,"Yes, Aging Individuals (Age 60+), Veterans, Individuals with Disabilities, Individuals with Language Barriers (Limited English Proficiency individuals, etc.), Ethnic or Minority Communities, Rural Communities","English, Spanish, Tagalog","Organizational training, Train-the-trainer, Partnership opportunities",Yes. We charge a fee for our services.,12/16/25 14:45
Digital Equity Coalition for Santa Barbara County,Virtual,,,,'+18059631873,https://sbcdec.org,Beatriz Garcia,Director of Strategic Initiatives and Partnerships,bgarcia@sbfoundation.org,"Business, Community Anchor Institution, Government or Public Organization, Private Sector and Non-Governmental Organizations",,"Locating low-cost internet service programs, Enrollment assistance in low-cost internet service programs, Digital navigation (in-person or virtual/call center), Digital literacy & skills training, Technical support, Free/Low-cost devices, Free/Low-cost hotspots, Public Wi-Fi, Computer center(s), Online educational resources, Workforce development resources",County-wide or across multiple counties,Santa Barbara,,Virtually,https://sbcdec.org,,,,,,,,,,,,,,,,,,,,,,,,,,No. Our services are offered free of cost.,"Yes, Aging Individuals (Age 60+), Incarcerated Individuals, Veterans, Individuals with Disabilities, Individuals with Language Barriers (Limited English Proficiency individuals, etc.), Ethnic or Minority Communities, Rural Communities","English, Spanish","Organizational training, Partnership opportunities, Collective action, Information sharing",No. Our services are offered free of cost.,12/16/25 14:14
Broadband Consortium Pacific Coast,Virtual,,,,'+18054099159,https://pcbroadband.org,Shelby Arthur,Tri-County Coordinator,shelby@edcollaborative.com,"Business, Community Anchor Institution, Government or Public Organization, Private Sector and Non-Governmental Organizations",,Locating low-cost internet service programs,County-wide or across multiple counties,"San Luis Obispo, Santa Barbara, Ventura",,Virtually,https://pcbroadband.org,,,,,,,,,,,,,,,,,,,,,,,,,,No. Our services are offered free of cost.,"Yes, Aging Individuals (Age 60+), Incarcerated Individuals, Veterans, Individuals with Disabilities, Individuals with Language Barriers (Limited English Proficiency individuals, etc.), Ethnic or Minority Communities, Rural Communities",English,"Organizational training, Partnership opportunities, Collective action, Information sharing, Other",No. Our services are offered free of cost.,12/16/25 14:05
Alliance for a Better Community,201 S. Figueroa Street,Los Angeles,CA,90012,'+12132672144,https://afabc.org,Erika Cervantes,Director of Policy & Advocacy,erika@afabc.org,"Business, Community Anchor Institution, Government or Public Organization, Private Sector and Non-Governmental Organizations",,Digital literacy & skills training,County-wide or across multiple counties,Los Angeles,,In-Person,,,,,,,,,,,,,,,,,,,,,,,,,,,No. Our services are offered free of cost.,"Yes, Aging Individuals (Age 60+), Individuals with Language Barriers (Limited English Proficiency individuals, etc.), Ethnic or Minority Communities","English, Spanish","Partnership opportunities, Collective action, Information sharing",No. Our services are offered free of cost.,12/16/25 13:34
Truconnected,Virtual,,,,'+13102954302,https://truconnected.org/,Kaye Kuye,Founder,kaye@truconnected.org,"Business, Community Anchor Institution, Government or Public Organization, Private Sector and Non-Governmental Organizations",,"Locating low-cost internet service programs, Enrollment assistance in low-cost internet service programs, Digital navigation (in-person or virtual/call center), Digital literacy & skills training, Technical support, Free/Low-cost devices, Free/Low-cost hotspots, Computer center(s), Online educational resources, Workforce development resources",Statewide,,,Virtually,https://truconnected.org/,,,,,,,,,,,,,,,,,,,,,,,,,,Yes. We charge a fee for our services and it’s less than $25.,"Yes, Aging Individuals (Age 60+), Incarcerated Individuals, Veterans, Individuals with Disabilities, Individuals with Language Barriers (Limited English Proficiency individuals, etc.), Ethnic or Minority Communities, Rural Communities","English, Spanish","Digital equity grant writing, Partnership opportunities, Collective action",Yes. We charge a fee for our services.,12/16/25 13:09
"City of San Diego, SD Access4All",330 Park Blvd,San Diego,CA,92101,'+16192012013,https://sandiego.gov/sdaccess,Maiten Mowreader-Utreras,SD Access4All Program Coordinator,maitenm@sandiego.gov,"Business, Community Anchor Institution, Government or Public Organization, Private Sector and Non-Governmental Organizations",,"Locating low-cost internet service programs, Enrollment assistance in low-cost internet service programs, Digital navigation (in-person or virtual/call center), Digital literacy & skills training, Technical support, Free/Low-cost devices, Free/Low-cost hotspots, Public Wi-Fi, Computer center(s), Online educational resources, Workforce development resources",City-wide or across multiple cities,San Diego,,In-Person,,,San Diego,'+18003506945,"Monday-Saturday, hours vary",https://sandiego.gov/sdaccess,,San Diego,'+18003506945,"Monday-Saturday, hours vary",https://sandiego.gov/sdaccess,,San Diego,'+18003506945,"Monday-Saturday, hours vary",https://sandiego.gov/sdaccess,,San Diego,'+18003506945,"Monday-Saturday, hours vary",https://sandiego.gov/sdaccess,,San Diego,'+18003506945,"Monday-Saturday, hours vary",https://sandiego.gov/sdaccess,No. Our services are offered free of cost.,"Yes, Aging Individuals (Age 60+), Incarcerated Individuals, Veterans, Individuals with Disabilities, Individuals with Language Barriers (Limited English Proficiency individuals, etc.), Ethnic or Minority Communities","English, Spanish, Tagalog, Arabic, French",,No. Our services are offered free of cost.,12/16/25 11:14
LA County Department of Public Health Office of Women's health,Virtual,,,,'+16262932600,http://publichealth.lacounty.gov/owh/,Patricia Hernandez,Program Manager,phernandez@ph.lacounty.gov,"Business, Community Anchor Institution, Government or Public Organization, Private Sector and Non-Governmental Organizations",,"Digital navigation (in-person or virtual/call center), Online educational resources",County-wide or across multiple counties,Los Angeles,,Virtually,,,,,,,,,,,,,,,,,,,,,,,,,,,No. Our services are offered free of cost.,"Yes, Aging Individuals (Age 60+), Incarcerated Individuals, Veterans, Individuals with Disabilities, Individuals with Language Barriers (Limited English Proficiency individuals, etc.), Ethnic or Minority Communities, Rural Communities","English, Spanish","Organizational training, Train-the-trainer, Partnership opportunities, Collective action, Information sharing",No. Our services are offered free of cost.,12/16/25 10:36
LA County Department of Public Health Office of Women's health,1000 S. Fremont Ave.,Alhambra,CA,91803,'+16262932600,http://publichealth.lacounty.gov/owh/,Patricia Hernandez,Program Manager,phernandez@ph.lacounty.gov,"Business, Community Anchor Institution, Government or Public Organization, Private Sector and Non-Governmental Organizations",,"Digital navigation (in-person or virtual/call center), Online educational resources",County-wide or across multiple counties,Los Angeles,,In-Person,,,,,,,,,,,,,,,,,,,,,,,,,,,No. Our services are offered free of cost.,"Yes, Aging Individuals (Age 60+), Incarcerated Individuals, Veterans, Individuals with Disabilities, Individuals with Language Barriers (Limited English Proficiency individuals, etc.), Ethnic or Minority Communities, Rural Communities","English, Spanish","Organizational training, Train-the-trainer, Partnership opportunities, Collective action, Information sharing",No. Our services are offered free of cost.,12/16/25 10:36
Contra Costa County Library,Virtual,,,,'+19256087700,https://ccclib.org/,Alison McKee,County Librarian,alison.mckee@library.cccounty.us,"Business, Community Anchor Institution, Government or Public Organization, Private Sector and Non-Governmental Organizations",,"Digital navigation (in-person or virtual/call center), Digital literacy & skills training, Technical support, Free/Low-cost hotspots, Public Wi-Fi, Computer center(s), Online educational resources, Workforce development resources",County-wide or across multiple counties,Contra Costa,,Virtually,https://ccclib.org/,,,,,,,,,,,,,,,,,,,,,,,,,,No. Our services are offered free of cost.,"Yes, Aging Individuals (Age 60+), Incarcerated Individuals, Veterans, Individuals with Disabilities, Individuals with Language Barriers (Limited English Proficiency individuals, etc.), Ethnic or Minority Communities, Rural Communities","English, Spanish, Tagalog, Mandarin, Vietnamese, Korean, Cantonese, Farsi, Hindi, Russian",,No. Our services are offered free of cost.,12/15/25 13:19
Contra Costa County Library,See attachment for bulk upload,,,,'+19256087700,https://ccclib.org/,Alison McKee,County Librarian,alison.mckee@library.cccounty.us,"Business, Community Anchor Institution, Government or Public Organization, Private Sector and Non-Governmental Organizations",,"Digital navigation (in-person or virtual/call center), Digital literacy & skills training, Technical support, Free/Low-cost hotspots, Public Wi-Fi, Computer center(s), Online educational resources, Workforce development resources",County-wide or across multiple counties,Contra Costa,,In-Person,,,,,,,,,,,,,,,,,,,,,,,,,,,No. Our services are offered free of cost.,"Yes, Aging Individuals (Age 60+), Incarcerated Individuals, Veterans, Individuals with Disabilities, Individuals with Language Barriers (Limited English Proficiency individuals, etc.), Ethnic or Minority Communities, Rural Communities","English, Spanish, Tagalog, Mandarin, Vietnamese, Korean, Cantonese, Farsi, Hindi, Russian",,No. Our services are offered free of cost.,12/15/25 13:19
Fresno EOC: Access to Technology,1805 E California,Fresno,CA,93706,'+15592638911,https://fresnoeoc.org/,Tyus Bloom,Program Coordinator,tyus.bloom@fresnoeoc.org,"Business, Community Anchor Institution, Government or Public Organization, Private Sector and Non-Governmental Organizations",,"Digital literacy & skills training, Technical support, Online educational resources",County-wide or across multiple counties,"Fresno, Madera",,In-Person,,,Fresno,'+15592638911,5-Aug,,,Fresno,'+15592638911,5-Aug,,,Fresno,'+15592638911,5-Aug,,,Fresno,'+15592638911,5-Aug,,,Fresno,'+15592638911,5-Aug,,No. Our services are offered free of cost.,"Yes, Aging Individuals (Age 60+), Rural Communities","English, Spanish, Other",,No. Our services are offered free of cost.,12/15/25 8:11
Economic Development Collaborative Ventura County,Virtual,,,,'+18054099142,https://edcollaborative.com,Jaime Fall,Workforce and Economic Strategies Director,jaime@edcollaborative.com,"Business, Community Anchor Institution, Government or Public Organization, Private Sector and Non-Governmental Organizations",,Digital literacy & skills training,County-wide or across multiple counties,"Santa Barbara, Ventura",,Virtually,https://digital-upskilling.edcollaborative.com/,,,,,,,,,,,,,,,,,,,,,,,,,,No. Our services are offered free of cost.,"Yes, Aging Individuals (Age 60+), Individuals with Language Barriers (Limited English Proficiency individuals, etc.), Ethnic or Minority Communities, Rural Communities","English, Spanish","Train-the-trainer, Partnership opportunities",No. Our services are offered free of cost.,12/13/25 15:18
Computers for Classrooms inc.,411 Otterson Drive,Chico,CA,95928,'+15308954175,https://Computersforclassrooms.org,Louis Davis,CEO,chico@computersforclassrooms.org,"Business, Community Anchor Institution, Government or Public Organization, Private Sector and Non-Governmental Organizations",,"Locating low-cost internet service programs, Technical support, Free/Low-cost devices",Statewide,,,In-Person,,,Chico,'+15308954175,Monday through Friday from 9 am to 4 pm,https://ComputersforClassrooms.org,,Chico,'+15308954175,Monday through Friday from 9 am to 4 pm,https://ComputersforClassrooms.org,,Chico,'+15308954175,Monday through Friday from 9 am to 4 pm,https://ComputersforClassrooms.org,,Chico,'+15308954175,Monday through Friday from 9 am to 4 pm,https://ComputersforClassrooms.org,,Chico,'+15308954175,Monday through Friday from 9 am to 4 pm,https://ComputersforClassrooms.org,Yes. We charge a fee for our services and it’s less than $25.,"Yes, Aging Individuals (Age 60+), Veterans, Individuals with Disabilities, Ethnic or Minority Communities, Rural Communities, Other","English, Spanish","Partnership opportunities, Information sharing",Yes. We charge a fee for our services.,12/12/25 14:53
"Riverside County, RivcoConnect Tech on Wheels",3450 14th Street,Riverside,CA,92501,'+19519551850,https://rivcoconnect.org/,Tom Mullen,"Director, Broadband Services",tmullen@rivco.org,"Business, Community Anchor Institution, Government or Public Organization, Private Sector and Non-Governmental Organizations",,"Locating low-cost internet service programs, Enrollment assistance in low-cost internet service programs, Digital navigation (in-person or virtual/call center), Digital literacy & skills training, Free/Low-cost devices, Public Wi-Fi, Online educational resources",County-wide or across multiple counties,Riverside,,In-Person,,,,,,https://rivcoconnect.org,,,,,https://rivcoconnect.org,,,,,https://rivcoconnect.org,,,,,https://rivcoconnect.org,,,,,https://rivcoconnect.org,No. Our services are offered free of cost.,"Yes, Aging Individuals (Age 60+), Veterans, Individuals with Disabilities, Individuals with Language Barriers (Limited English Proficiency individuals, etc.), Ethnic or Minority Communities, Rural Communities, Other","English, Spanish, Arabic",Other,No. Our services are offered free of cost.,12/12/25 14:16
Destination Crenshaw,5444 Crenshaw Blvd. #100,Los Angeles,CA,90043,'+13236784917,https://www.DestinationCrenshaw.la,Jason Foster,President & CEO,jason@destinationcrenshaw.la,"Business, Community Anchor Institution, Government or Public Organization, Private Sector and Non-Governmental Organizations",,"Locating low-cost internet service programs, Digital literacy & skills training, Free/Low-cost devices, Free/Low-cost hotspots, Public Wi-Fi, Workforce development resources",City-wide or across multiple cities,Los Angeles,,In-Person,,,Los Angeles,'+13236784917,10 am - 4 pm,,,Los Angeles,'+13236784917,10 am - 4 pm,,,Los Angeles,'+13236784917,10 am - 4 pm,,,Los Angeles,'+13236784917,10 am - 4 pm,,,Los Angeles,'+13236784917,10 am - 4 pm,,No. Our services are offered free of cost.,"Yes, Ethnic or Minority Communities","English, Spanish","Digital equity grant writing, Organizational training, Mutual aid (financial), Partnership opportunities",Yes. We charge a fee for our services.,12/12/25 10:37
Bridge The Digital Divide,Virtual,,,,'+13109990001,https://www.bridgela.org,Mimi Shakima Namanda,Program Manager,mimi@bridgela.org,"Business, Community Anchor Institution, Government or Public Organization, Private Sector and Non-Governmental Organizations",,"Digital navigation (in-person or virtual/call center), Digital literacy & skills training, Technical support, Free/Low-cost devices, Public Wi-Fi, Computer center(s), Online educational resources",City-wide or across multiple cities,Los Angeles,,Virtually,https://meet.google.com/boa-kppm-thn,,,,,,,,,,,,,,,,,,,,,,,,,,No. Our services are offered free of cost.,"Yes, Aging Individuals (Age 60+), Incarcerated Individuals, Individuals with Disabilities, Ethnic or Minority Communities, Rural Communities, Other","English, Spanish","Train-the-trainer, Partnership opportunities, Information sharing",Yes. We charge a fee for our services.,12/11/25 15:29
Area 1 Agency on Aging,1765 Northcrest Drive,Crescent City,CA,95531,'+17073240623,https://www.a1aa.org,Abby Holloway,Social Services Coordinator,aholloway@a1aa.org,"Business, Community Anchor Institution, Government or Public Organization, Private Sector and Non-Governmental Organizations",,"Digital literacy & skills training, Technical support, Public Wi-Fi",County-wide or across multiple counties,Del Norte,,In-Person,,,Crescent City,,,,,Crescent City,,,,,Crescent City,,,,,Crescent City,,,,,Crescent City,,,,No. Our services are offered free of cost.,"Yes, Aging Individuals (Age 60+), Rural Communities",English,Partnership opportunities,No. Our services are offered free of cost.,12/11/25 14:26
Area 1 Agency on Aging,171 Klamath Blvd,Klamath,CA,95548,'+17073240623,https://www.a1aa.org,Abby Holloway,Social Services Coordinator,aholloway@a1aa.org,"Business, Community Anchor Institution, Government or Public Organization, Private Sector and Non-Governmental Organizations",,"Digital literacy & skills training, Technical support, Public Wi-Fi",County-wide or across multiple counties,Del Norte,,In-Person,,Redwood Hotel and Casino,Klamath,,,,Redwood Hotel and Casino,Klamath,,,,Redwood Hotel and Casino,Klamath,,,,Redwood Hotel and Casino,Klamath,,,,Redwood Hotel and Casino,Klamath,,,,No. Our services are offered free of cost.,"Yes, Aging Individuals (Age 60+), Rural Communities",English,Partnership opportunities,No. Our services are offered free of cost.,12/11/25 14:26
Area 1 Agency on Aging,333 J Street,Eureka,CA,95501,'+17073240623,https://www.a1aa.org,Abby Holloway,Social Services Coordinator,aholloway@a1aa.org,"Business, Community Anchor Institution, Government or Public Organization, Private Sector and Non-Governmental Organizations",,"Digital literacy & skills training, Technical support, Public Wi-Fi",County-wide or across multiple counties,Del Norte,,In-Person,,A1AA,Eureka,,,,A1AA,Eureka,,,,A1AA,Eureka,,,,A1AA,Eureka,,,,A1AA,Eureka,,,,No. Our services are offered free of cost.,"Yes, Aging Individuals (Age 60+), Rural Communities",English,Partnership opportunities,No. Our services are offered free of cost.,12/11/25 14:26
San Diego Futures Foundation,Virtual,,,,'+16195009330,https://sdfutures.org/,Teresa Valenzuela,Community Relations Manager,teresa@sdfutures.org,"Business, Community Anchor Institution, Government or Public Organization, Private Sector and Non-Governmental Organizations",,"Digital literacy & skills training, Free/Low-cost devices, Computer center(s), Workforce development resources",City-wide or across multiple cities,San Diego,,Virtually,https://sdfutures.org/,,,,,,,,,,,,,,,,,,,,,,,,,,Yes. We charge a fee for our services and it’s more than $25.,"Yes, Aging Individuals (Age 60+), Incarcerated Individuals, Veterans, Individuals with Disabilities, Individuals with Language Barriers (Limited English Proficiency individuals, etc.), Ethnic or Minority Communities, Rural Communities, Other","English, Spanish, Vietnamese, Farsi, Arabic, Russian, Punjabi","Organizational training, Train-the-trainer, Partnership opportunities, Collective action, Information sharing",Yes. We charge a fee for our services.,12/11/25 12:50
San Diego Futures Foundation,4283 El Cajon Blvd. Ste. 220,4283 El Cajon Blvd. Ste 140,CA,92105,'+16195009330,https://sdfutures.org/,Teresa Valenzuela,Community Relations Manager,teresa@sdfutures.org,"Business, Community Anchor Institution, Government or Public Organization, Private Sector and Non-Governmental Organizations",,"Digital literacy & skills training, Free/Low-cost devices, Computer center(s), Workforce development resources",City-wide or across multiple cities,San Diego,,In-Person,,,,,,https://sdfutures.org/digital-skills-classes-1,,,,,https://sdfutures.org/digital-skills-classes-1,,,,,https://sdfutures.org/digital-skills-classes-1,,,,,https://sdfutures.org/digital-skills-classes-1,,,,,https://sdfutures.org/digital-skills-classes-1,Yes. We charge a fee for our services and it’s more than $25.,"Yes, Aging Individuals (Age 60+), Incarcerated Individuals, Veterans, Individuals with Disabilities, Individuals with Language Barriers (Limited English Proficiency individuals, etc.), Ethnic or Minority Communities, Rural Communities, Other","English, Spanish, Vietnamese, Farsi, Arabic, Russian, Punjabi","Organizational training, Train-the-trainer, Partnership opportunities, Collective action, Information sharing",Yes. We charge a fee for our services.,12/11/25 12:50
CITY OF MAYWOOD,4319 SLAUSON AVE,MAYWOOD,CA,90270,'+13235625700,https://CITYOFMAYWOOD.COM,JOHN THORNTON,COMMUNITY SERVICES SUPERVISOR,john.thornton@cityofmaywood.org,"Business, Community Anchor Institution, Government or Public Organization, Private Sector and Non-Governmental Organizations",,"Digital navigation (in-person or virtual/call center), Digital literacy & skills training, Free/Low-cost devices, Computer center(s), Online educational resources, Workforce development resources",City-wide or across multiple cities,Los Angeles,,In-Person,,,MAYWOOD,'+13235625700,8AM - 5PM,https://CITYOFMAYWOOD.COM,,MAYWOOD,'+13235625700,8AM - 5PM,https://CITYOFMAYWOOD.COM,,MAYWOOD,'+13235625700,8AM - 5PM,https://CITYOFMAYWOOD.COM,,MAYWOOD,'+13235625700,8AM - 5PM,https://CITYOFMAYWOOD.COM,,MAYWOOD,'+13235625700,8AM - 5PM,https://CITYOFMAYWOOD.COM,No. Our services are offered free of cost.,"Yes, Other",Spanish,Partnership opportunities,No. Our services are offered free of cost.,12/11/25 10:46
Colunga & Associates LLC,Virtual,,,,'+15626190341,https://www.tracycolunga.com,Tracy M. Colunga,CEO,tracy.colunga@tracycolunga.com,"Business, Community Anchor Institution, Government or Public Organization, Private Sector and Non-Governmental Organizations",,"Digital literacy & skills training, Technical support, Online educational resources, Workforce development resources",Statewide,,,Virtually,https://www.tracycolunga.com,,,,,,,,,,,,,,,,,,,,,,,,,,Yes. We charge a fee for our services and it’s less than $25.,"Yes, Aging Individuals (Age 60+), Incarcerated Individuals, Veterans, Individuals with Disabilities, Individuals with Language Barriers (Limited English Proficiency individuals, etc.), Ethnic or Minority Communities","English, Spanish, Tagalog, Khmer","Digital equity grant writing, Organizational training, Train-the-trainer, Collective action, Information sharing",Yes. We charge a fee for our services.,12/11/25 10:44
Colunga & Associates LLC,668 Obispo Avenue,Long Beach,CA,90815,'+15626190341,https://www.tracycolunga.com,Tracy M. Colunga,CEO,tracy.colunga@tracycolunga.com,"Business, Community Anchor Institution, Government or Public Organization, Private Sector and Non-Governmental Organizations",,"Digital literacy & skills training, Technical support, Online educational resources, Workforce development resources",Statewide,,,In-Person,,,Long Beach,'+15626190341,,,,Long Beach,'+15626190341,,,,Long Beach,'+15626190341,,,,Long Beach,'+15626190341,,,,Long Beach,'+15626190341,,,Yes. We charge a fee for our services and it’s less than $25.,"Yes, Aging Individuals (Age 60+), Incarcerated Individuals, Veterans, Individuals with Disabilities, Individuals with Language Barriers (Limited English Proficiency individuals, etc.), Ethnic or Minority Communities","English, Spanish, Tagalog, Khmer","Digital equity grant writing, Organizational training, Train-the-trainer, Collective action, Information sharing",Yes. We charge a fee for our services.,12/11/25 10:44
Parent Institute for Quality Education (PIQE),Virtual,,,,'+16194204499,https://www.piqe.org/,Stephanie De Anda,Director of Philanthropy,sdeanda@piqe.org,"Business, Community Anchor Institution, Government or Public Organization, Private Sector and Non-Governmental Organizations",,"Digital literacy & skills training, Online educational resources",Statewide,,,Virtually,https://www.piqe.org/,,,,,,,,,,,,,,,,,,,,,,,,,,No. Our services are offered free of cost.,"Yes, Individuals with Language Barriers (Limited English Proficiency individuals, etc.), Ethnic or Minority Communities, Rural Communities","English, Spanish, Tagalog, Mandarin, Vietnamese, Korean, Cantonese, Armenian, Farsi, Punjabi","Partnership opportunities, Collective action",No. Our services are offered free of cost.,12/11/25 10:16
UNITE-LA,Virtual,,,,'+12133251525,https://ladeal.org/,Amy Cortina,Executive Vice President,acortina@unitela.com,"Business, Community Anchor Institution, Government or Public Organization, Private Sector and Non-Governmental Organizations",,"Digital navigation (in-person or virtual/call center), Digital literacy & skills training, Public Wi-Fi, Workforce development resources",County-wide or across multiple counties,Los Angeles,,Virtually,https://ladeal.org/,,,,,,,,,,,,,,,,,,,,,,,,,,No. Our services are offered free of cost.,"Yes, Veterans, Individuals with Language Barriers (Limited English Proficiency individuals, etc.), Ethnic or Minority Communities, Other",English,"Digital equity grant writing, Partnership opportunities, Collective action, Information sharing, Other",No. Our services are offered free of cost.,12/11/25 10:05
Rural Prosperity Center,Virtual,,,,'+15595199823,https://www.ruralprosperitycenter.org,Eduardo Gonzalez,Co-Founder / Co-Executive Director,egonzalez@ruralprosperitycenter.org,"Business, Community Anchor Institution, Government or Public Organization, Private Sector and Non-Governmental Organizations",,"Locating low-cost internet service programs, Enrollment assistance in low-cost internet service programs, Digital navigation (in-person or virtual/call center), Digital literacy & skills training, Technical support, Free/Low-cost devices, Computer center(s), Online educational resources, Workforce development resources",Statewide,,,Virtually,https://www.ruralprosperitycenter.org,,,,,,,,,,,,,,,,,,,,,,,,,,No. Our services are offered free of cost.,"Yes, Aging Individuals (Age 60+), Incarcerated Individuals, Veterans, Individuals with Language Barriers (Limited English Proficiency individuals, etc.), Ethnic or Minority Communities, Rural Communities, Other","English, Spanish, Punjabi","Digital equity grant writing, Organizational training, Train-the-trainer, Partnership opportunities, Collective action, Information sharing, Other",No. Our services are offered free of cost.,12/10/25 22:22
Rural Prosperity Center,Various Locations,,,,'+15595199823,https://www.ruralprosperitycenter.org,Eduardo Gonzalez,Co-Founder / Co-Executive Director,egonzalez@ruralprosperitycenter.org,"Business, Community Anchor Institution, Government or Public Organization, Private Sector and Non-Governmental Organizations",,"Locating low-cost internet service programs, Enrollment assistance in low-cost internet service programs, Digital navigation (in-person or virtual/call center), Digital literacy & skills training, Technical support, Free/Low-cost devices, Computer center(s), Online educational resources, Workforce development resources",Statewide,,,In-Person,,,,'+15595199823,8am to 9pm,https://www.ruralprosperitycenter.org,,,'+15595199823,8am to 9pm,https://www.ruralprosperitycenter.org,,,'+15595199823,8am to 9pm,https://www.ruralprosperitycenter.org,,,'+15595199823,8am to 9pm,https://www.ruralprosperitycenter.org,,,'+15595199823,8am to 9pm,https://www.ruralprosperitycenter.org,No. Our services are offered free of cost.,"Yes, Aging Individuals (Age 60+), Incarcerated Individuals, Veterans, Individuals with Language Barriers (Limited English Proficiency individuals, etc.), Ethnic or Minority Communities, Rural Communities, Other","English, Spanish, Punjabi","Digital equity grant writing, Organizational training, Train-the-trainer, Partnership opportunities, Collective action, Information sharing, Other",No. Our services are offered free of cost.,12/10/25 22:22
Parent University,Virtual,,,,'+15597044347,https://www.parentuniversity.org,Ana Gonzalez,Founder / Executive Director,agonzalez@parentuniversity.org,"Business, Community Anchor Institution, Government or Public Organization, Private Sector and Non-Governmental Organizations",,"Locating low-cost internet service programs, Enrollment assistance in low-cost internet service programs, Digital navigation (in-person or virtual/call center), Digital literacy & skills training, Technical support, Free/Low-cost devices, Online educational resources, Workforce development resources",Statewide,,,Virtually,https://www.parentuniversity.org,,,,,,,,,,,,,,,,,,,,,,,,,,No. Our services are offered free of cost.,"Yes, Aging Individuals (Age 60+), Incarcerated Individuals, Veterans, Individuals with Language Barriers (Limited English Proficiency individuals, etc.), Ethnic or Minority Communities, Rural Communities","English, Spanish, Punjabi, Other","Digital equity grant writing, Organizational training, Train-the-trainer, Partnership opportunities, Information sharing, Other",No. Our services are offered free of cost.,12/10/25 22:13
Parent University,5479 E. Butler Ave,Fresno,CA,93727,'+15597044347,https://www.parentuniversity.org,Ana Gonzalez,Founder / Executive Director,agonzalez@parentuniversity.org,"Business, Community Anchor Institution, Government or Public Organization, Private Sector and Non-Governmental Organizations",,"Locating low-cost internet service programs, Enrollment assistance in low-cost internet service programs, Digital navigation (in-person or virtual/call center), Digital literacy & skills training, Technical support, Free/Low-cost devices, Online educational resources, Workforce development resources",Statewide,,,In-Person,,,,'+15592023215,8am to 9pm,https://www.parentuniversity.org,,,'+15592023215,8am to 9pm,https://www.parentuniversity.org,,,'+15592023215,8am to 9pm,https://www.parentuniversity.org,,,'+15592023215,8am to 9pm,https://www.parentuniversity.org,,,'+15592023215,8am to 9pm,https://www.parentuniversity.org,No. Our services are offered free of cost.,"Yes, Aging Individuals (Age 60+), Incarcerated Individuals, Veterans, Individuals with Language Barriers (Limited English Proficiency individuals, etc.), Ethnic or Minority Communities, Rural Communities","English, Spanish, Punjabi, Other","Digital equity grant writing, Organizational training, Train-the-trainer, Partnership opportunities, Information sharing, Other",No. Our services are offered free of cost.,12/10/25 22:13
Mission Bit,Virtual,,,,'+14158795380,https://www.missionbit.org,Christina Ortega,CEO,christina@missionbit.org,"Business, Community Anchor Institution, Government or Public Organization, Private Sector and Non-Governmental Organizations",,"Digital literacy & skills training, Online educational resources",City-wide or across multiple cities,San Francisco,,Virtually,https://www.missionbit.org/programs,,,,,,,,,,,,,,,,,,,,,,,,,,No. Our services are offered free of cost.,No,English,Partnership opportunities,No. Our services are offered free of cost.,12/10/25 16:09
MNC INSPIRING SUCCESS,Virtual,,,,'+14152067759,https://mncsf.org,Benny Tan,Digital Navigator,benny.tan@mncsf.org,"Business, Community Anchor Institution, Government or Public Organization, Private Sector and Non-Governmental Organizations",,"Locating low-cost internet service programs, Enrollment assistance in low-cost internet service programs, Digital navigation (in-person or virtual/call center), Digital literacy & skills training, Technical support, Free/Low-cost devices, Public Wi-Fi, Computer center(s), Online educational resources, Workforce development resources",County-wide or across multiple counties,San Francisco,,Virtually,https://mncsf.org,,,,,,,,,,,,,,,,,,,,,,,,,,No. Our services are offered free of cost.,"Yes, Aging Individuals (Age 60+), Incarcerated Individuals, Veterans, Individuals with Disabilities, Individuals with Language Barriers (Limited English Proficiency individuals, etc.), Ethnic or Minority Communities, Rural Communities","English, Spanish, Mandarin, Cantonese, Russian","Partnership opportunities, Information sharing",No. Our services are offered free of cost.,12/10/25 15:08
MNC INSPIRING SUCCESS,362 Capp street,San Francisco,CA,94110,'+14152067759,https://mncsf.org,Benny Tan,Digital Navigator,benny.tan@mncsf.org,"Business, Community Anchor Institution, Government or Public Organization, Private Sector and Non-Governmental Organizations",,"Locating low-cost internet service programs, Enrollment assistance in low-cost internet service programs, Digital navigation (in-person or virtual/call center), Digital literacy & skills training, Technical support, Free/Low-cost devices, Public Wi-Fi, Computer center(s), Online educational resources, Workforce development resources",County-wide or across multiple counties,San Francisco,,In-Person,,,San Francisco,'+14156535750,"Monday to Saturday, 9 am to 5 pm",https://mncsf.org,,San Francisco,'+14156535750,"Monday to Saturday, 9 am to 5 pm",https://mncsf.org,,San Francisco,'+14156535750,"Monday to Saturday, 9 am to 5 pm",https://mncsf.org,,San Francisco,'+14156535750,"Monday to Saturday, 9 am to 5 pm",https://mncsf.org,,San Francisco,'+14156535750,"Monday to Saturday, 9 am to 5 pm",https://mncsf.org,No. Our services are offered free of cost.,"Yes, Aging Individuals (Age 60+), Incarcerated Individuals, Veterans, Individuals with Disabilities, Individuals with Language Barriers (Limited English Proficiency individuals, etc.), Ethnic or Minority Communities, Rural Communities","English, Spanish, Mandarin, Cantonese, Russian","Partnership opportunities, Information sharing",No. Our services are offered free of cost.,12/10/25 15:08
Education and Leadership Foundation,4290 E. Ashlan Ave.,Fresno,CA,93726,'+15592915428,https://www.elfus.org,Mario A. Gonzalez,Executive Director,mgonzalez@education-leadership.org,"Business, Community Anchor Institution, Government or Public Organization, Private Sector and Non-Governmental Organizations",,Digital navigation (in-person or virtual/call center),County-wide or across multiple counties,"Fresno, Kern, Kings, Madera, Tulare",,In-Person,,,Fresno,'+15592915428,8:30 am to 5:00 pm,https://www.elfus.org,,Fresno,'+15592915428,8:30 am to 5:00 pm,https://www.elfus.org,,Fresno,'+15592915428,8:30 am to 5:00 pm,https://www.elfus.org,,Fresno,'+15592915428,8:30 am to 5:00 pm,https://www.elfus.org,,Fresno,'+15592915428,8:30 am to 5:00 pm,https://www.elfus.org,No. Our services are offered free of cost.,"Yes, Aging Individuals (Age 60+), Individuals with Disabilities, Individuals with Language Barriers (Limited English Proficiency individuals, etc.), Ethnic or Minority Communities, Rural Communities","English, Spanish","Partnership opportunities, Information sharing",No. Our services are offered free of cost.,12/5/25 20:19
Advancing Modoc,Virtual,,,,'+15302331685,https://advancingmodoc.org/,Tara Yarberry,Director,tyarberry@teachinc.org,"Business, Community Anchor Institution, Government or Public Organization, Private Sector and Non-Governmental Organizations",,"Digital literacy & skills training, Public Wi-Fi, Online educational resources, Workforce development resources",County-wide or across multiple counties,Modoc,,Virtually,https://advancingmodoc.org/,,,,,,,,,,,,,,,,,,,,,,,,,,No. Our services are offered free of cost.,"Yes, Aging Individuals (Age 60+), Incarcerated Individuals, Veterans, Individuals with Disabilities, Individuals with Language Barriers (Limited English Proficiency individuals, etc.), Ethnic or Minority Communities, Rural Communities, Other","English, Spanish","Organizational training, Partnership opportunities, Collective action, Information sharing",No. Our services are offered free of cost.,12/5/25 16:23
Advancing Modoc,701 N Main Street #D3,Alturas,CA,96101,'+15302331685,https://advancingmodoc.org/,Tara Yarberry,Director,tyarberry@teachinc.org,"Business, Community Anchor Institution, Government or Public Organization, Private Sector and Non-Governmental Organizations",,"Digital literacy & skills training, Public Wi-Fi, Online educational resources, Workforce development resources",County-wide or across multiple counties,Modoc,,In-Person,,,Alturas,'+15302331685,"Monday, Tuesday, and Thursdays from 11 AM - 5 PM",https://advancingmodoc.org/,,Alturas,'+15302331685,"Monday, Tuesday, and Thursdays from 11 AM - 5 PM",https://advancingmodoc.org/,,Alturas,'+15302331685,"Monday, Tuesday, and Thursdays from 11 AM - 5 PM",https://advancingmodoc.org/,,Alturas,'+15302331685,"Monday, Tuesday, and Thursdays from 11 AM - 5 PM",https://advancingmodoc.org/,,Alturas,'+15302331685,"Monday, Tuesday, and Thursdays from 11 AM - 5 PM",https://advancingmodoc.org/,No. Our services are offered free of cost.,"Yes, Aging Individuals (Age 60+), Incarcerated Individuals, Veterans, Individuals with Disabilities, Individuals with Language Barriers (Limited English Proficiency individuals, etc.), Ethnic or Minority Communities, Rural Communities, Other","English, Spanish","Organizational training, Partnership opportunities, Collective action, Information sharing",No. Our services are offered free of cost.,12/5/25 16:23
Curry Senior Center,Virtual,,,,'+14159173410,https://curryseniorcenter.org/,Ruben Chavez,Deputy Director,rchavez@curryseniorcenter.org,"Business, Community Anchor Institution, Government or Public Organization, Private Sector and Non-Governmental Organizations",,"Locating low-cost internet service programs, Enrollment assistance in low-cost internet service programs, Digital navigation (in-person or virtual/call center), Digital literacy & skills training, Technical support, Free/Low-cost devices, Computer center(s), Online educational resources",Other,,,Virtually,https://curryseniorcenter.org/programs-category/,,,,,,,,,,,,,,,,,,,,,,,,,,No. Our services are offered free of cost.,"Yes, Aging Individuals (Age 60+), Individuals with Disabilities, Individuals with Language Barriers (Limited English Proficiency individuals, etc.), Ethnic or Minority Communities","English, Spanish, Tagalog, Mandarin, Vietnamese, Korean, Cantonese, Farsi, Russian","Organizational training, Partnership opportunities, Information sharing",No. Our services are offered free of cost.,12/5/25 11:47
Curry Senior Center,520 Turk Street,San Francisco,CA,94102,'+14159173410,https://curryseniorcenter.org/,Ruben Chavez,Deputy Director,rchavez@curryseniorcenter.org,"Business, Community Anchor Institution, Government or Public Organization, Private Sector and Non-Governmental Organizations",,"Locating low-cost internet service programs, Enrollment assistance in low-cost internet service programs, Digital navigation (in-person or virtual/call center), Digital literacy & skills training, Technical support, Free/Low-cost devices, Computer center(s), Online educational resources",Other,,,In-Person,,,San Francisco,'+14158293240,9:00am - 4:00pm,https://curryseniorcenter.org/programs-category/,,San Francisco,'+14158293240,9:00am - 4:00pm,https://curryseniorcenter.org/programs-category/,,San Francisco,'+14158293240,9:00am - 4:00pm,https://curryseniorcenter.org/programs-category/,,San Francisco,'+14158293240,9:00am - 4:00pm,https://curryseniorcenter.org/programs-category/,,San Francisco,'+14158293240,9:00am - 4:00pm,https://curryseniorcenter.org/programs-category/,No. Our services are offered free of cost.,"Yes, Aging Individuals (Age 60+), Individuals with Disabilities, Individuals with Language Barriers (Limited English Proficiency individuals, etc.), Ethnic or Minority Communities","English, Spanish, Tagalog, Mandarin, Vietnamese, Korean, Cantonese, Farsi, Russian","Organizational training, Partnership opportunities, Information sharing",No. Our services are offered free of cost.,12/5/25 11:47
Curry Senior Center,315 Turk Street,San Francisco,CA,94102,'+14159173410,https://curryseniorcenter.org/,Ruben Chavez,Deputy Director,rchavez@curryseniorcenter.org,"Business, Community Anchor Institution, Government or Public Organization, Private Sector and Non-Governmental Organizations",,"Locating low-cost internet service programs, Enrollment assistance in low-cost internet service programs, Digital navigation (in-person or virtual/call center), Digital literacy & skills training, Technical support, Free/Low-cost devices, Computer center(s), Online educational resources",Other,,,In-Person,,Community Programs,San Francisco,'+14159173410,9:00am - 4:00pm,https://curryseniorcenter.org/programs-category/,Community Programs,San Francisco,'+14159173410,9:00am - 4:00pm,https://curryseniorcenter.org/programs-category/,Community Programs,San Francisco,'+14159173410,9:00am - 4:00pm,https://curryseniorcenter.org/programs-category/,Community Programs,San Francisco,'+14159173410,9:00am - 4:00pm,https://curryseniorcenter.org/programs-category/,Community Programs,San Francisco,'+14159173410,9:00am - 4:00pm,https://curryseniorcenter.org/programs-category/,No. Our services are offered free of cost.,"Yes, Aging Individuals (Age 60+), Individuals with Disabilities, Individuals with Language Barriers (Limited English Proficiency individuals, etc.), Ethnic or Minority Communities","English, Spanish, Tagalog, Mandarin, Vietnamese, Korean, Cantonese, Farsi, Russian","Organizational training, Partnership opportunities, Information sharing",No. Our services are offered free of cost.,12/5/25 11:47
San Diego County Library,Virtual,,,,'+18586942415,https://www.sdcl.org,Donna Ohr,Deputy Director,donna.ohr@sdcounty.ca.gov,"Business, Community Anchor Institution, Government or Public Organization, Private Sector and Non-Governmental Organizations",,"Digital literacy & skills training, Public Wi-Fi, Computer center(s), Online educational resources",County-wide or across multiple counties,San Diego,,Virtually,https://www.sdcl.org/technology/,,,,,,,,,,,,,,,,,,,,,,,,,,No. Our services are offered free of cost.,"Yes, Aging Individuals (Age 60+), Incarcerated Individuals, Veterans, Individuals with Disabilities, Individuals with Language Barriers (Limited English Proficiency individuals, etc.), Ethnic or Minority Communities, Rural Communities","English, Spanish, Tagalog, Mandarin, Vietnamese, Korean, Farsi, Arabic, Japanese","Partnership opportunities, Collective action, Information sharing",No. Our services are offered free of cost.,12/5/25 9:58
"American GI Forum Education Foundation of Santa Maria, CA",Virtual,,,,'+18054786230,https://www.agifedfoundation.org,Helen Galvan,Executive Director,helen.galvan@gmail.com,"Business, Community Anchor Institution, Government or Public Organization, Private Sector and Non-Governmental Organizations",,"Locating low-cost internet service programs, Enrollment assistance in low-cost internet service programs, Digital navigation (in-person or virtual/call center), Digital literacy & skills training, Technical support, Free/Low-cost devices, Computer center(s)",County-wide or across multiple counties,"Riverside, San Luis Obispo, Santa Barbara, Stanislaus, Ventura",,Virtually,https://www.agifedfoundation.org,,,,,,,,,,,,,,,,,,,,,,,,,,No. Our services are offered free of cost.,"Yes, Aging Individuals (Age 60+), Veterans, Individuals with Language Barriers (Limited English Proficiency individuals, etc.), Ethnic or Minority Communities, Rural Communities","English, Spanish, Other","Train-the-trainer, Partnership opportunities, Information sharing",No. Our services are offered free of cost.,12/4/25 16:38
"American GI Forum Education Foundation of Santa Maria, CA",117 W. Bunny Avenue,,CA,93458,'+18054786230,https://www.agifedfoundation.org,Helen Galvan,Executive Director,helen.galvan@gmail.com,"Business, Community Anchor Institution, Government or Public Organization, Private Sector and Non-Governmental Organizations",,"Locating low-cost internet service programs, Enrollment assistance in low-cost internet service programs, Digital navigation (in-person or virtual/call center), Digital literacy & skills training, Technical support, Free/Low-cost devices, Computer center(s)",County-wide or across multiple counties,"Riverside, San Luis Obispo, Santa Barbara, Stanislaus, Ventura",,In-Person,,,,'+18055982130,9:00 am to 6:00 pm,,,,'+18055982130,9:00 am to 6:00 pm,,,,'+18055982130,9:00 am to 6:00 pm,,,,'+18055982130,9:00 am to 6:00 pm,,,,'+18055982130,9:00 am to 6:00 pm,,No. Our services are offered free of cost.,"Yes, Aging Individuals (Age 60+), Veterans, Individuals with Language Barriers (Limited English Proficiency individuals, etc.), Ethnic or Minority Communities, Rural Communities","English, Spanish, Other","Train-the-trainer, Partnership opportunities, Information sharing",No. Our services are offered free of cost.,12/4/25 16:38
Blue Sky Center,Virtual,,,,'+16614133005,https://blueskycenter.org,Jack Forinash,Executive Director,hello@blueskycenter.org,"Business, Community Anchor Institution, Government or Public Organization, Private Sector and Non-Governmental Organizations",,"Locating low-cost internet service programs, Public Wi-Fi, Workforce development resources",Other,,,Virtually,https://blueskycenter.org,,,,,,,,,,,,,,,,,,,,,,,,,,No. Our services are offered free of cost.,"Yes, Aging Individuals (Age 60+), Veterans, Individuals with Disabilities, Individuals with Language Barriers (Limited English Proficiency individuals, etc.), Ethnic or Minority Communities, Rural Communities","English, Spanish",,No. Our services are offered free of cost.,12/4/25 15:15
Blue Sky Center,1000 Perkins Road,New Cuyama,CA,93254,'+16614133005,https://blueskycenter.org,Jack Forinash,Executive Director,hello@blueskycenter.org,"Business, Community Anchor Institution, Government or Public Organization, Private Sector and Non-Governmental Organizations",,"Locating low-cost internet service programs, Public Wi-Fi, Workforce development resources",Other,,,In-Person,,,New Cuyama,'+16614133005,M-F 9-4,https://blueskycenter.org,,New Cuyama,'+16614133005,M-F 9-4,https://blueskycenter.org,,New Cuyama,'+16614133005,M-F 9-4,https://blueskycenter.org,,New Cuyama,'+16614133005,M-F 9-4,https://blueskycenter.org,,New Cuyama,'+16614133005,M-F 9-4,https://blueskycenter.org,No. Our services are offered free of cost.,"Yes, Aging Individuals (Age 60+), Veterans, Individuals with Disabilities, Individuals with Language Barriers (Limited English Proficiency individuals, etc.), Ethnic or Minority Communities, Rural Communities","English, Spanish",,No. Our services are offered free of cost.,12/4/25 15:15
Gray Area,Virtual,,,,'+14158431423,https://grayarea.org,Barry Threw,Executive Director,barry@grayarea.org,"Business, Community Anchor Institution, Government or Public Organization, Private Sector and Non-Governmental Organizations",,"Digital literacy & skills training, Public Wi-Fi, Online educational resources, Workforce development resources",City-wide or across multiple cities,"Los Angeles, San Diego, San Francisco",,Virtually,https://grayarea.org,,,,,,,,,,,,,,,,,,,,,,,,,,No. Our services are offered free of cost.,"Yes, Aging Individuals (Age 60+), Veterans, Individuals with Disabilities, Ethnic or Minority Communities",English,"Digital equity grant writing, Train-the-trainer, Partnership opportunities, Information sharing",No. Our services are offered free of cost.,12/4/25 14:32
Gray Area,2665 Mission St.,San Francisco,CA,94110,'+14158431423,https://grayarea.org,Barry Threw,Executive Director,barry@grayarea.org,"Business, Community Anchor Institution, Government or Public Organization, Private Sector and Non-Governmental Organizations",,"Digital literacy & skills training, Public Wi-Fi, Online educational resources, Workforce development resources",City-wide or across multiple cities,"Los Angeles, San Diego, San Francisco",,In-Person,,,San Francisco,'+14158431423,,https://grayarea.org,,San Francisco,'+14158431423,,https://grayarea.org,,San Francisco,'+14158431423,,https://grayarea.org,,San Francisco,'+14158431423,,https://grayarea.org,,San Francisco,'+14158431423,,https://grayarea.org,No. Our services are offered free of cost.,"Yes, Aging Individuals (Age 60+), Veterans, Individuals with Disabilities, Ethnic or Minority Communities",English,"Digital equity grant writing, Train-the-trainer, Partnership opportunities, Information sharing",No. Our services are offered free of cost.,12/4/25 14:32
Gray Area,1250 Long Beach Ave #32,Los Angeles,CA,90021,'+14158431423,https://grayarea.org,Barry Threw,Executive Director,barry@grayarea.org,"Business, Community Anchor Institution, Government or Public Organization, Private Sector and Non-Governmental Organizations",,"Digital literacy & skills training, Public Wi-Fi, Online educational resources, Workforce development resources",City-wide or across multiple cities,"Los Angeles, San Diego, San Francisco",,In-Person,,RIP Space,Los Angeles,'+17479002125,,https://rip.space/,RIP Space,Los Angeles,'+17479002125,,https://rip.space/,RIP Space,Los Angeles,'+17479002125,,https://rip.space/,RIP Space,Los Angeles,'+17479002125,,https://rip.space/,RIP Space,Los Angeles,'+17479002125,,https://rip.space/,No. Our services are offered free of cost.,"Yes, Aging Individuals (Age 60+), Veterans, Individuals with Disabilities, Ethnic or Minority Communities",English,"Digital equity grant writing, Train-the-trainer, Partnership opportunities, Information sharing",No. Our services are offered free of cost.,12/4/25 14:32
Gray Area,2995 Commercial St,San Diego,CA,92113,'+14158431423,https://grayarea.org,Barry Threw,Executive Director,barry@grayarea.org,"Business, Community Anchor Institution, Government or Public Organization, Private Sector and Non-Governmental Organizations",,"Digital literacy & skills training, Public Wi-Fi, Online educational resources, Workforce development resources",City-wide or across multiple cities,"Los Angeles, San Diego, San Francisco",,In-Person,,CoPlace,San Diego,'+18332675223,,https://coplace.com/,CoPlace,San Diego,'+18332675223,,https://coplace.com/,CoPlace,San Diego,'+18332675223,,https://coplace.com/,CoPlace,San Diego,'+18332675223,,https://coplace.com/,CoPlace,San Diego,'+18332675223,,https://coplace.com/,No. Our services are offered free of cost.,"Yes, Aging Individuals (Age 60+), Veterans, Individuals with Disabilities, Ethnic or Minority Communities",English,"Digital equity grant writing, Train-the-trainer, Partnership opportunities, Information sharing",No. Our services are offered free of cost.,12/4/25 14:32
The Central Valley Urban Institute,Virtual,,,,'+15596667644,https://www.visionviewbusinesscenter.com,Eric Payne,Executive Director,eric.paynecmc@gmail.com,"Business, Community Anchor Institution, Government or Public Organization, Private Sector and Non-Governmental Organizations",,"Locating low-cost internet service programs, Enrollment assistance in low-cost internet service programs, Digital navigation (in-person or virtual/call center), Digital literacy & skills training, Technical support, Free/Low-cost devices, Free/Low-cost hotspots, Public Wi-Fi, Computer center(s), Online educational resources, Workforce development resources",County-wide or across multiple counties,"Fresno, Kern, Kings, Madera, Merced, San Joaquin, Tulare",,Virtually,,,,,,,,,,,,,,,,,,,,,,,,,,,No. Our services are offered free of cost.,"Yes, Aging Individuals (Age 60+), Incarcerated Individuals, Veterans, Individuals with Disabilities, Individuals with Language Barriers (Limited English Proficiency individuals, etc.), Ethnic or Minority Communities, Rural Communities","English, Spanish","Digital equity grant writing, Organizational training, Train-the-trainer, Mutual aid (financial), Partnership opportunities, Collective action, Information sharing",No. Our services are offered free of cost.,12/4/25 14:09
The Central Valley Urban Institute,4974 E. Clinton Way,Fresno,CA,93727,'+15596667644,https://www.visionviewbusinesscenter.com,Eric Payne,Executive Director,eric.paynecmc@gmail.com,"Business, Community Anchor Institution, Government or Public Organization, Private Sector and Non-Governmental Organizations",,"Locating low-cost internet service programs, Enrollment assistance in low-cost internet service programs, Digital navigation (in-person or virtual/call center), Digital literacy & skills training, Technical support, Free/Low-cost devices, Free/Low-cost hotspots, Public Wi-Fi, Computer center(s), Online educational resources, Workforce development resources",County-wide or across multiple counties,"Fresno, Kern, Kings, Madera, Merced, San Joaquin, Tulare",,In-Person,,,Fresno,,,,,Fresno,,,,,Fresno,,,,,Fresno,,,,,Fresno,,,,No. Our services are offered free of cost.,"Yes, Aging Individuals (Age 60+), Incarcerated Individuals, Veterans, Individuals with Disabilities, Individuals with Language Barriers (Limited English Proficiency individuals, etc.), Ethnic or Minority Communities, Rural Communities","English, Spanish","Digital equity grant writing, Organizational training, Train-the-trainer, Mutual aid (financial), Partnership opportunities, Collective action, Information sharing",No. Our services are offered free of cost.,12/4/25 14:09
Beaumont Library District,125 E 8th St,Beaumont,CA,92223,'+19518451357,https://www.mybld.org,Tamara Evans,Adult Services Librarian,tamara.evans@mybld.org,"Business, Community Anchor Institution, Government or Public Organization, Private Sector and Non-Governmental Organizations",,"Technical support, Free/Low-cost hotspots, Public Wi-Fi, Computer center(s), Online educational resources",County-wide or across multiple counties,Riverside,,In-Person,,,Beaumont,'+19518451357,"Mon, Tue, Th, F: 10am-5pm, Wed, Sat, & Sun 1pm-5pm",https://www.mybld.org/how-do-i,,Beaumont,'+19518451357,"Mon, Tue, Th, F: 10am-5pm, Wed, Sat, & Sun 1pm-5pm",https://www.mybld.org/how-do-i,,Beaumont,'+19518451357,"Mon, Tue, Th, F: 10am-5pm, Wed, Sat, & Sun 1pm-5pm",https://www.mybld.org/how-do-i,,Beaumont,'+19518451357,"Mon, Tue, Th, F: 10am-5pm, Wed, Sat, & Sun 1pm-5pm",https://www.mybld.org/how-do-i,,Beaumont,'+19518451357,"Mon, Tue, Th, F: 10am-5pm, Wed, Sat, & Sun 1pm-5pm",https://www.mybld.org/how-do-i,No. Our services are offered free of cost.,No,"English, Spanish",,No. Our services are offered free of cost.,12/4/25 14:00
Golden Oak Adult School,23201 Dalbey Dr.,Santa Clarita,CA,91355,'+16612530583,https://www.goldenoakadultschool.com,Bryan Wilson,Principal,bwilson@hartdistrict.org,"Business, Community Anchor Institution, Government or Public Organization, Private Sector and Non-Governmental Organizations",,"Digital literacy & skills training, Workforce development resources",Specific school site,,,In-Person,,,Santa Clarita,'+16612530583,9am-4pm,https://www.goldenoakadultschool.com,,Santa Clarita,'+16612530583,9am-4pm,https://www.goldenoakadultschool.com,,Santa Clarita,'+16612530583,9am-4pm,https://www.goldenoakadultschool.com,,Santa Clarita,'+16612530583,9am-4pm,https://www.goldenoakadultschool.com,,Santa Clarita,'+16612530583,9am-4pm,https://www.goldenoakadultschool.com,No. Our services are offered free of cost.,"Yes, Aging Individuals (Age 60+), Veterans, Individuals with Language Barriers (Limited English Proficiency individuals, etc.), Ethnic or Minority Communities","English, Spanish",,,12/4/25 13:37
Vallejo Adult School,Virtual,,,,'+17075568850,https://vallejoadult.vcusd.org/,Laura Dutch,Principal,ldutch@vcusd.org,"Business, Community Anchor Institution, Government or Public Organization, Private Sector and Non-Governmental Organizations",,"Digital literacy & skills training, Technical support, Online educational resources, Workforce development resources",Specific school site,,,Virtually,https://vallejoadult.vcusd.org/enroll,,,,,,,,,,,,,,,,,,,,,,,,,,No. Our services are offered free of cost.,"Yes, Aging Individuals (Age 60+), Veterans, Individuals with Disabilities, Individuals with Language Barriers (Limited English Proficiency individuals, etc.), Ethnic or Minority Communities","English, Spanish","Partnership opportunities, Collective action",No. Our services are offered free of cost.,12/4/25 12:59
Vallejo Adult School,436 Del Sur Street,Vallejo,CA,94591,'+17075568850,https://vallejoadult.vcusd.org/,Laura Dutch,Principal,ldutch@vcusd.org,"Business, Community Anchor Institution, Government or Public Organization, Private Sector and Non-Governmental Organizations",,"Digital literacy & skills training, Technical support, Online educational resources, Workforce development resources",Specific school site,,,In-Person,,,Vallejo,'+17075568850,M-Th 8 AM- 8PM F 8 AM- 4 PM,https://vallejoadult.vcusd.org/,,Vallejo,'+17075568850,M-Th 8 AM- 8PM F 8 AM- 4 PM,https://vallejoadult.vcusd.org/,,Vallejo,'+17075568850,M-Th 8 AM- 8PM F 8 AM- 4 PM,https://vallejoadult.vcusd.org/,,Vallejo,'+17075568850,M-Th 8 AM- 8PM F 8 AM- 4 PM,https://vallejoadult.vcusd.org/,,Vallejo,'+17075568850,M-Th 8 AM- 8PM F 8 AM- 4 PM,https://vallejoadult.vcusd.org/,No. Our services are offered free of cost.,"Yes, Aging Individuals (Age 60+), Veterans, Individuals with Disabilities, Individuals with Language Barriers (Limited English Proficiency individuals, etc.), Ethnic or Minority Communities","English, Spanish","Partnership opportunities, Collective action",No. Our services are offered free of cost.,12/4/25 12:59
Ventura County Library,5600 Everglades St.,Ventura,CA,93003,'+18057013242,https://www.library.venturacounty.gov,Amanda Armitage,Technology Engagement Manager,amanda.armitage@venturacounty.gov,"Business, Community Anchor Institution, Government or Public Organization, Private Sector and Non-Governmental Organizations",,"Digital literacy & skills training, Free/Low-cost devices, Free/Low-cost hotspots, Public Wi-Fi, Computer center(s), Online educational resources, Workforce development resources",County-wide or across multiple counties,Ventura,,In-Person,,,,,,,,,,,,,,,,,,,,,,,,,,,No. Our services are offered free of cost.,"Yes, Aging Individuals (Age 60+), Incarcerated Individuals, Veterans, Individuals with Disabilities, Individuals with Language Barriers (Limited English Proficiency individuals, etc.), Ethnic or Minority Communities, Rural Communities","English, Spanish","Partnership opportunities, Information sharing",No. Our services are offered free of cost.,12/4/25 12:58
Partnership Health Plan of California (Managed Care Organization),1500 S Jackson St,Red Bluff,CA,96080,'+18008634155,https://www.partnershiphp.org/Pages/PHC.aspx,Mohamed Jalloh,Health Equity Officer,mjalloh@partnershiphp.org,"Business, Community Anchor Institution, Government or Public Organization, Private Sector and Non-Governmental Organizations",,"Locating low-cost internet service programs, Digital navigation (in-person or virtual/call center), Digital literacy & skills training",County-wide or across multiple counties,"Butte, Colusa, Del Norte, Glenn, Humboldt, Lake, Lassen, Marin, Mendocino, Modoc, Napa, Nevada, Placer, Plumas, Shasta, Sierra, Siskiyou, Solano, Sonoma, Sutter, Tehama, Trinity, Yolo, Yuba",,In-Person,,,Red Bluff,'+15305278177,,,,Red Bluff,'+15305278177,,,,Red Bluff,'+15305278177,,,,Red Bluff,'+15305278177,,,,Red Bluff,'+15305278177,,,No. Our services are offered free of cost.,"Yes, Aging Individuals (Age 60+), Veterans, Individuals with Disabilities, Individuals with Language Barriers (Limited English Proficiency individuals, etc.), Ethnic or Minority Communities, Rural Communities","English, Spanish, Tagalog, Russian, Punjabi","Partnership opportunities, Collective action, Information sharing",No. Our services are offered free of cost.,12/3/25 18:04
Senior Planet from AARP,Virtual,,,,'+18887133495,https://www.seniorplanet.org,Ryan Kawamoto,Regional Program Manager,rkawamoto@oats.org,"Business, Community Anchor Institution, Government or Public Organization, Private Sector and Non-Governmental Organizations",,"Digital navigation (in-person or virtual/call center), Digital literacy & skills training, Technical support, Online educational resources, Workforce development resources",Statewide,,,Virtually,https://www.seniorplanet.org,,,,,,,,,,,,,,,,,,,,,,,,,,No. Our services are offered free of cost.,"Yes, Aging Individuals (Age 60+), Individuals with Language Barriers (Limited English Proficiency individuals, etc.), Ethnic or Minority Communities, Rural Communities","English, Spanish, Mandarin, Vietnamese","Train-the-trainer, Partnership opportunities",No. Our services are offered free of cost.,12/3/25 10:52
Senior Planet from AARP,"236 West 30th Street, Floor 8",New York,NY,10001,'+18887133495,https://www.seniorplanet.org,Ryan Kawamoto,Regional Program Manager,rkawamoto@oats.org,"Business, Community Anchor Institution, Government or Public Organization, Private Sector and Non-Governmental Organizations",,"Digital navigation (in-person or virtual/call center), Digital literacy & skills training, Technical support, Online educational resources, Workforce development resources",Statewide,,,In-Person,,,,,,https://oats.org/licensing/,,,,,https://oats.org/licensing/,,,,,https://oats.org/licensing/,,,,,https://oats.org/licensing/,,,,,https://oats.org/licensing/,No. Our services are offered free of cost.,"Yes, Aging Individuals (Age 60+), Individuals with Language Barriers (Limited English Proficiency individuals, etc.), Ethnic or Minority Communities, Rural Communities","English, Spanish, Mandarin, Vietnamese","Train-the-trainer, Partnership opportunities",No. Our services are offered free of cost.,12/3/25 10:52
Riverside County Library System,Virtual,,,,'+19513963003,https://www.rivlib.net,Sue Duran,Deputy Director,sue.duran@lsslibraries.com,"Business, Community Anchor Institution, Government or Public Organization, Private Sector and Non-Governmental Organizations",,"Locating low-cost internet service programs, Enrollment assistance in low-cost internet service programs, Digital navigation (in-person or virtual/call center), Digital literacy & skills training, Technical support, Free/Low-cost devices, Free/Low-cost hotspots, Public Wi-Fi, Computer center(s), Online educational resources, Workforce development resources",County-wide or across multiple counties,"Imperial, Riverside, San Bernardino",,Virtually,https://www.rivlib.net,,,,,,,,,,,,,,,,,,,,,,,,,,No. Our services are offered free of cost.,"Yes, Aging Individuals (Age 60+), Incarcerated Individuals, Veterans, Individuals with Disabilities, Individuals with Language Barriers (Limited English Proficiency individuals, etc.), Ethnic or Minority Communities, Rural Communities","English, Spanish, Russian","Digital equity grant writing, Organizational training, Partnership opportunities, Information sharing, Other",No. Our services are offered free of cost.,12/1/25 15:04
Riverside County Library System,5840 Mission Blvd.,Jurupa Valley,CA,92509,'+19513963003,https://www.rivlib.net,Sue Duran,Deputy Director,sue.duran@lsslibraries.com,"Business, Community Anchor Institution, Government or Public Organization, Private Sector and Non-Governmental Organizations",,"Locating low-cost internet service programs, Enrollment assistance in low-cost internet service programs, Digital navigation (in-person or virtual/call center), Digital literacy & skills training, Technical support, Free/Low-cost devices, Free/Low-cost hotspots, Public Wi-Fi, Computer center(s), Online educational resources, Workforce development resources",County-wide or across multiple counties,"Imperial, Riverside, San Bernardino",,In-Person,,,Jurupa Valley,'+19516825485,Sunday: 1:00 pm-5:00 pm Monday: 11:00 am-7:00 pm Tuesday: 11:00 am-7:00 pm Wednesday: 11:00 am-7:00 pm Thursday: 10:00 am-6:00 pm Friday: 10:00 am-6:00 pm Saturday: 10:00 am-6:00 pm,https://rivlib.net/branch/louis-robidoux,,Jurupa Valley,'+19516825485,Sunday: 1:00 pm-5:00 pm Monday: 11:00 am-7:00 pm Tuesday: 11:00 am-7:00 pm Wednesday: 11:00 am-7:00 pm Thursday: 10:00 am-6:00 pm Friday: 10:00 am-6:00 pm Saturday: 10:00 am-6:00 pm,https://rivlib.net/branch/louis-robidoux,,Jurupa Valley,'+19516825485,Sunday: 1:00 pm-5:00 pm Monday: 11:00 am-7:00 pm Tuesday: 11:00 am-7:00 pm Wednesday: 11:00 am-7:00 pm Thursday: 10:00 am-6:00 pm Friday: 10:00 am-6:00 pm Saturday: 10:00 am-6:00 pm,https://rivlib.net/branch/louis-robidoux,,Jurupa Valley,'+19516825485,Sunday: 1:00 pm-5:00 pm Monday: 11:00 am-7:00 pm Tuesday: 11:00 am-7:00 pm Wednesday: 11:00 am-7:00 pm Thursday: 10:00 am-6:00 pm Friday: 10:00 am-6:00 pm Saturday: 10:00 am-6:00 pm,https://rivlib.net/branch/louis-robidoux,,Jurupa Valley,'+19516825485,Sunday: 1:00 pm-5:00 pm Monday: 11:00 am-7:00 pm Tuesday: 11:00 am-7:00 pm Wednesday: 11:00 am-7:00 pm Thursday: 10:00 am-6:00 pm Friday: 10:00 am-6:00 pm Saturday: 10:00 am-6:00 pm,https://rivlib.net/branch/louis-robidoux,No. Our services are offered free of cost.,"Yes, Aging Individuals (Age 60+), Incarcerated Individuals, Veterans, Individuals with Disabilities, Individuals with Language Barriers (Limited English Proficiency individuals, etc.), Ethnic or Minority Communities, Rural Communities","English, Spanish, Russian","Digital equity grant writing, Organizational training, Partnership opportunities, Information sharing, Other",No. Our services are offered free of cost.,12/1/25 15:04
California Emerging Technology Foundation (CETF),Virtual,,,,'+12134439952,https://www.cetfund.org/,Kat Zigmont,Senior Vice President,kat.zigmont@cetfund.org,"Business, Community Anchor Institution, Government or Public Organization, Private Sector and Non-Governmental Organizations",,"Locating low-cost internet service programs, Enrollment assistance in low-cost internet service programs, Digital navigation (in-person or virtual/call center), Digital literacy & skills training, Technical support, Free/Low-cost devices, Free/Low-cost hotspots, Online educational resources, Workforce development resources",Statewide,,,Virtually,https://getconnected.digitallearn.org/,,,,,,,,,,,,,,,,,,,,,,,,,,No. Our services are offered free of cost.,"Yes, Aging Individuals (Age 60+), Incarcerated Individuals, Veterans, Individuals with Disabilities, Individuals with Language Barriers (Limited English Proficiency individuals, etc.), Ethnic or Minority Communities, Rural Communities","English, Spanish, Mandarin, Vietnamese, Korean, Cantonese, Farsi, Arabic","Digital equity grant writing, Organizational training, Train-the-trainer, Mutual aid (financial), Partnership opportunities, Collective action, Information sharing, Other",No. Our services are offered free of cost.,12/1/25 14:07
Hemet Public Library,Virtual,,,,'+19517652447,https://www.hemetca.gov/library,Kathye Caines,Library Manager,kcaines@hemetca.gov,"Business, Community Anchor Institution, Government or Public Organization, Private Sector and Non-Governmental Organizations",,"Digital navigation (in-person or virtual/call center), Digital literacy & skills training, Technical support, Public Wi-Fi, Computer center(s), Online educational resources",City-wide or across multiple cities,Riverside,,Virtually,https://www.hemetca.gov/library,,,,,,,,,,,,,,,,,,,,,,,,,,No. Our services are offered free of cost.,"Yes, Aging Individuals (Age 60+), Veterans, Individuals with Disabilities, Individuals with Language Barriers (Limited English Proficiency individuals, etc.), Ethnic or Minority Communities, Rural Communities","English, Spanish","Partnership opportunities, Information sharing",No. Our services are offered free of cost.,12/1/25 12:36
Hemet Public Library,300 E Latham Ave,Hemet,CA,92543,'+19517652447,https://www.hemetca.gov/library,Kathye Caines,Library Manager,kcaines@hemetca.gov,"Business, Community Anchor Institution, Government or Public Organization, Private Sector and Non-Governmental Organizations",,"Digital navigation (in-person or virtual/call center), Digital literacy & skills training, Technical support, Public Wi-Fi, Computer center(s), Online educational resources",City-wide or across multiple cities,Riverside,,In-Person,,,Hemet,'+19517652440,,https://www.hemetca.gov/library,,Hemet,'+19517652440,,https://www.hemetca.gov/library,,Hemet,'+19517652440,,https://www.hemetca.gov/library,,Hemet,'+19517652440,,https://www.hemetca.gov/library,,Hemet,'+19517652440,,https://www.hemetca.gov/library,No. Our services are offered free of cost.,"Yes, Aging Individuals (Age 60+), Veterans, Individuals with Disabilities, Individuals with Language Barriers (Limited English Proficiency individuals, etc.), Ethnic or Minority Communities, Rural Communities","English, Spanish","Partnership opportunities, Information sharing",No. Our services are offered free of cost.,12/1/25 12:36
Sonoma County Library,Virtual,,,,'+17075450831,https://sonomalibrary.org/,Mike Dawe,IT Manager,mdawe@sonomalibrary.org,"Business, Community Anchor Institution, Government or Public Organization, Private Sector and Non-Governmental Organizations",,"Locating low-cost internet service programs, Digital navigation (in-person or virtual/call center), Digital literacy & skills training, Technical support, Free/Low-cost hotspots, Public Wi-Fi, Computer center(s), Online educational resources, Workforce development resources",County-wide or across multiple counties,Sonoma,,Virtually,https://sonomalibrary.org/,,,,,,,,,,,,,,,,,,,,,,,,,,No. Our services are offered free of cost.,"Yes, Aging Individuals (Age 60+), Incarcerated Individuals, Veterans, Individuals with Disabilities, Individuals with Language Barriers (Limited English Proficiency individuals, etc.), Ethnic or Minority Communities, Rural Communities, Other","English, Spanish","Partnership opportunities, Collective action, Information sharing",No. Our services are offered free of cost.,11/26/25 8:31
"Glendale Library, Arts & Culture",Virtual,,,,'+18185482030,https://www.glendaleca.gov/government/departments/library-arts-culture,Lessa Pelayo-Lozada,Director,lpelayolozada@glendaleca.gov,"Business, Community Anchor Institution, Government or Public Organization, Private Sector and Non-Governmental Organizations",,"Digital literacy & skills training, Technical support, Free/Low-cost devices, Free/Low-cost hotspots, Public Wi-Fi, Computer center(s), Online educational resources, Workforce development resources",City-wide or across multiple cities,Los Angeles,,Virtually,https://lpelayolozada@glendaleca.gov,,,,,,,,,,,,,,,,,,,,,,,,,,No. Our services are offered free of cost.,"Yes, Aging Individuals (Age 60+), Veterans, Individuals with Disabilities, Individuals with Language Barriers (Limited English Proficiency individuals, etc.), Ethnic or Minority Communities","English, Spanish, Korean, Armenian",Partnership opportunities,No. Our services are offered free of cost.,11/26/25 8:15
Easterseals Southern California,Virtual,,,,'+17148341111,https://socal.easterseals.com/,Reese Peterson,Director,reese.peterson@essc.org,"Business, Community Anchor Institution, Government or Public Organization, Private Sector and Non-Governmental Organizations",,"Locating low-cost internet service programs, Digital literacy & skills training, Free/Low-cost devices, Free/Low-cost hotspots",County-wide or across multiple counties,"Imperial, Kern, Los Angeles, Orange, Riverside, San Bernardino, San Diego, San Luis Obispo, Santa Barbara, Ventura",,Virtually,https://socal.easterseals.com/get-support/areas-of-support/adult-day-services/virtual-community-remote-services,,,,,,,,,,,,,,,,,,,,,,,,,,Yes. We charge a fee for our services and it’s more than $25.,"Yes, Aging Individuals (Age 60+), Veterans, Individuals with Disabilities, Individuals with Language Barriers (Limited English Proficiency individuals, etc.), Ethnic or Minority Communities, Rural Communities","English, Spanish","Partnership opportunities, Collective action",Yes. We charge a fee for our services.,11/25/25 13:55
Easterseals Southern California,1063 McGaw Ave,Irvine,CA,92614,'+17148341111,https://socal.easterseals.com/,Reese Peterson,Director,reese.peterson@essc.org,"Business, Community Anchor Institution, Government or Public Organization, Private Sector and Non-Governmental Organizations",,"Locating low-cost internet service programs, Digital literacy & skills training, Free/Low-cost devices, Free/Low-cost hotspots",County-wide or across multiple counties,"Imperial, Kern, Los Angeles, Orange, Riverside, San Bernardino, San Diego, San Luis Obispo, Santa Barbara, Ventura",,In-Person,,,Irvine,'+17148341111,9:00 a.m. - 4:30 p.m.,,,Irvine,'+17148341111,9:00 a.m. - 4:30 p.m.,,,Irvine,'+17148341111,9:00 a.m. - 4:30 p.m.,,,Irvine,'+17148341111,9:00 a.m. - 4:30 p.m.,,,Irvine,'+17148341111,9:00 a.m. - 4:30 p.m.,,Yes. We charge a fee for our services and it’s more than $25.,"Yes, Aging Individuals (Age 60+), Veterans, Individuals with Disabilities, Individuals with Language Barriers (Limited English Proficiency individuals, etc.), Ethnic or Minority Communities, Rural Communities","English, Spanish","Partnership opportunities, Collective action",Yes. We charge a fee for our services.,11/25/25 13:55
California State Library,Virtual,,,,'+19166036713,https://library.ca.gov,Josh Chisom,Broadband Programs Manager,josh.chisom@library.ca.gov,"Business, Community Anchor Institution, Government or Public Organization, Private Sector and Non-Governmental Organizations",,"Digital navigation (in-person or virtual/call center), Digital literacy & skills training, Technical support, Free/Low-cost devices, Public Wi-Fi, Computer center(s), Online educational resources, Workforce development resources",Statewide,,,Virtually,https://www.library.ca.gov/services/digital-concierge/,,,,,,,,,,,,,,,,,,,,,,,,,,No. Our services are offered free of cost.,"Yes, Aging Individuals (Age 60+), Incarcerated Individuals, Veterans, Individuals with Disabilities, Individuals with Language Barriers (Limited English Proficiency individuals, etc.), Ethnic or Minority Communities, Rural Communities","English, Spanish","Organizational training, Partnership opportunities, Information sharing, Other",No. Our services are offered free of cost.,11/25/25 11:01
California State Library,California State Library,Sacramento,CA,95814,'+19166036713,https://library.ca.gov,Josh Chisom,Broadband Programs Manager,josh.chisom@library.ca.gov,"Business, Community Anchor Institution, Government or Public Organization, Private Sector and Non-Governmental Organizations",,"Digital navigation (in-person or virtual/call center), Digital literacy & skills training, Technical support, Free/Low-cost devices, Public Wi-Fi, Computer center(s), Online educational resources, Workforce development resources",Statewide,,,In-Person,,,Sacramento,'+19163239843,"Tuesday–Thursday, 9:30 am – 4:00 pm",https://www.library.ca.gov/contact-us/,,Sacramento,'+19163239843,"Tuesday–Thursday, 9:30 am – 4:00 pm",https://www.library.ca.gov/contact-us/,,Sacramento,'+19163239843,"Tuesday–Thursday, 9:30 am – 4:00 pm",https://www.library.ca.gov/contact-us/,,Sacramento,'+19163239843,"Tuesday–Thursday, 9:30 am – 4:00 pm",https://www.library.ca.gov/contact-us/,,Sacramento,'+19163239843,"Tuesday–Thursday, 9:30 am – 4:00 pm",https://www.library.ca.gov/contact-us/,No. Our services are offered free of cost.,"Yes, Aging Individuals (Age 60+), Incarcerated Individuals, Veterans, Individuals with Disabilities, Individuals with Language Barriers (Limited English Proficiency individuals, etc.), Ethnic or Minority Communities, Rural Communities","English, Spanish","Organizational training, Partnership opportunities, Information sharing, Other",No. Our services are offered free of cost.,11/25/25 11:01
California State Library,914 Capitol Mall,Sacramento,CA,95814,'+19166036713,https://library.ca.gov,Josh Chisom,Broadband Programs Manager,josh.chisom@library.ca.gov,"Business, Community Anchor Institution, Government or Public Organization, Private Sector and Non-Governmental Organizations",,"Digital navigation (in-person or virtual/call center), Digital literacy & skills training, Technical support, Free/Low-cost devices, Public Wi-Fi, Computer center(s), Online educational resources, Workforce development resources",Statewide,,,In-Person,,Stanley Mosk Library & Courts Building,Sacramento,'+19166037217,"Monday–Friday, 9:30 am – 4:00 pm",https://www.library.ca.gov/contact-us/,Stanley Mosk Library & Courts Building,Sacramento,'+19166037217,"Monday–Friday, 9:30 am – 4:00 pm",https://www.library.ca.gov/contact-us/,Stanley Mosk Library & Courts Building,Sacramento,'+19166037217,"Monday–Friday, 9:30 am – 4:00 pm",https://www.library.ca.gov/contact-us/,Stanley Mosk Library & Courts Building,Sacramento,'+19166037217,"Monday–Friday, 9:30 am – 4:00 pm",https://www.library.ca.gov/contact-us/,Stanley Mosk Library & Courts Building,Sacramento,'+19166037217,"Monday–Friday, 9:30 am – 4:00 pm",https://www.library.ca.gov/contact-us/,No. Our services are offered free of cost.,"Yes, Aging Individuals (Age 60+), Incarcerated Individuals, Veterans, Individuals with Disabilities, Individuals with Language Barriers (Limited English Proficiency individuals, etc.), Ethnic or Minority Communities, Rural Communities","English, Spanish","Organizational training, Partnership opportunities, Information sharing, Other",No. Our services are offered free of cost.,11/25/25 11:01
California State Library,J. Paul Leonard Library 5th Floor,San Francisco,CA,94132,'+19166036713,https://library.ca.gov,Josh Chisom,Broadband Programs Manager,josh.chisom@library.ca.gov,"Business, Community Anchor Institution, Government or Public Organization, Private Sector and Non-Governmental Organizations",,"Digital navigation (in-person or virtual/call center), Digital literacy & skills training, Technical support, Free/Low-cost devices, Public Wi-Fi, Computer center(s), Online educational resources, Workforce development resources",Statewide,,,In-Person,,Sutro Library,San Francisco,,"Tuesday-Thursday, 10:00 am – 4:00pm; closed for lunch 12:30pm – 1:30pm",https://www.library.ca.gov/sutro/,Sutro Library,San Francisco,,"Tuesday-Thursday, 10:00 am – 4:00pm; closed for lunch 12:30pm – 1:30pm",https://www.library.ca.gov/sutro/,Sutro Library,San Francisco,,"Tuesday-Thursday, 10:00 am – 4:00pm; closed for lunch 12:30pm – 1:30pm",https://www.library.ca.gov/sutro/,Sutro Library,San Francisco,,"Tuesday-Thursday, 10:00 am – 4:00pm; closed for lunch 12:30pm – 1:30pm",https://www.library.ca.gov/sutro/,Sutro Library,San Francisco,,"Tuesday-Thursday, 10:00 am – 4:00pm; closed for lunch 12:30pm – 1:30pm",https://www.library.ca.gov/sutro/,No. Our services are offered free of cost.,"Yes, Aging Individuals (Age 60+), Incarcerated Individuals, Veterans, Individuals with Disabilities, Individuals with Language Barriers (Limited English Proficiency individuals, etc.), Ethnic or Minority Communities, Rural Communities","English, Spanish","Organizational training, Partnership opportunities, Information sharing, Other",No. Our services are offered free of cost.,11/25/25 11:01
Palm Desert Library,73300 Fred Waring Drive,Palm Desert,CA,92260,'+17603466552,https://www.palmdeserylibrary.org,Shannon Vonnegut,Director of Library Services,svonnegut@palmdesert.gov,"Business, Community Anchor Institution, Government or Public Organization, Private Sector and Non-Governmental Organizations",,"Digital literacy & skills training, Public Wi-Fi, Online educational resources",City-wide or across multiple cities,Riverside,,In-Person,,,Palm Desert,'+17603466552,"M-W 10-8, Th-Sat 10-6, Sun 1-5",https://www.palmdesert.org,,Palm Desert,'+17603466552,"M-W 10-8, Th-Sat 10-6, Sun 1-5",https://www.palmdesert.org,,Palm Desert,'+17603466552,"M-W 10-8, Th-Sat 10-6, Sun 1-5",https://www.palmdesert.org,,Palm Desert,'+17603466552,"M-W 10-8, Th-Sat 10-6, Sun 1-5",https://www.palmdesert.org,,Palm Desert,'+17603466552,"M-W 10-8, Th-Sat 10-6, Sun 1-5",https://www.palmdesert.org,No. Our services are offered free of cost.,"Yes, Aging Individuals (Age 60+), Veterans, Individuals with Disabilities, Individuals with Language Barriers (Limited English Proficiency individuals, etc.), Ethnic or Minority Communities",English,,No. Our services are offered free of cost.,11/25/25 10:08
Mattole Valley Resource Center,PO Box 191,Petrolia,CA,95558,'+17076293348,https://mattolevalleyresourcecenter.org,Emily Herman,Executive Director,emilymvrc@gmail.com,"Business, Community Anchor Institution, Government or Public Organization, Private Sector and Non-Governmental Organizations",,"Digital literacy & skills training, Free/Low-cost hotspots, Public Wi-Fi, Workforce development resources",Other,,,In-Person,,,,,,,,,,,,,,,,,,,,,,,,,,,No. Our services are offered free of cost.,"Yes, Aging Individuals (Age 60+), Veterans, Individuals with Disabilities, Individuals with Language Barriers (Limited English Proficiency individuals, etc.), Ethnic or Minority Communities, Rural Communities, Other",English,"Partnership opportunities, Information sharing",No. Our services are offered free of cost.,11/24/25 17:06
Human-I-T,Virtual,,,,'+18882683921,https://human-i-t.org,Adam Sharma,"VP, Strategic Partnerships",info@human-i-t.org,"Business, Community Anchor Institution, Government or Public Organization, Private Sector and Non-Governmental Organizations",,"Locating low-cost internet service programs, Enrollment assistance in low-cost internet service programs, Digital navigation (in-person or virtual/call center), Digital literacy & skills training, Technical support, Free/Low-cost devices, Free/Low-cost hotspots, Online educational resources, Workforce development resources",Statewide,,,Virtually,https://www.human-i-t.org/get-connected/,,,,,,,,,,,,,,,,,,,,,,,,,,No. Our services are offered free of cost.,"Yes, Aging Individuals (Age 60+), Incarcerated Individuals, Veterans, Individuals with Disabilities, Individuals with Language Barriers (Limited English Proficiency individuals, etc.), Ethnic or Minority Communities, Rural Communities, Other","English, Spanish, Other","Train-the-trainer, Partnership opportunities, Collective action, Information sharing, Other",No. Our services are offered free of cost.,11/24/25 12:31
North State Planning and Development Collective,Virtual,,,,'+15308984372,https://nspdc.chico.edu,Jason Schwenkler,Executive Director,jschwenkler@csuchico.edu,"Business, Community Anchor Institution, Government or Public Organization, Private Sector and Non-Governmental Organizations",,"Locating low-cost internet service programs, Enrollment assistance in low-cost internet service programs, Digital navigation (in-person or virtual/call center), Digital literacy & skills training, Free/Low-cost devices, Public Wi-Fi, Computer center(s), Online educational resources, Workforce development resources",County-wide or across multiple counties,"Butte, Colusa, Glenn, Lake, Lassen, Modoc, Plumas, Shasta, Siskiyou, Tehama",,Virtually,,,,,,,,,,,,,,,,,,,,,,,,,,,No. Our services are offered free of cost.,"Yes, Aging Individuals (Age 60+), Veterans, Individuals with Disabilities, Individuals with Language Barriers (Limited English Proficiency individuals, etc.), Ethnic or Minority Communities, Rural Communities, Other",English,Partnership opportunities,No. Our services are offered free of cost.,11/24/25 12:09
El Segundo Public Library,111 W. Mariposa Avenue,El Segundo,CA,90245,'+13105242722,https://www.elsegundolibrary.org,Mark Herbert,Library Manager,refdesk@elsegundo.org,"Business, Community Anchor Institution, Government or Public Organization, Private Sector and Non-Governmental Organizations",,"Digital navigation (in-person or virtual/call center), Digital literacy & skills training, Technical support, Public Wi-Fi, Online educational resources, Workforce development resources",City-wide or across multiple cities,Los Angeles,,In-Person,,,El Segundo,'+13105242722,"9am-8pm Mon-Thurs, 10am-5pm Fri & Sat",https://www.elsegundolibrary.org,,El Segundo,'+13105242722,"9am-8pm Mon-Thurs, 10am-5pm Fri & Sat",https://www.elsegundolibrary.org,,El Segundo,'+13105242722,"9am-8pm Mon-Thurs, 10am-5pm Fri & Sat",https://www.elsegundolibrary.org,,El Segundo,'+13105242722,"9am-8pm Mon-Thurs, 10am-5pm Fri & Sat",https://www.elsegundolibrary.org,,El Segundo,'+13105242722,"9am-8pm Mon-Thurs, 10am-5pm Fri & Sat",https://www.elsegundolibrary.org,No. Our services are offered free of cost.,"Yes, Aging Individuals (Age 60+), Veterans, Individuals with Disabilities, Individuals with Language Barriers (Limited English Proficiency individuals, etc.), Ethnic or Minority Communities","English, Spanish",Information sharing,No. Our services are offered free of cost.,11/24/25 11:41
GetSetUp,Virtual,,,,'+14085693413,https://www.getsetup.io,Paul Morillo,VP Government Partnerships,paul@getsetup.io,"Business, Community Anchor Institution, Government or Public Organization, Private Sector and Non-Governmental Organizations",,"Digital navigation (in-person or virtual/call center), Digital literacy & skills training, Technical support, Online educational resources, Workforce development resources",Statewide,,,Virtually,https://www.getsetup.io,,,,,,,,,,,,,,,,,,,,,,,,,,Yes. We charge a fee for our services and it’s less than $25.,"Yes, Aging Individuals (Age 60+), Incarcerated Individuals, Veterans, Individuals with Disabilities, Individuals with Language Barriers (Limited English Proficiency individuals, etc.), Ethnic or Minority Communities, Rural Communities","English, Spanish, Mandarin, Cantonese, Hindi","Digital equity grant writing, Organizational training, Train-the-trainer, Partnership opportunities, Information sharing",Yes. We charge a fee for our services.,11/24/25 11:00
Corona Public Library,650 S. Main Street,Corona,CA,92882,'+19512793728,https://www.coronaca.gov/departments/library,Daniell Whittington,Library Manager,aska.librarian@coronaca.gov,"Business, Community Anchor Institution, Government or Public Organization, Private Sector and Non-Governmental Organizations",,"Digital literacy & skills training, Technical support, Free/Low-cost devices, Public Wi-Fi, Computer center(s), Online educational resources",City-wide or across multiple cities,Riverside,,In-Person,,,Corona,,Monday-Friday: 10a-8p; Saturday 10a-2p,https://www.coronaca.gov/departments/library,,Corona,,Monday-Friday: 10a-8p; Saturday 10a-2p,https://www.coronaca.gov/departments/library,,Corona,,Monday-Friday: 10a-8p; Saturday 10a-2p,https://www.coronaca.gov/departments/library,,Corona,,Monday-Friday: 10a-8p; Saturday 10a-2p,https://www.coronaca.gov/departments/library,,Corona,,Monday-Friday: 10a-8p; Saturday 10a-2p,https://www.coronaca.gov/departments/library,No. Our services are offered free of cost.,"Yes, Aging Individuals (Age 60+), Veterans, Individuals with Disabilities, Individuals with Language Barriers (Limited English Proficiency individuals, etc.), Ethnic or Minority Communities","English, Spanish",,No. Our services are offered free of cost.,11/24/25 10:32
Pacific Grove Public Library,550 Central Ave.,Pacific Grove,CA,93950,'+18316485760,https://www.pacificgrovelibrary.org/,Angela Canales,Administrative Analyst,acanales@cityofpacificgrove.org,"Business, Community Anchor Institution, Government or Public Organization, Private Sector and Non-Governmental Organizations",,"Locating low-cost internet service programs, Enrollment assistance in low-cost internet service programs, Digital navigation (in-person or virtual/call center), Technical support, Public Wi-Fi, Computer center(s), Online educational resources, Workforce development resources",City-wide or across multiple cities,Monterey,,In-Person,,,,,42 hours per week,,,,,42 hours per week,,,,,42 hours per week,,,,,42 hours per week,,,,,42 hours per week,,No. Our services are offered free of cost.,No,English,Partnership opportunities,No. Our services are offered free of cost.,11/24/25 10:27
Del Norte County Library District,Virtual,,,,'+17074649793,https://delnortecountylibrary.org/,Beth Quetschke,Library Director,bethq@delnortecountylibrary.org,"Business, Community Anchor Institution, Government or Public Organization, Private Sector and Non-Governmental Organizations",,"Digital navigation (in-person or virtual/call center), Digital literacy & skills training, Technical support, Public Wi-Fi, Computer center(s), Online educational resources, Workforce development resources",County-wide or across multiple counties,Del Norte,,Virtually,https://delnortecountylibrary.org/services-1,,,,,,,,,,,,,,,,,,,,,,,,,,No. Our services are offered free of cost.,"Yes, Aging Individuals (Age 60+), Veterans, Individuals with Disabilities, Individuals with Language Barriers (Limited English Proficiency individuals, etc.), Ethnic or Minority Communities, Rural Communities",English,"Partnership opportunities, Information sharing",No. Our services are offered free of cost.,11/24/25 10:20
Del Norte County Library District,190 Price Mall,Crescent City,CA,95531,'+17074649793,https://delnortecountylibrary.org/,Beth Quetschke,Library Director,bethq@delnortecountylibrary.org,"Business, Community Anchor Institution, Government or Public Organization, Private Sector and Non-Governmental Organizations",,"Digital navigation (in-person or virtual/call center), Digital literacy & skills training, Technical support, Public Wi-Fi, Computer center(s), Online educational resources, Workforce development resources",County-wide or across multiple counties,Del Norte,,In-Person,,,Crescent City,'+17074649793,Monday through Saturday 10-6,https://delnortecountylibrary.org/services-1,,Crescent City,'+17074649793,Monday through Saturday 10-6,https://delnortecountylibrary.org/services-1,,Crescent City,'+17074649793,Monday through Saturday 10-6,https://delnortecountylibrary.org/services-1,,Crescent City,'+17074649793,Monday through Saturday 10-6,https://delnortecountylibrary.org/services-1,,Crescent City,'+17074649793,Monday through Saturday 10-6,https://delnortecountylibrary.org/services-1,No. Our services are offered free of cost.,"Yes, Aging Individuals (Age 60+), Veterans, Individuals with Disabilities, Individuals with Language Barriers (Limited English Proficiency individuals, etc.), Ethnic or Minority Communities, Rural Communities",English,"Partnership opportunities, Information sharing",No. Our services are offered free of cost.,11/24/25 10:20
Del Norte County Library District,241 W First St,Smith River,CA,95567,'+17074649793,https://delnortecountylibrary.org/,Beth Quetschke,Library Director,bethq@delnortecountylibrary.org,"Business, Community Anchor Institution, Government or Public Organization, Private Sector and Non-Governmental Organizations",,"Digital navigation (in-person or virtual/call center), Digital literacy & skills training, Technical support, Public Wi-Fi, Computer center(s), Online educational resources, Workforce development resources",County-wide or across multiple counties,Del Norte,,In-Person,,Smith River Library of Del Norte County,Smith River,'+17074878048,Tuesday through Friday 11-3,https://delnortecountylibrary.org/services-1,Smith River Library of Del Norte County,Smith River,'+17074878048,Tuesday through Friday 11-3,https://delnortecountylibrary.org/services-1,Smith River Library of Del Norte County,Smith River,'+17074878048,Tuesday through Friday 11-3,https://delnortecountylibrary.org/services-1,Smith River Library of Del Norte County,Smith River,'+17074878048,Tuesday through Friday 11-3,https://delnortecountylibrary.org/services-1,Smith River Library of Del Norte County,Smith River,'+17074878048,Tuesday through Friday 11-3,https://delnortecountylibrary.org/services-1,No. Our services are offered free of cost.,"Yes, Aging Individuals (Age 60+), Veterans, Individuals with Disabilities, Individuals with Language Barriers (Limited English Proficiency individuals, etc.), Ethnic or Minority Communities, Rural Communities",English,"Partnership opportunities, Information sharing",No. Our services are offered free of cost.,11/24/25 10:20
Humboldt County Library,1313 3rd Street,Eureka,CA,95501,'+17072691918,https://humboldtgov.org/2544/Public-Library,Christopher Cooper,Director of Library Services,hcl@co.humboldt.ca.us,"Business, Community Anchor Institution, Government or Public Organization, Private Sector and Non-Governmental Organizations",,"Digital literacy & skills training, Technical support, Public Wi-Fi",County-wide or across multiple counties,Humboldt,,In-Person,,,,,,,,,,,,,,,,,,,,,,,,,,,No. Our services are offered free of cost.,"Yes, Aging Individuals (Age 60+), Veterans, Individuals with Disabilities, Individuals with Language Barriers (Limited English Proficiency individuals, etc.), Ethnic or Minority Communities, Rural Communities","English, Spanish",,No. Our services are offered free of cost.,11/24/25 8:05
Human-I-T,Virtual,,,,'+18882683921,https://human-i-t.org,Kristina Parks,VP of Impact,grants@human-i-t.org,"Business, Community Anchor Institution, Government or Public Organization, Private Sector and Non-Governmental Organizations",,"Locating low-cost internet service programs, Enrollment assistance in low-cost internet service programs, Digital navigation (in-person or virtual/call center), Digital literacy & skills training, Technical support, Free/Low-cost devices, Free/Low-cost hotspots, Computer center(s), Online educational resources, Workforce development resources",Other,,,Virtually,https://human-i-t.org,,,,,,,,,,,,,,,,,,,,,,,,,,No. Our services are offered free of cost.,"Yes, Aging Individuals (Age 60+), Incarcerated Individuals, Veterans, Individuals with Disabilities, Individuals with Language Barriers (Limited English Proficiency individuals, etc.), Ethnic or Minority Communities, Rural Communities","English, Spanish, Other","Organizational training, Train-the-trainer, Partnership opportunities, Collective action",No. Our services are offered free of cost.,11/24/25 7:56
Human-I-T,4941 Eastern Ave,Bell,CA,90201,'+18882683921,https://human-i-t.org,Kristina Parks,VP of Impact,grants@human-i-t.org,"Business, Community Anchor Institution, Government or Public Organization, Private Sector and Non-Governmental Organizations",,"Locating low-cost internet service programs, Enrollment assistance in low-cost internet service programs, Digital navigation (in-person or virtual/call center), Digital literacy & skills training, Technical support, Free/Low-cost devices, Free/Low-cost hotspots, Computer center(s), Online educational resources, Workforce development resources",Other,,,In-Person,,,,,,,,,,,,,,,,,,,,,,,,,,,No. Our services are offered free of cost.,"Yes, Aging Individuals (Age 60+), Incarcerated Individuals, Veterans, Individuals with Disabilities, Individuals with Language Barriers (Limited English Proficiency individuals, etc.), Ethnic or Minority Communities, Rural Communities","English, Spanish, Other","Organizational training, Train-the-trainer, Partnership opportunities, Collective action",No. Our services are offered free of cost.,11/24/25 7:56
Monterey Park Bruggemeyer Library,318 S Ramona Ave,Monterey Park,CA,91754,'+16263071366,https://www.montereypark.ca.gov/1541/Library,Linda Vera,Library Manager,lvera@montereypark.ca.gov,"Business, Community Anchor Institution, Government or Public Organization, Private Sector and Non-Governmental Organizations",,"Digital literacy & skills training, Technical support, Public Wi-Fi, Computer center(s)",City-wide or across multiple cities,Los Angeles,,In-Person,,,Monterey Park,'+16263071366,"Monday and Tuesday, 12PM to 8 PM. Wednesday - Saturday, 10AM - 6 PM",https://www.montereypark.ca.gov/1148/Computer-Help-Online-Tutorials,,Monterey Park,'+16263071366,"Monday and Tuesday, 12PM to 8 PM. Wednesday - Saturday, 10AM - 6 PM",https://www.montereypark.ca.gov/1148/Computer-Help-Online-Tutorials,,Monterey Park,'+16263071366,"Monday and Tuesday, 12PM to 8 PM. Wednesday - Saturday, 10AM - 6 PM",https://www.montereypark.ca.gov/1148/Computer-Help-Online-Tutorials,,Monterey Park,'+16263071366,"Monday and Tuesday, 12PM to 8 PM. Wednesday - Saturday, 10AM - 6 PM",https://www.montereypark.ca.gov/1148/Computer-Help-Online-Tutorials,,Monterey Park,'+16263071366,"Monday and Tuesday, 12PM to 8 PM. Wednesday - Saturday, 10AM - 6 PM",https://www.montereypark.ca.gov/1148/Computer-Help-Online-Tutorials,No. Our services are offered free of cost.,"Yes, Aging Individuals (Age 60+), Ethnic or Minority Communities","English, Spanish, Mandarin",Partnership opportunities,No. Our services are offered free of cost.,11/21/25 16:25
South San Francisco Public Library,Virtual,,,,'+16508293860,https://www.ssfca.gov/library,Mabel Lee,Management Analyst II,leemab@plsinfo.org,"Business, Community Anchor Institution, Government or Public Organization, Private Sector and Non-Governmental Organizations",,"Digital navigation (in-person or virtual/call center), Digital literacy & skills training, Technical support, Free/Low-cost devices, Public Wi-Fi, Computer center(s), Online educational resources, Workforce development resources",County-wide or across multiple counties,San Mateo,,Virtually,https://www.ssfca.gov/Departments/Library/Online-Library,,,,,,,,,,,,,,,,,,,,,,,,,,Yes. We charge a fee for our services and it’s less than $25.,"Yes, Aging Individuals (Age 60+), Incarcerated Individuals, Veterans, Individuals with Disabilities, Individuals with Language Barriers (Limited English Proficiency individuals, etc.), Ethnic or Minority Communities, Rural Communities","English, Spanish, Tagalog, Mandarin, Cantonese, French","Digital equity grant writing, Organizational training, Train-the-trainer, Partnership opportunities, Information sharing",Yes. We charge a fee for our services.,11/21/25 16:15
South San Francisco Public Library,901 Civic Campus Way,,CA,94080,'+16508293860,https://www.ssfca.gov/library,Mabel Lee,Management Analyst II,leemab@plsinfo.org,"Business, Community Anchor Institution, Government or Public Organization, Private Sector and Non-Governmental Organizations",,"Digital navigation (in-person or virtual/call center), Digital literacy & skills training, Technical support, Free/Low-cost devices, Public Wi-Fi, Computer center(s), Online educational resources, Workforce development resources",County-wide or across multiple counties,San Mateo,,In-Person,,,,'+16508293860,Mondays and Tuesdays - 10:00 a.m. - 8:00 p.m. Wednesdays - 10:00 a.m. - 6:00 p.m. Thursdays - 12:00 p.m. - 8:00 p.m. Fridays - 10:00 a.m. - 6:00 p.m. Saturdays - 10:00 a.m. - 5:00 p.m. Sundays - 2:00 p.m. - 5:00 p.m.,https://www.ssfca.gov/library,,,'+16508293860,Mondays and Tuesdays - 10:00 a.m. - 8:00 p.m. Wednesdays - 10:00 a.m. - 6:00 p.m. Thursdays - 12:00 p.m. - 8:00 p.m. Fridays - 10:00 a.m. - 6:00 p.m. Saturdays - 10:00 a.m. - 5:00 p.m. Sundays - 2:00 p.m. - 5:00 p.m.,https://www.ssfca.gov/library,,,'+16508293860,Mondays and Tuesdays - 10:00 a.m. - 8:00 p.m. Wednesdays - 10:00 a.m. - 6:00 p.m. Thursdays - 12:00 p.m. - 8:00 p.m. Fridays - 10:00 a.m. - 6:00 p.m. Saturdays - 10:00 a.m. - 5:00 p.m. Sundays - 2:00 p.m. - 5:00 p.m.,https://www.ssfca.gov/library,,,'+16508293860,Mondays and Tuesdays - 10:00 a.m. - 8:00 p.m. Wednesdays - 10:00 a.m. - 6:00 p.m. Thursdays - 12:00 p.m. - 8:00 p.m. Fridays - 10:00 a.m. - 6:00 p.m. Saturdays - 10:00 a.m. - 5:00 p.m. Sundays - 2:00 p.m. - 5:00 p.m.,https://www.ssfca.gov/library,,,'+16508293860,Mondays and Tuesdays - 10:00 a.m. - 8:00 p.m. Wednesdays - 10:00 a.m. - 6:00 p.m. Thursdays - 12:00 p.m. - 8:00 p.m. Fridays - 10:00 a.m. - 6:00 p.m. Saturdays - 10:00 a.m. - 5:00 p.m. Sundays - 2:00 p.m. - 5:00 p.m.,https://www.ssfca.gov/library,Yes. We charge a fee for our services and it’s less than $25.,"Yes, Aging Individuals (Age 60+), Incarcerated Individuals, Veterans, Individuals with Disabilities, Individuals with Language Barriers (Limited English Proficiency individuals, etc.), Ethnic or Minority Communities, Rural Communities","English, Spanish, Tagalog, Mandarin, Cantonese, French","Digital equity grant writing, Organizational training, Train-the-trainer, Partnership opportunities, Information sharing",Yes. We charge a fee for our services.,11/21/25 16:15
South San Francisco Public Library,306 Walnut Avenue,,CA,94080,'+16508293860,https://www.ssfca.gov/library,Mabel Lee,Management Analyst II,leemab@plsinfo.org,"Business, Community Anchor Institution, Government or Public Organization, Private Sector and Non-Governmental Organizations",,"Digital navigation (in-person or virtual/call center), Digital literacy & skills training, Technical support, Free/Low-cost devices, Public Wi-Fi, Computer center(s), Online educational resources, Workforce development resources",County-wide or across multiple counties,San Mateo,,In-Person,,Grand Avenue Library,,'+16508778530,"Mondays, Tuesdays, Thursdays, Fridays - 10:00 a.m. - 6:00 p.m. Wednesdays - 12:00 p.m. - 8:00 p.m. Saturdays - 10:00 a.m. - 5:00 p.m. Sundays - Closed",https://www.ssfca.gov/library,Grand Avenue Library,,'+16508778530,"Mondays, Tuesdays, Thursdays, Fridays - 10:00 a.m. - 6:00 p.m. Wednesdays - 12:00 p.m. - 8:00 p.m. Saturdays - 10:00 a.m. - 5:00 p.m. Sundays - Closed",https://www.ssfca.gov/library,Grand Avenue Library,,'+16508778530,"Mondays, Tuesdays, Thursdays, Fridays - 10:00 a.m. - 6:00 p.m. Wednesdays - 12:00 p.m. - 8:00 p.m. Saturdays - 10:00 a.m. - 5:00 p.m. Sundays - Closed",https://www.ssfca.gov/library,Grand Avenue Library,,'+16508778530,"Mondays, Tuesdays, Thursdays, Fridays - 10:00 a.m. - 6:00 p.m. Wednesdays - 12:00 p.m. - 8:00 p.m. Saturdays - 10:00 a.m. - 5:00 p.m. Sundays - Closed",https://www.ssfca.gov/library,Grand Avenue Library,,'+16508778530,"Mondays, Tuesdays, Thursdays, Fridays - 10:00 a.m. - 6:00 p.m. Wednesdays - 12:00 p.m. - 8:00 p.m. Saturdays - 10:00 a.m. - 5:00 p.m. Sundays - Closed",https://www.ssfca.gov/library,Yes. We charge a fee for our services and it’s less than $25.,"Yes, Aging Individuals (Age 60+), Incarcerated Individuals, Veterans, Individuals with Disabilities, Individuals with Language Barriers (Limited English Proficiency individuals, etc.), Ethnic or Minority Communities, Rural Communities","English, Spanish, Tagalog, Mandarin, Cantonese, French","Digital equity grant writing, Organizational training, Train-the-trainer, Partnership opportunities, Information sharing",Yes. We charge a fee for our services.,11/21/25 16:15
South San Francisco Public Library,520 Tamarack Lane,,CA,94080,'+16508293860,https://www.ssfca.gov/library,Mabel Lee,Management Analyst II,leemab@plsinfo.org,"Business, Community Anchor Institution, Government or Public Organization, Private Sector and Non-Governmental Organizations",,"Digital navigation (in-person or virtual/call center), Digital literacy & skills training, Technical support, Free/Low-cost devices, Public Wi-Fi, Computer center(s), Online educational resources, Workforce development resources",County-wide or across multiple counties,San Mateo,,In-Person,,Gene Mullin Community Learning Center,,'+16508778540,Monday and Friday - by appointment only Tuesday through Thursday - 3:00 p.m. - 7:00 p.m. Saturday - by appointment only Sunday - Closed Other Hours - by appointment,https://www.ssfca.gov/Departments/Library/Services/Literacy-Services/Community-Learning-Center,Gene Mullin Community Learning Center,,'+16508778540,Monday and Friday - by appointment only Tuesday through Thursday - 3:00 p.m. - 7:00 p.m. Saturday - by appointment only Sunday - Closed Other Hours - by appointment,https://www.ssfca.gov/Departments/Library/Services/Literacy-Services/Community-Learning-Center,Gene Mullin Community Learning Center,,'+16508778540,Monday and Friday - by appointment only Tuesday through Thursday - 3:00 p.m. - 7:00 p.m. Saturday - by appointment only Sunday - Closed Other Hours - by appointment,https://www.ssfca.gov/Departments/Library/Services/Literacy-Services/Community-Learning-Center,Gene Mullin Community Learning Center,,'+16508778540,Monday and Friday - by appointment only Tuesday through Thursday - 3:00 p.m. - 7:00 p.m. Saturday - by appointment only Sunday - Closed Other Hours - by appointment,https://www.ssfca.gov/Departments/Library/Services/Literacy-Services/Community-Learning-Center,Gene Mullin Community Learning Center,,'+16508778540,Monday and Friday - by appointment only Tuesday through Thursday - 3:00 p.m. - 7:00 p.m. Saturday - by appointment only Sunday - Closed Other Hours - by appointment,https://www.ssfca.gov/Departments/Library/Services/Literacy-Services/Community-Learning-Center,Yes. We charge a fee for our services and it’s less than $25.,"Yes, Aging Individuals (Age 60+), Incarcerated Individuals, Veterans, Individuals with Disabilities, Individuals with Language Barriers (Limited English Proficiency individuals, etc.), Ethnic or Minority Communities, Rural Communities","English, Spanish, Tagalog, Mandarin, Cantonese, French","Digital equity grant writing, Organizational training, Train-the-trainer, Partnership opportunities, Information sharing",Yes. We charge a fee for our services.,11/21/25 16:15
South San Francisco Public Library,"901 Civic Campus Way, 3rd Floor",,CA,94080,'+16508293860,https://www.ssfca.gov/library,Mabel Lee,Management Analyst II,leemab@plsinfo.org,"Business, Community Anchor Institution, Government or Public Organization, Private Sector and Non-Governmental Organizations",,"Digital navigation (in-person or virtual/call center), Digital literacy & skills training, Technical support, Free/Low-cost devices, Public Wi-Fi, Computer center(s), Online educational resources, Workforce development resources",County-wide or across multiple counties,San Mateo,,In-Person,,Project Read,,'+16508293871,Monday - Friday 9:00 a.m. - 5:00 p.m. Saturday - Sunday Closed,https://www.ssfca.gov/Departments/Library/Services/Literacy-Services/Project-Read,Project Read,,'+16508293871,Monday - Friday 9:00 a.m. - 5:00 p.m. Saturday - Sunday Closed,https://www.ssfca.gov/Departments/Library/Services/Literacy-Services/Project-Read,Project Read,,'+16508293871,Monday - Friday 9:00 a.m. - 5:00 p.m. Saturday - Sunday Closed,https://www.ssfca.gov/Departments/Library/Services/Literacy-Services/Project-Read,Project Read,,'+16508293871,Monday - Friday 9:00 a.m. - 5:00 p.m. Saturday - Sunday Closed,https://www.ssfca.gov/Departments/Library/Services/Literacy-Services/Project-Read,Project Read,,'+16508293871,Monday - Friday 9:00 a.m. - 5:00 p.m. Saturday - Sunday Closed,https://www.ssfca.gov/Departments/Library/Services/Literacy-Services/Project-Read,Yes. We charge a fee for our services and it’s less than $25.,"Yes, Aging Individuals (Age 60+), Incarcerated Individuals, Veterans, Individuals with Disabilities, Individuals with Language Barriers (Limited English Proficiency individuals, etc.), Ethnic or Minority Communities, Rural Communities","English, Spanish, Tagalog, Mandarin, Cantonese, French","Digital equity grant writing, Organizational training, Train-the-trainer, Partnership opportunities, Information sharing",Yes. We charge a fee for our services.,11/21/25 16:15
City of Calabasas Libraary,Virtual,,,,'+18182257616,https://www.cityofcalabasas.com/government/library,Barbara Lockwood,City Librarian,blockwood@calabasaslibrary.org,"Business, Community Anchor Institution, Government or Public Organization, Private Sector and Non-Governmental Organizations",,"Digital navigation (in-person or virtual/call center), Digital literacy & skills training, Public Wi-Fi, Computer center(s), Online educational resources, Workforce development resources",City-wide or across multiple cities,Los Angeles,,Virtually,https://www.cityofcalabasas.com/government/library,,,,,,,,,,,,,,,,,,,,,,,,,,No. Our services are offered free of cost.,No,"English, Farsi, Hindi",,No. Our services are offered free of cost.,11/21/25 15:42
City of Calabasas Libraary,200 Civic Center Way,Calabasas,CA,91302,'+18182257616,https://www.cityofcalabasas.com/government/library,Barbara Lockwood,City Librarian,blockwood@calabasaslibrary.org,"Business, Community Anchor Institution, Government or Public Organization, Private Sector and Non-Governmental Organizations",,"Digital navigation (in-person or virtual/call center), Digital literacy & skills training, Public Wi-Fi, Computer center(s), Online educational resources, Workforce development resources",City-wide or across multiple cities,Los Angeles,,In-Person,,,Calabasas,'+18182257616,open every day except Mondays.,https://www.cityofcalabasas.com/government/library,,Calabasas,'+18182257616,open every day except Mondays.,https://www.cityofcalabasas.com/government/library,,Calabasas,'+18182257616,open every day except Mondays.,https://www.cityofcalabasas.com/government/library,,Calabasas,'+18182257616,open every day except Mondays.,https://www.cityofcalabasas.com/government/library,,Calabasas,'+18182257616,open every day except Mondays.,https://www.cityofcalabasas.com/government/library,No. Our services are offered free of cost.,No,"English, Farsi, Hindi",,No. Our services are offered free of cost.,11/21/25 15:42
Santa Cruz Public Libraries,Virtual,,,,'+18314277700,https://santacruzpl.org,Christopher Platt,Director of Libraries,plattc@santacruzpl.org,"Business, Community Anchor Institution, Government or Public Organization, Private Sector and Non-Governmental Organizations",,"Digital navigation (in-person or virtual/call center), Digital literacy & skills training, Free/Low-cost devices, Free/Low-cost hotspots, Public Wi-Fi, Computer center(s), Online educational resources, Workforce development resources",County-wide or across multiple counties,Santa Cruz,,Virtually,https://santacruzpl.org,,,,,,,,,,,,,,,,,,,,,,,,,,No. Our services are offered free of cost.,"Yes, Aging Individuals (Age 60+), Incarcerated Individuals, Veterans, Individuals with Disabilities, Individuals with Language Barriers (Limited English Proficiency individuals, etc.), Ethnic or Minority Communities",English,Partnership opportunities,No. Our services are offered free of cost.,11/21/25 14:49
Santa Cruz Public Libraries,224 Church St,Santa Cruz,CA,95060,'+18314277700,https://santacruzpl.org,Christopher Platt,Director of Libraries,plattc@santacruzpl.org,"Business, Community Anchor Institution, Government or Public Organization, Private Sector and Non-Governmental Organizations",,"Digital navigation (in-person or virtual/call center), Digital literacy & skills training, Free/Low-cost devices, Free/Low-cost hotspots, Public Wi-Fi, Computer center(s), Online educational resources, Workforce development resources",County-wide or across multiple counties,Santa Cruz,,In-Person,,,Santa Cruz,'+18314277707,"M-Th 10-6, Fri-Sat 10-5, Sun 1-5",,,Santa Cruz,'+18314277707,"M-Th 10-6, Fri-Sat 10-5, Sun 1-5",,,Santa Cruz,'+18314277707,"M-Th 10-6, Fri-Sat 10-5, Sun 1-5",,,Santa Cruz,'+18314277707,"M-Th 10-6, Fri-Sat 10-5, Sun 1-5",,,Santa Cruz,'+18314277707,"M-Th 10-6, Fri-Sat 10-5, Sun 1-5",,No. Our services are offered free of cost.,"Yes, Aging Individuals (Age 60+), Incarcerated Individuals, Veterans, Individuals with Disabilities, Individuals with Language Barriers (Limited English Proficiency individuals, etc.), Ethnic or Minority Communities",English,Partnership opportunities,No. Our services are offered free of cost.,11/21/25 14:49
Santa Cruz Public Libraries,7695 Soquel Drive,Aptos,CA,95003,'+18314277700,https://santacruzpl.org,Christopher Platt,Director of Libraries,plattc@santacruzpl.org,"Business, Community Anchor Institution, Government or Public Organization, Private Sector and Non-Governmental Organizations",,"Digital navigation (in-person or virtual/call center), Digital literacy & skills training, Free/Low-cost devices, Free/Low-cost hotspots, Public Wi-Fi, Computer center(s), Online educational resources, Workforce development resources",County-wide or across multiple counties,Santa Cruz,,In-Person,,Aptos Branch library,Aptos,'+18314277702,"M-Th 10-6, Fri-Sat 10-5",,Aptos Branch library,Aptos,'+18314277702,"M-Th 10-6, Fri-Sat 10-5",,Aptos Branch library,Aptos,'+18314277702,"M-Th 10-6, Fri-Sat 10-5",,Aptos Branch library,Aptos,'+18314277702,"M-Th 10-6, Fri-Sat 10-5",,Aptos Branch library,Aptos,'+18314277702,"M-Th 10-6, Fri-Sat 10-5",,No. Our services are offered free of cost.,"Yes, Aging Individuals (Age 60+), Incarcerated Individuals, Veterans, Individuals with Disabilities, Individuals with Language Barriers (Limited English Proficiency individuals, etc.), Ethnic or Minority Communities",English,Partnership opportunities,No. Our services are offered free of cost.,11/21/25 14:49
Santa Cruz Public Libraries,2005 Wharf Road,Capitola,CA,95010,'+18314277700,https://santacruzpl.org,Christopher Platt,Director of Libraries,plattc@santacruzpl.org,"Business, Community Anchor Institution, Government or Public Organization, Private Sector and Non-Governmental Organizations",,"Digital navigation (in-person or virtual/call center), Digital literacy & skills training, Free/Low-cost devices, Free/Low-cost hotspots, Public Wi-Fi, Computer center(s), Online educational resources, Workforce development resources",County-wide or across multiple counties,Santa Cruz,,In-Person,,Capitola Branch Library,Capitola,'+18314277705,"M-Th 10-7, Fri-Sat 10-5",,Capitola Branch Library,Capitola,'+18314277705,"M-Th 10-7, Fri-Sat 10-5",,Capitola Branch Library,Capitola,'+18314277705,"M-Th 10-7, Fri-Sat 10-5",,Capitola Branch Library,Capitola,'+18314277705,"M-Th 10-7, Fri-Sat 10-5",,Capitola Branch Library,Capitola,'+18314277705,"M-Th 10-7, Fri-Sat 10-5",,No. Our services are offered free of cost.,"Yes, Aging Individuals (Age 60+), Incarcerated Individuals, Veterans, Individuals with Disabilities, Individuals with Language Barriers (Limited English Proficiency individuals, etc.), Ethnic or Minority Communities",English,Partnership opportunities,No. Our services are offered free of cost.,11/21/25 14:49
Santa Cruz Public Libraries,6121 Gushee St,Felton,CA,95018,'+18314277700,https://santacruzpl.org,Christopher Platt,Director of Libraries,plattc@santacruzpl.org,"Business, Community Anchor Institution, Government or Public Organization, Private Sector and Non-Governmental Organizations",,"Digital navigation (in-person or virtual/call center), Digital literacy & skills training, Free/Low-cost devices, Free/Low-cost hotspots, Public Wi-Fi, Computer center(s), Online educational resources, Workforce development resources",County-wide or across multiple counties,Santa Cruz,,In-Person,,Felton Branch Library,Felton,'+18314277708,"M-th 10-7, Fri - Sat 10-6",,Felton Branch Library,Felton,'+18314277708,"M-th 10-7, Fri - Sat 10-6",,Felton Branch Library,Felton,'+18314277708,"M-th 10-7, Fri - Sat 10-6",,Felton Branch Library,Felton,'+18314277708,"M-th 10-7, Fri - Sat 10-6",,Felton Branch Library,Felton,'+18314277708,"M-th 10-7, Fri - Sat 10-6",,No. Our services are offered free of cost.,"Yes, Aging Individuals (Age 60+), Incarcerated Individuals, Veterans, Individuals with Disabilities, Individuals with Language Barriers (Limited English Proficiency individuals, etc.), Ethnic or Minority Communities",English,Partnership opportunities,No. Our services are offered free of cost.,11/21/25 14:49
Santa Cruz Public Libraries,251 Kings Village Road,Scotts Valley,CA,95066,'+18314277700,https://santacruzpl.org,Christopher Platt,Director of Libraries,plattc@santacruzpl.org,"Business, Community Anchor Institution, Government or Public Organization, Private Sector and Non-Governmental Organizations",,"Digital navigation (in-person or virtual/call center), Digital literacy & skills training, Free/Low-cost devices, Free/Low-cost hotspots, Public Wi-Fi, Computer center(s), Online educational resources, Workforce development resources",County-wide or across multiple counties,Santa Cruz,,In-Person,,Scotts Valley Branch Library,Scotts Valley,'+18314277712,"M-Th 10-6, Fri-Sat 10-5",,Scotts Valley Branch Library,Scotts Valley,'+18314277712,"M-Th 10-6, Fri-Sat 10-5",,Scotts Valley Branch Library,Scotts Valley,'+18314277712,"M-Th 10-6, Fri-Sat 10-5",,Scotts Valley Branch Library,Scotts Valley,'+18314277712,"M-Th 10-6, Fri-Sat 10-5",,Scotts Valley Branch Library,Scotts Valley,'+18314277712,"M-Th 10-6, Fri-Sat 10-5",,No. Our services are offered free of cost.,"Yes, Aging Individuals (Age 60+), Incarcerated Individuals, Veterans, Individuals with Disabilities, Individuals with Language Barriers (Limited English Proficiency individuals, etc.), Ethnic or Minority Communities",English,Partnership opportunities,No. Our services are offered free of cost.,11/21/25 14:49
County of San Luis Obispo Public Libraries,Virtual,,,,'+18057815991,https://catalog.slolibrary.org,Andrew Hallmark,Systems Administrator II,ahallmark@slolibrary.org,"Business, Community Anchor Institution, Government or Public Organization, Private Sector and Non-Governmental Organizations",,"Enrollment assistance in low-cost internet service programs, Digital navigation (in-person or virtual/call center), Digital literacy & skills training, Free/Low-cost devices, Free/Low-cost hotspots, Public Wi-Fi, Computer center(s), Online educational resources, Workforce development resources",County-wide or across multiple counties,San Luis Obispo,,Virtually,https://sanluisobispo.librarycalendar.com/,,,,,,,,,,,,,,,,,,,,,,,,,,No. Our services are offered free of cost.,"Yes, Aging Individuals (Age 60+), Incarcerated Individuals, Veterans, Individuals with Disabilities, Individuals with Language Barriers (Limited English Proficiency individuals, etc.), Ethnic or Minority Communities, Rural Communities","English, Spanish","Train-the-trainer, Partnership opportunities, Collective action, Information sharing",No. Our services are offered free of cost.,11/21/25 11:56
County of San Luis Obispo Public Libraries,995 Palm St,San Luis Obispo,CA,93403,'+18057815991,https://catalog.slolibrary.org,Andrew Hallmark,Systems Administrator II,ahallmark@slolibrary.org,"Business, Community Anchor Institution, Government or Public Organization, Private Sector and Non-Governmental Organizations",,"Enrollment assistance in low-cost internet service programs, Digital navigation (in-person or virtual/call center), Digital literacy & skills training, Free/Low-cost devices, Free/Low-cost hotspots, Public Wi-Fi, Computer center(s), Online educational resources, Workforce development resources",County-wide or across multiple counties,San Luis Obispo,,In-Person,,,San Luis Obispo,'+18057815991,Sunday Closed Monday Closed Tuesday 10:00 AM - 6:00 PM Wednesday 10:00 AM - 6:00 PM Thursday 9:00 AM - 5:00 PM Friday 1:00 PM - 5:00 PM Saturday 9:00 AM - 5:00 PM,https://catalog.slolibrary.org/san-luis-obispo-library,,San Luis Obispo,'+18057815991,Sunday Closed Monday Closed Tuesday 10:00 AM - 6:00 PM Wednesday 10:00 AM - 6:00 PM Thursday 9:00 AM - 5:00 PM Friday 1:00 PM - 5:00 PM Saturday 9:00 AM - 5:00 PM,https://catalog.slolibrary.org/san-luis-obispo-library,,San Luis Obispo,'+18057815991,Sunday Closed Monday Closed Tuesday 10:00 AM - 6:00 PM Wednesday 10:00 AM - 6:00 PM Thursday 9:00 AM - 5:00 PM Friday 1:00 PM - 5:00 PM Saturday 9:00 AM - 5:00 PM,https://catalog.slolibrary.org/san-luis-obispo-library,,San Luis Obispo,'+18057815991,Sunday Closed Monday Closed Tuesday 10:00 AM - 6:00 PM Wednesday 10:00 AM - 6:00 PM Thursday 9:00 AM - 5:00 PM Friday 1:00 PM - 5:00 PM Saturday 9:00 AM - 5:00 PM,https://catalog.slolibrary.org/san-luis-obispo-library,,San Luis Obispo,'+18057815991,Sunday Closed Monday Closed Tuesday 10:00 AM - 6:00 PM Wednesday 10:00 AM - 6:00 PM Thursday 9:00 AM - 5:00 PM Friday 1:00 PM - 5:00 PM Saturday 9:00 AM - 5:00 PM,https://catalog.slolibrary.org/san-luis-obispo-library,No. Our services are offered free of cost.,"Yes, Aging Individuals (Age 60+), Incarcerated Individuals, Veterans, Individuals with Disabilities, Individuals with Language Barriers (Limited English Proficiency individuals, etc.), Ethnic or Minority Communities, Rural Communities","English, Spanish","Train-the-trainer, Partnership opportunities, Collective action, Information sharing",No. Our services are offered free of cost.,11/21/25 11:56
County of San Luis Obispo Public Libraries,6555 Capistrano Ave,Atascadero,CA,93422,'+18057815991,https://catalog.slolibrary.org,Andrew Hallmark,Systems Administrator II,ahallmark@slolibrary.org,"Business, Community Anchor Institution, Government or Public Organization, Private Sector and Non-Governmental Organizations",,"Enrollment assistance in low-cost internet service programs, Digital navigation (in-person or virtual/call center), Digital literacy & skills training, Free/Low-cost devices, Free/Low-cost hotspots, Public Wi-Fi, Computer center(s), Online educational resources, Workforce development resources",County-wide or across multiple counties,San Luis Obispo,,In-Person,,Atascadero Library,Atascadero,'+18054616161,Sunday Closed Monday Closed Tuesday 10:00 AM - 6:00 PM Wednesday 10:00 AM - 6:00 PM Thursday 9:00 AM - 5:00 PM Friday 1:00 PM - 5:00 PM Saturday 9:00 AM - 5:00 PM,https://catalog.slolibrary.org/atascadero-library,Atascadero Library,Atascadero,'+18054616161,Sunday Closed Monday Closed Tuesday 10:00 AM - 6:00 PM Wednesday 10:00 AM - 6:00 PM Thursday 9:00 AM - 5:00 PM Friday 1:00 PM - 5:00 PM Saturday 9:00 AM - 5:00 PM,https://catalog.slolibrary.org/atascadero-library,Atascadero Library,Atascadero,'+18054616161,Sunday Closed Monday Closed Tuesday 10:00 AM - 6:00 PM Wednesday 10:00 AM - 6:00 PM Thursday 9:00 AM - 5:00 PM Friday 1:00 PM - 5:00 PM Saturday 9:00 AM - 5:00 PM,https://catalog.slolibrary.org/atascadero-library,Atascadero Library,Atascadero,'+18054616161,Sunday Closed Monday Closed Tuesday 10:00 AM - 6:00 PM Wednesday 10:00 AM - 6:00 PM Thursday 9:00 AM - 5:00 PM Friday 1:00 PM - 5:00 PM Saturday 9:00 AM - 5:00 PM,https://catalog.slolibrary.org/atascadero-library,Atascadero Library,Atascadero,'+18054616161,Sunday Closed Monday Closed Tuesday 10:00 AM - 6:00 PM Wednesday 10:00 AM - 6:00 PM Thursday 9:00 AM - 5:00 PM Friday 1:00 PM - 5:00 PM Saturday 9:00 AM - 5:00 PM,https://catalog.slolibrary.org/atascadero-library,No. Our services are offered free of cost.,"Yes, Aging Individuals (Age 60+), Incarcerated Individuals, Veterans, Individuals with Disabilities, Individuals with Language Barriers (Limited English Proficiency individuals, etc.), Ethnic or Minority Communities, Rural Communities","English, Spanish","Train-the-trainer, Partnership opportunities, Collective action, Information sharing",No. Our services are offered free of cost.,11/21/25 11:56
County of San Luis Obispo Public Libraries,800 W. Branch,Arroyo Grande,CA,93420,'+18057815991,https://catalog.slolibrary.org,Andrew Hallmark,Systems Administrator II,ahallmark@slolibrary.org,"Business, Community Anchor Institution, Government or Public Organization, Private Sector and Non-Governmental Organizations",,"Enrollment assistance in low-cost internet service programs, Digital navigation (in-person or virtual/call center), Digital literacy & skills training, Free/Low-cost devices, Free/Low-cost hotspots, Public Wi-Fi, Computer center(s), Online educational resources, Workforce development resources",County-wide or across multiple counties,San Luis Obispo,,In-Person,,Arroyo Grande Library,Arroyo Grande,'+18054137161,Currently closed for remodel. Temp site hours (limited services): Sunday Closed Monday Closed Tuesday 1:00 PM - 6:00 PM Wednesday 1:00 PM - 6:00 PM Thursday Closed Friday 1:00 PM - 5:00 PM Saturday 1:00 PM - 5:00 PM,https://catalog.slolibrary.org/arroyo-grande-library,Arroyo Grande Library,Arroyo Grande,'+18054137161,Currently closed for remodel. Temp site hours (limited services): Sunday Closed Monday Closed Tuesday 1:00 PM - 6:00 PM Wednesday 1:00 PM - 6:00 PM Thursday Closed Friday 1:00 PM - 5:00 PM Saturday 1:00 PM - 5:00 PM,https://catalog.slolibrary.org/arroyo-grande-library,Arroyo Grande Library,Arroyo Grande,'+18054137161,Currently closed for remodel. Temp site hours (limited services): Sunday Closed Monday Closed Tuesday 1:00 PM - 6:00 PM Wednesday 1:00 PM - 6:00 PM Thursday Closed Friday 1:00 PM - 5:00 PM Saturday 1:00 PM - 5:00 PM,https://catalog.slolibrary.org/arroyo-grande-library,Arroyo Grande Library,Arroyo Grande,'+18054137161,Currently closed for remodel. Temp site hours (limited services): Sunday Closed Monday Closed Tuesday 1:00 PM - 6:00 PM Wednesday 1:00 PM - 6:00 PM Thursday Closed Friday 1:00 PM - 5:00 PM Saturday 1:00 PM - 5:00 PM,https://catalog.slolibrary.org/arroyo-grande-library,Arroyo Grande Library,Arroyo Grande,'+18054137161,Currently closed for remodel. Temp site hours (limited services): Sunday Closed Monday Closed Tuesday 1:00 PM - 6:00 PM Wednesday 1:00 PM - 6:00 PM Thursday Closed Friday 1:00 PM - 5:00 PM Saturday 1:00 PM - 5:00 PM,https://catalog.slolibrary.org/arroyo-grande-library,No. Our services are offered free of cost.,"Yes, Aging Individuals (Age 60+), Incarcerated Individuals, Veterans, Individuals with Disabilities, Individuals with Language Barriers (Limited English Proficiency individuals, etc.), Ethnic or Minority Communities, Rural Communities","English, Spanish","Train-the-trainer, Partnership opportunities, Collective action, Information sharing",No. Our services are offered free of cost.,11/21/25 11:56
County of San Luis Obispo Public Libraries,625 Harbor St.,Morro Bay,CA,93442,'+18057815991,https://catalog.slolibrary.org,Andrew Hallmark,Systems Administrator II,ahallmark@slolibrary.org,"Business, Community Anchor Institution, Government or Public Organization, Private Sector and Non-Governmental Organizations",,"Enrollment assistance in low-cost internet service programs, Digital navigation (in-person or virtual/call center), Digital literacy & skills training, Free/Low-cost devices, Free/Low-cost hotspots, Public Wi-Fi, Computer center(s), Online educational resources, Workforce development resources",County-wide or across multiple counties,San Luis Obispo,,In-Person,,Morro Bay Library,Morro Bay,'+18057726394,Sunday Closed Monday Closed Tuesday 10:00 AM - 6:00 PM Wednesday 10:00 AM - 6:00 PM Thursday 9:00 AM - 5:00 PM Friday 1:00 PM - 5:00 PM Saturday 9:00 AM - 1:00 PM,https://catalog.slolibrary.org/morro-bay-library,Morro Bay Library,Morro Bay,'+18057726394,Sunday Closed Monday Closed Tuesday 10:00 AM - 6:00 PM Wednesday 10:00 AM - 6:00 PM Thursday 9:00 AM - 5:00 PM Friday 1:00 PM - 5:00 PM Saturday 9:00 AM - 1:00 PM,https://catalog.slolibrary.org/morro-bay-library,Morro Bay Library,Morro Bay,'+18057726394,Sunday Closed Monday Closed Tuesday 10:00 AM - 6:00 PM Wednesday 10:00 AM - 6:00 PM Thursday 9:00 AM - 5:00 PM Friday 1:00 PM - 5:00 PM Saturday 9:00 AM - 1:00 PM,https://catalog.slolibrary.org/morro-bay-library,Morro Bay Library,Morro Bay,'+18057726394,Sunday Closed Monday Closed Tuesday 10:00 AM - 6:00 PM Wednesday 10:00 AM - 6:00 PM Thursday 9:00 AM - 5:00 PM Friday 1:00 PM - 5:00 PM Saturday 9:00 AM - 1:00 PM,https://catalog.slolibrary.org/morro-bay-library,Morro Bay Library,Morro Bay,'+18057726394,Sunday Closed Monday Closed Tuesday 10:00 AM - 6:00 PM Wednesday 10:00 AM - 6:00 PM Thursday 9:00 AM - 5:00 PM Friday 1:00 PM - 5:00 PM Saturday 9:00 AM - 1:00 PM,https://catalog.slolibrary.org/morro-bay-library,No. Our services are offered free of cost.,"Yes, Aging Individuals (Age 60+), Incarcerated Individuals, Veterans, Individuals with Disabilities, Individuals with Language Barriers (Limited English Proficiency individuals, etc.), Ethnic or Minority Communities, Rural Communities","English, Spanish","Train-the-trainer, Partnership opportunities, Collective action, Information sharing",No. Our services are offered free of cost.,11/21/25 11:56
County of San Luis Obispo Public Libraries,918 West Tefft St.,Nipomo,CA,93444,'+18057815991,https://catalog.slolibrary.org,Andrew Hallmark,Systems Administrator II,ahallmark@slolibrary.org,"Business, Community Anchor Institution, Government or Public Organization, Private Sector and Non-Governmental Organizations",,"Enrollment assistance in low-cost internet service programs, Digital navigation (in-person or virtual/call center), Digital literacy & skills training, Free/Low-cost devices, Free/Low-cost hotspots, Public Wi-Fi, Computer center(s), Online educational resources, Workforce development resources",County-wide or across multiple counties,San Luis Obispo,,In-Person,,Nipomo Library,Nipomo,'+18059293994,Sunday Closed Monday Closed Tuesday 10:00 AM - 6:00 PM Wednesday 10:00 AM - 6:00 PM Thursday 9:00 AM - 5:00 PM Friday 1:00 PM - 5:00 PM Saturday 9:00 AM - 5:00 PM,https://catalog.slolibrary.org/nipomo-library,Nipomo Library,Nipomo,'+18059293994,Sunday Closed Monday Closed Tuesday 10:00 AM - 6:00 PM Wednesday 10:00 AM - 6:00 PM Thursday 9:00 AM - 5:00 PM Friday 1:00 PM - 5:00 PM Saturday 9:00 AM - 5:00 PM,https://catalog.slolibrary.org/nipomo-library,Nipomo Library,Nipomo,'+18059293994,Sunday Closed Monday Closed Tuesday 10:00 AM - 6:00 PM Wednesday 10:00 AM - 6:00 PM Thursday 9:00 AM - 5:00 PM Friday 1:00 PM - 5:00 PM Saturday 9:00 AM - 5:00 PM,https://catalog.slolibrary.org/nipomo-library,Nipomo Library,Nipomo,'+18059293994,Sunday Closed Monday Closed Tuesday 10:00 AM - 6:00 PM Wednesday 10:00 AM - 6:00 PM Thursday 9:00 AM - 5:00 PM Friday 1:00 PM - 5:00 PM Saturday 9:00 AM - 5:00 PM,https://catalog.slolibrary.org/nipomo-library,Nipomo Library,Nipomo,'+18059293994,Sunday Closed Monday Closed Tuesday 10:00 AM - 6:00 PM Wednesday 10:00 AM - 6:00 PM Thursday 9:00 AM - 5:00 PM Friday 1:00 PM - 5:00 PM Saturday 9:00 AM - 5:00 PM,https://catalog.slolibrary.org/nipomo-library,No. Our services are offered free of cost.,"Yes, Aging Individuals (Age 60+), Incarcerated Individuals, Veterans, Individuals with Disabilities, Individuals with Language Barriers (Limited English Proficiency individuals, etc.), Ethnic or Minority Communities, Rural Communities","English, Spanish","Train-the-trainer, Partnership opportunities, Collective action, Information sharing",No. Our services are offered free of cost.,11/21/25 11:56
Ventura County Library,Virtual,,,,'+18057013242,https://www.library.venturacounty.gov,Amanda Armitage,Technology Engagement Manager,amanda.armitage@venturacounty.gov,"Business, Community Anchor Institution, Government or Public Organization, Private Sector and Non-Governmental Organizations",,"Digital literacy & skills training, Free/Low-cost devices, Free/Low-cost hotspots, Public Wi-Fi, Computer center(s), Online educational resources, Workforce development resources",County-wide or across multiple counties,Ventura,,Virtually,https://www.library.venturacounty.gov,,,,,,,,,,,,,,,,,,,,,,,,,,No. Our services are offered free of cost.,"Yes, Aging Individuals (Age 60+), Incarcerated Individuals, Veterans, Individuals with Disabilities, Individuals with Language Barriers (Limited English Proficiency individuals, etc.), Ethnic or Minority Communities, Rural Communities","English, Spanish, Korean, Japanese, French","Train-the-trainer, Partnership opportunities, Collective action, Information sharing",No. Our services are offered free of cost.,11/21/25 11:19
Ventura County Library,https://www.library.venturacounty.gov/use-library/locations-hours,,,,'+18057013242,https://www.library.venturacounty.gov,Amanda Armitage,Technology Engagement Manager,amanda.armitage@venturacounty.gov,"Business, Community Anchor Institution, Government or Public Organization, Private Sector and Non-Governmental Organizations",,"Digital literacy & skills training, Free/Low-cost devices, Free/Low-cost hotspots, Public Wi-Fi, Computer center(s), Online educational resources, Workforce development resources",County-wide or across multiple counties,Ventura,,In-Person,,,,,,https://www.library.venturacounty.gov/library-services,,,,,https://www.library.venturacounty.gov/library-services,,,,,https://www.library.venturacounty.gov/library-services,,,,,https://www.library.venturacounty.gov/library-services,,,,,https://www.library.venturacounty.gov/library-services,No. Our services are offered free of cost.,"Yes, Aging Individuals (Age 60+), Incarcerated Individuals, Veterans, Individuals with Disabilities, Individuals with Language Barriers (Limited English Proficiency individuals, etc.), Ethnic or Minority Communities, Rural Communities","English, Spanish, Korean, Japanese, French","Train-the-trainer, Partnership opportunities, Collective action, Information sharing",No. Our services are offered free of cost.,11/21/25 11:19
Redwood City Public Library,Redwood City Downtown Library,,CA,94063,'+16507807035,https://www.redwoodcity.org/departments/library,Sarah LaTorra,Division Manger of Customer Experience,slatorra@redwoodcity.org,"Business, Community Anchor Institution, Government or Public Organization, Private Sector and Non-Governmental Organizations",,"Digital navigation (in-person or virtual/call center), Digital literacy & skills training, Technical support, Free/Low-cost hotspots, Public Wi-Fi, Computer center(s), Online educational resources, Workforce development resources",City-wide or across multiple cities,San Mateo,,In-Person,,,,'+16507807020,"M-Th 10am-8pm, F-Sa 10am-5pm, Su 12pm-5pm",https://www.redwoodcity.org/departments/library,,,'+16507807020,"M-Th 10am-8pm, F-Sa 10am-5pm, Su 12pm-5pm",https://www.redwoodcity.org/departments/library,,,'+16507807020,"M-Th 10am-8pm, F-Sa 10am-5pm, Su 12pm-5pm",https://www.redwoodcity.org/departments/library,,,'+16507807020,"M-Th 10am-8pm, F-Sa 10am-5pm, Su 12pm-5pm",https://www.redwoodcity.org/departments/library,,,'+16507807020,"M-Th 10am-8pm, F-Sa 10am-5pm, Su 12pm-5pm",https://www.redwoodcity.org/departments/library,No. Our services are offered free of cost.,"Yes, Aging Individuals (Age 60+), Veterans, Individuals with Disabilities, Individuals with Language Barriers (Limited English Proficiency individuals, etc.), Ethnic or Minority Communities","English, Spanish","Digital equity grant writing, Partnership opportunities",No. Our services are offered free of cost.,11/21/25 11:14
Redwood City Public Library,399 Marine Parkway,Redwood City,CA,94065,'+16507807035,https://www.redwoodcity.org/departments/library,Sarah LaTorra,Division Manger of Customer Experience,slatorra@redwoodcity.org,"Business, Community Anchor Institution, Government or Public Organization, Private Sector and Non-Governmental Organizations",,"Digital navigation (in-person or virtual/call center), Digital literacy & skills training, Technical support, Free/Low-cost hotspots, Public Wi-Fi, Computer center(s), Online educational resources, Workforce development resources",City-wide or across multiple cities,San Mateo,,In-Person,,Redwood Shores Branch Library,Redwood City,'+16507805740,"M-Th 10am-8pm, F Closed, Sa 10am-5pm, Su 12pm-5pm",https://www.redwoodcity.org/departments/library,Redwood Shores Branch Library,Redwood City,'+16507805740,"M-Th 10am-8pm, F Closed, Sa 10am-5pm, Su 12pm-5pm",https://www.redwoodcity.org/departments/library,Redwood Shores Branch Library,Redwood City,'+16507805740,"M-Th 10am-8pm, F Closed, Sa 10am-5pm, Su 12pm-5pm",https://www.redwoodcity.org/departments/library,Redwood Shores Branch Library,Redwood City,'+16507805740,"M-Th 10am-8pm, F Closed, Sa 10am-5pm, Su 12pm-5pm",https://www.redwoodcity.org/departments/library,Redwood Shores Branch Library,Redwood City,'+16507805740,"M-Th 10am-8pm, F Closed, Sa 10am-5pm, Su 12pm-5pm",https://www.redwoodcity.org/departments/library,No. Our services are offered free of cost.,"Yes, Aging Individuals (Age 60+), Veterans, Individuals with Disabilities, Individuals with Language Barriers (Limited English Proficiency individuals, etc.), Ethnic or Minority Communities","English, Spanish","Digital equity grant writing, Partnership opportunities",No. Our services are offered free of cost.,11/21/25 11:14
Redwood City Public Library,2140 Euclid Avenue,Redwood City,CA,94061,'+16507807035,https://www.redwoodcity.org/departments/library,Sarah LaTorra,Division Manger of Customer Experience,slatorra@redwoodcity.org,"Business, Community Anchor Institution, Government or Public Organization, Private Sector and Non-Governmental Organizations",,"Digital navigation (in-person or virtual/call center), Digital literacy & skills training, Technical support, Free/Low-cost hotspots, Public Wi-Fi, Computer center(s), Online educational resources, Workforce development resources",City-wide or across multiple cities,San Mateo,,In-Person,,Schaberg Branch Library,Redwood City,'+16507807010,"M-Th 10am-7pm, F Closed, Sa 10am-5pm, Su Closed",https://www.redwoodcity.org/departments/library,Schaberg Branch Library,Redwood City,'+16507807010,"M-Th 10am-7pm, F Closed, Sa 10am-5pm, Su Closed",https://www.redwoodcity.org/departments/library,Schaberg Branch Library,Redwood City,'+16507807010,"M-Th 10am-7pm, F Closed, Sa 10am-5pm, Su Closed",https://www.redwoodcity.org/departments/library,Schaberg Branch Library,Redwood City,'+16507807010,"M-Th 10am-7pm, F Closed, Sa 10am-5pm, Su Closed",https://www.redwoodcity.org/departments/library,Schaberg Branch Library,Redwood City,'+16507807010,"M-Th 10am-7pm, F Closed, Sa 10am-5pm, Su Closed",https://www.redwoodcity.org/departments/library,No. Our services are offered free of cost.,"Yes, Aging Individuals (Age 60+), Veterans, Individuals with Disabilities, Individuals with Language Barriers (Limited English Proficiency individuals, etc.), Ethnic or Minority Communities","English, Spanish","Digital equity grant writing, Partnership opportunities",No. Our services are offered free of cost.,11/21/25 11:14
Tulare County Library,Virtual,,,,'+15597132720,https://www.tularecountylibrary.org,Faythe Arredondo,Librarian V,faythe.arredondo@tularecountylibrary.org,"Business, Community Anchor Institution, Government or Public Organization, Private Sector and Non-Governmental Organizations",,"Digital navigation (in-person or virtual/call center), Digital literacy & skills training, Technical support, Public Wi-Fi, Computer center(s), Online educational resources, Workforce development resources",County-wide or across multiple counties,Tulare,,Virtually,https://www.tularecountylibrary.org,,,,,,,,,,,,,,,,,,,,,,,,,,No. Our services are offered free of cost.,"Yes, Aging Individuals (Age 60+), Incarcerated Individuals, Veterans, Individuals with Disabilities, Individuals with Language Barriers (Limited English Proficiency individuals, etc.), Ethnic or Minority Communities, Rural Communities, Other","English, Spanish","Partnership opportunities, Information sharing",No. Our services are offered free of cost.,11/21/25 10:52
Benicia Public Library,Virtual,,,,'+17077464343,https://www.benicialibrary.org,Jennifer Baker,City Librarian,jbaker@ci.benicia.ca.us,"Business, Community Anchor Institution, Government or Public Organization, Private Sector and Non-Governmental Organizations",,"Enrollment assistance in low-cost internet service programs, Digital navigation (in-person or virtual/call center), Digital literacy & skills training, Technical support, Free/Low-cost hotspots, Public Wi-Fi, Computer center(s), Online educational resources, Workforce development resources",City-wide or across multiple cities,Solano,,Virtually,https://www.benicialibrary.org,,,,,,,,,,,,,,,,,,,,,,,,,,No. Our services are offered free of cost.,"Yes, Aging Individuals (Age 60+), Veterans, Individuals with Disabilities, Individuals with Language Barriers (Limited English Proficiency individuals, etc.), Ethnic or Minority Communities",English,"Partnership opportunities, Information sharing",No. Our services are offered free of cost.,11/21/25 10:50
Benicia Public Library,150 E L Street,Benicia,CA,94510,'+17077464343,https://www.benicialibrary.org,Jennifer Baker,City Librarian,jbaker@ci.benicia.ca.us,"Business, Community Anchor Institution, Government or Public Organization, Private Sector and Non-Governmental Organizations",,"Enrollment assistance in low-cost internet service programs, Digital navigation (in-person or virtual/call center), Digital literacy & skills training, Technical support, Free/Low-cost hotspots, Public Wi-Fi, Computer center(s), Online educational resources, Workforce development resources",City-wide or across multiple cities,Solano,,In-Person,,,Benicia,'+17077464343,"Mon-Thur: 10am to 9pm, Fri-Sun: 12pm-6pm",https://www.benicialibrary.org,,Benicia,'+17077464343,"Mon-Thur: 10am to 9pm, Fri-Sun: 12pm-6pm",https://www.benicialibrary.org,,Benicia,'+17077464343,"Mon-Thur: 10am to 9pm, Fri-Sun: 12pm-6pm",https://www.benicialibrary.org,,Benicia,'+17077464343,"Mon-Thur: 10am to 9pm, Fri-Sun: 12pm-6pm",https://www.benicialibrary.org,,Benicia,'+17077464343,"Mon-Thur: 10am to 9pm, Fri-Sun: 12pm-6pm",https://www.benicialibrary.org,No. Our services are offered free of cost.,"Yes, Aging Individuals (Age 60+), Veterans, Individuals with Disabilities, Individuals with Language Barriers (Limited English Proficiency individuals, etc.), Ethnic or Minority Communities",English,"Partnership opportunities, Information sharing",No. Our services are offered free of cost.,11/21/25 10:50
Beaumont Library District,Virtual,,,,'+19518451357,https://mybld.org,Devon Kimler,Librarian,devon.kimler@mybld.org,"Business, Community Anchor Institution, Government or Public Organization, Private Sector and Non-Governmental Organizations",,"Free/Low-cost devices, Free/Low-cost hotspots, Public Wi-Fi, Computer center(s), Online educational resources, Workforce development resources",City-wide or across multiple cities,Riverside,,Virtually,https://www.mybld.org/eresources,,,,,,,,,,,,,,,,,,,,,,,,,,No. Our services are offered free of cost.,"Yes, Aging Individuals (Age 60+), Veterans, Individuals with Disabilities, Individuals with Language Barriers (Limited English Proficiency individuals, etc.), Ethnic or Minority Communities, Rural Communities, Other","English, Spanish",,,11/21/25 10:38
Beaumont Library District,125 E. 8th St.,Beaumont,CA,92223,'+19518451357,https://mybld.org,Devon Kimler,Librarian,devon.kimler@mybld.org,"Business, Community Anchor Institution, Government or Public Organization, Private Sector and Non-Governmental Organizations",,"Free/Low-cost devices, Free/Low-cost hotspots, Public Wi-Fi, Computer center(s), Online educational resources, Workforce development resources",City-wide or across multiple cities,Riverside,,In-Person,,,Beaumont,'+19518451357,10 AM - 5 PM Mon. Tue. Thur. Fri. / 1 PM - 5 PM Wed. Sat. Sun.,https://mybld.org,,Beaumont,'+19518451357,10 AM - 5 PM Mon. Tue. Thur. Fri. / 1 PM - 5 PM Wed. Sat. Sun.,https://mybld.org,,Beaumont,'+19518451357,10 AM - 5 PM Mon. Tue. Thur. Fri. / 1 PM - 5 PM Wed. Sat. Sun.,https://mybld.org,,Beaumont,'+19518451357,10 AM - 5 PM Mon. Tue. Thur. Fri. / 1 PM - 5 PM Wed. Sat. Sun.,https://mybld.org,,Beaumont,'+19518451357,10 AM - 5 PM Mon. Tue. Thur. Fri. / 1 PM - 5 PM Wed. Sat. Sun.,https://mybld.org,No. Our services are offered free of cost.,"Yes, Aging Individuals (Age 60+), Veterans, Individuals with Disabilities, Individuals with Language Barriers (Limited English Proficiency individuals, etc.), Ethnic or Minority Communities, Rural Communities, Other","English, Spanish",,,11/21/25 10:38
Watsonville Public Library,"275 Main Street, Suite 100",Watsonville,CA,95076,'+18317683400,https://www.watsonvillelibrary.gov,Alicia Martinez,Library Director,alicia.martinez@watsonville.gov,"Business, Community Anchor Institution, Government or Public Organization, Private Sector and Non-Governmental Organizations",,"Digital literacy & skills training, Technical support, Free/Low-cost hotspots, Public Wi-Fi, Computer center(s), Online educational resources, Workforce development resources",City-wide or across multiple cities,Santa Cruz,,In-Person,,,Watsonville,'+18317683400,"Monday - Thursday 10:00am-8:00pm, Fridays 10:00-6:00pm and Saturdays 12:00pm-4:00pm",https://watsonville.gov/1917/Online-Services,,Watsonville,'+18317683400,"Monday - Thursday 10:00am-8:00pm, Fridays 10:00-6:00pm and Saturdays 12:00pm-4:00pm",https://watsonville.gov/1917/Online-Services,,Watsonville,'+18317683400,"Monday - Thursday 10:00am-8:00pm, Fridays 10:00-6:00pm and Saturdays 12:00pm-4:00pm",https://watsonville.gov/1917/Online-Services,,Watsonville,'+18317683400,"Monday - Thursday 10:00am-8:00pm, Fridays 10:00-6:00pm and Saturdays 12:00pm-4:00pm",https://watsonville.gov/1917/Online-Services,,Watsonville,'+18317683400,"Monday - Thursday 10:00am-8:00pm, Fridays 10:00-6:00pm and Saturdays 12:00pm-4:00pm",https://watsonville.gov/1917/Online-Services,No. Our services are offered free of cost.,"Yes, Aging Individuals (Age 60+), Veterans, Individuals with Disabilities, Individuals with Language Barriers (Limited English Proficiency individuals, etc.), Ethnic or Minority Communities, Rural Communities","English, Spanish, Other","Partnership opportunities, Information sharing",No. Our services are offered free of cost.,11/21/25 9:54
Watsonville Public Library,2021 Freedom Blvd,Freedom,CA,95019,'+18317683400,https://www.watsonvillelibrary.gov,Alicia Martinez,Library Director,alicia.martinez@watsonville.gov,"Business, Community Anchor Institution, Government or Public Organization, Private Sector and Non-Governmental Organizations",,"Digital literacy & skills training, Technical support, Free/Low-cost hotspots, Public Wi-Fi, Computer center(s), Online educational resources, Workforce development resources",City-wide or across multiple cities,Santa Cruz,,In-Person,,Freedom Branch Library,Freedom,'+18317683420,Tuesday - Friday 10:00am-6:00pm and Saturdays 12:00pm-4:00pm,https://watsonville.gov/1917/Online-Services,Freedom Branch Library,Freedom,'+18317683420,Tuesday - Friday 10:00am-6:00pm and Saturdays 12:00pm-4:00pm,https://watsonville.gov/1917/Online-Services,Freedom Branch Library,Freedom,'+18317683420,Tuesday - Friday 10:00am-6:00pm and Saturdays 12:00pm-4:00pm,https://watsonville.gov/1917/Online-Services,Freedom Branch Library,Freedom,'+18317683420,Tuesday - Friday 10:00am-6:00pm and Saturdays 12:00pm-4:00pm,https://watsonville.gov/1917/Online-Services,Freedom Branch Library,Freedom,'+18317683420,Tuesday - Friday 10:00am-6:00pm and Saturdays 12:00pm-4:00pm,https://watsonville.gov/1917/Online-Services,No. Our services are offered free of cost.,"Yes, Aging Individuals (Age 60+), Veterans, Individuals with Disabilities, Individuals with Language Barriers (Limited English Proficiency individuals, etc.), Ethnic or Minority Communities, Rural Communities","English, Spanish, Other","Partnership opportunities, Information sharing",No. Our services are offered free of cost.,11/21/25 9:54
Mendocino County Law Library,"Courthouse, Room 307",Ukiah,CA,95482,'+17074634201,https://www.mendocinocounty.gov/government/affiliated-agencies/law-library,Daniel Helsel,Director,lawlib@pacific.net,"Business, Community Anchor Institution, Government or Public Organization, Private Sector and Non-Governmental Organizations",,"Public Wi-Fi, Computer center(s), Online educational resources",County-wide or across multiple counties,Mendocino,,In-Person,,,Ukiah,'+17074634201,M-F 9-4,,,Ukiah,'+17074634201,M-F 9-4,,,Ukiah,'+17074634201,M-F 9-4,,,Ukiah,'+17074634201,M-F 9-4,,,Ukiah,'+17074634201,M-F 9-4,,No. Our services are offered free of cost.,"Yes, Rural Communities",English,Information sharing,No. Our services are offered free of cost.,11/21/25 9:46
Mendocino County Law Library,1211 Del Mar DR.,Fort Bragg,CA,95437,'+17074634201,https://www.mendocinocounty.gov/government/affiliated-agencies/law-library,Daniel Helsel,Director,lawlib@pacific.net,"Business, Community Anchor Institution, Government or Public Organization, Private Sector and Non-Governmental Organizations",,"Public Wi-Fi, Computer center(s), Online educational resources",County-wide or across multiple counties,Mendocino,,In-Person,,Coast Campus Mendocino Community College,Fort Bragg,'+17079612200,Varies-generally 8:30-4:30 M-F,,Coast Campus Mendocino Community College,Fort Bragg,'+17079612200,Varies-generally 8:30-4:30 M-F,,Coast Campus Mendocino Community College,Fort Bragg,'+17079612200,Varies-generally 8:30-4:30 M-F,,Coast Campus Mendocino Community College,Fort Bragg,'+17079612200,Varies-generally 8:30-4:30 M-F,,Coast Campus Mendocino Community College,Fort Bragg,'+17079612200,Varies-generally 8:30-4:30 M-F,,No. Our services are offered free of cost.,"Yes, Rural Communities",English,Information sharing,No. Our services are offered free of cost.,11/21/25 9:46
Mariposa County Library,4978 10th Street,Mariposa,CA,95338,'+12099662140,https://www.mariposalibrary.org,Matt Johnson,County Librarian,mjohnson@mariposacounty.org,"Business, Community Anchor Institution, Government or Public Organization, Private Sector and Non-Governmental Organizations",,"Digital literacy & skills training, Public Wi-Fi, Computer center(s), Online educational resources",County-wide or across multiple counties,Mariposa,,In-Person,,,Mariposa,'+12099662140,"Monday 9AM to 4 PM, Tuesday through Thursday 9AM to 7PM, Friday 9AM to 4 PM, Saturday 9AM to 4PM",https://www.mariposalibrary.org,,Mariposa,'+12099662140,"Monday 9AM to 4 PM, Tuesday through Thursday 9AM to 7PM, Friday 9AM to 4 PM, Saturday 9AM to 4PM",https://www.mariposalibrary.org,,Mariposa,'+12099662140,"Monday 9AM to 4 PM, Tuesday through Thursday 9AM to 7PM, Friday 9AM to 4 PM, Saturday 9AM to 4PM",https://www.mariposalibrary.org,,Mariposa,'+12099662140,"Monday 9AM to 4 PM, Tuesday through Thursday 9AM to 7PM, Friday 9AM to 4 PM, Saturday 9AM to 4PM",https://www.mariposalibrary.org,,Mariposa,'+12099662140,"Monday 9AM to 4 PM, Tuesday through Thursday 9AM to 7PM, Friday 9AM to 4 PM, Saturday 9AM to 4PM",https://www.mariposalibrary.org,No. Our services are offered free of cost.,"Yes, Aging Individuals (Age 60+), Veterans, Individuals with Disabilities, Individuals with Language Barriers (Limited English Proficiency individuals, etc.), Rural Communities",English,,No. Our services are offered free of cost.,11/21/25 9:38
Mariposa County Library,9670 Rancheria Flat Rd,El Portal,CA,95318,'+12099662140,https://www.mariposalibrary.org,Matt Johnson,County Librarian,mjohnson@mariposacounty.org,"Business, Community Anchor Institution, Government or Public Organization, Private Sector and Non-Governmental Organizations",,"Digital literacy & skills training, Public Wi-Fi, Computer center(s), Online educational resources",County-wide or across multiple counties,Mariposa,,In-Person,,El Portal Library,El Portal,'+12093792401,"Tuesday and Thursday, 11:30 AM to 6 PM",www.mariposalibrary.org,El Portal Library,El Portal,'+12093792401,"Tuesday and Thursday, 11:30 AM to 6 PM",www.mariposalibrary.org,El Portal Library,El Portal,'+12093792401,"Tuesday and Thursday, 11:30 AM to 6 PM",www.mariposalibrary.org,El Portal Library,El Portal,'+12093792401,"Tuesday and Thursday, 11:30 AM to 6 PM",www.mariposalibrary.org,El Portal Library,El Portal,'+12093792401,"Tuesday and Thursday, 11:30 AM to 6 PM",www.mariposalibrary.org,No. Our services are offered free of cost.,"Yes, Aging Individuals (Age 60+), Veterans, Individuals with Disabilities, Individuals with Language Barriers (Limited English Proficiency individuals, etc.), Rural Communities",English,,No. Our services are offered free of cost.,11/21/25 9:38
Mariposa County Library,10332-C Fiske Road,Coulterville,CA,95311,'+12099662140,https://www.mariposalibrary.org,Matt Johnson,County Librarian,mjohnson@mariposacounty.org,"Business, Community Anchor Institution, Government or Public Organization, Private Sector and Non-Governmental Organizations",,"Digital literacy & skills training, Public Wi-Fi, Computer center(s), Online educational resources",County-wide or across multiple counties,Mariposa,,In-Person,,Red Cloud Library,Coulterville,'+12098783692,Wednesdays: 10:30am to 4pm; Thursdays: 10:30am - 4pm; Saturdays: 11am - 2 pm,www.mariposalibrary.org,Red Cloud Library,Coulterville,'+12098783692,Wednesdays: 10:30am to 4pm; Thursdays: 10:30am - 4pm; Saturdays: 11am - 2 pm,www.mariposalibrary.org,Red Cloud Library,Coulterville,'+12098783692,Wednesdays: 10:30am to 4pm; Thursdays: 10:30am - 4pm; Saturdays: 11am - 2 pm,www.mariposalibrary.org,Red Cloud Library,Coulterville,'+12098783692,Wednesdays: 10:30am to 4pm; Thursdays: 10:30am - 4pm; Saturdays: 11am - 2 pm,www.mariposalibrary.org,Red Cloud Library,Coulterville,'+12098783692,Wednesdays: 10:30am to 4pm; Thursdays: 10:30am - 4pm; Saturdays: 11am - 2 pm,www.mariposalibrary.org,No. Our services are offered free of cost.,"Yes, Aging Individuals (Age 60+), Veterans, Individuals with Disabilities, Individuals with Language Barriers (Limited English Proficiency individuals, etc.), Rural Communities",English,,No. Our services are offered free of cost.,11/21/25 9:38
Mariposa County Library,58 Cedar Court,Yosemite,CA,95389,'+12099662140,https://www.mariposalibrary.org,Matt Johnson,County Librarian,mjohnson@mariposacounty.org,"Business, Community Anchor Institution, Government or Public Organization, Private Sector and Non-Governmental Organizations",,"Digital literacy & skills training, Public Wi-Fi, Computer center(s), Online educational resources",County-wide or across multiple counties,Mariposa,,In-Person,,Yosemite Valley Library,Yosemite,'+12093724552,Tuesdays: 10:30am - 5pm; Wednesdays: 10:30am - 5pm,https://www.mariposalibrary.org,Yosemite Valley Library,Yosemite,'+12093724552,Tuesdays: 10:30am - 5pm; Wednesdays: 10:30am - 5pm,https://www.mariposalibrary.org,Yosemite Valley Library,Yosemite,'+12093724552,Tuesdays: 10:30am - 5pm; Wednesdays: 10:30am - 5pm,https://www.mariposalibrary.org,Yosemite Valley Library,Yosemite,'+12093724552,Tuesdays: 10:30am - 5pm; Wednesdays: 10:30am - 5pm,https://www.mariposalibrary.org,Yosemite Valley Library,Yosemite,'+12093724552,Tuesdays: 10:30am - 5pm; Wednesdays: 10:30am - 5pm,https://www.mariposalibrary.org,No. Our services are offered free of cost.,"Yes, Aging Individuals (Age 60+), Veterans, Individuals with Disabilities, Individuals with Language Barriers (Limited English Proficiency individuals, etc.), Rural Communities",English,,No. Our services are offered free of cost.,11/21/25 9:38
Mariposa County Library,7971 Chilnualna Falls Rd,Wawona,CA,95389,'+12099662140,https://www.mariposalibrary.org,Matt Johnson,County Librarian,mjohnson@mariposacounty.org,"Business, Community Anchor Institution, Government or Public Organization, Private Sector and Non-Governmental Organizations",,"Digital literacy & skills training, Public Wi-Fi, Computer center(s), Online educational resources",County-wide or across multiple counties,Mariposa,,In-Person,,Wawona Library,Wawona,'+12093756510,Tuesday: 12pm - 5pm; Thursday: 12pm - 5pm; Saturday: 10am - 3pm,https://www.mariposalibrary.org,Wawona Library,Wawona,'+12093756510,Tuesday: 12pm - 5pm; Thursday: 12pm - 5pm; Saturday: 10am - 3pm,https://www.mariposalibrary.org,Wawona Library,Wawona,'+12093756510,Tuesday: 12pm - 5pm; Thursday: 12pm - 5pm; Saturday: 10am - 3pm,https://www.mariposalibrary.org,Wawona Library,Wawona,'+12093756510,Tuesday: 12pm - 5pm; Thursday: 12pm - 5pm; Saturday: 10am - 3pm,https://www.mariposalibrary.org,Wawona Library,Wawona,'+12093756510,Tuesday: 12pm - 5pm; Thursday: 12pm - 5pm; Saturday: 10am - 3pm,https://www.mariposalibrary.org,No. Our services are offered free of cost.,"Yes, Aging Individuals (Age 60+), Veterans, Individuals with Disabilities, Individuals with Language Barriers (Limited English Proficiency individuals, etc.), Rural Communities",English,,No. Our services are offered free of cost.,11/21/25 9:38
Folsom Public Library,411 Stafford Street,Folsom,CA,95630,'+19164616130,https://www.library.folsom.ca.us,Thomas Gruneisen,Library Director,libstaff@folsom.ca.us,"Business, Community Anchor Institution, Government or Public Organization, Private Sector and Non-Governmental Organizations",,"Digital literacy & skills training, Technical support, Free/Low-cost devices, Free/Low-cost hotspots, Public Wi-Fi, Computer center(s), Online educational resources, Workforce development resources",City-wide or across multiple cities,Sacramento,,In-Person,,,Folsom,'+19164616130,"Sunday & Monday: CLOSED; Tuesday & Wednesday: 10:00am-7:00pm; Thursday, Friday, Saturday: 10:00am-5:00pm",https://www.library.folsom.ca.us,,Folsom,'+19164616130,"Sunday & Monday: CLOSED; Tuesday & Wednesday: 10:00am-7:00pm; Thursday, Friday, Saturday: 10:00am-5:00pm",https://www.library.folsom.ca.us,,Folsom,'+19164616130,"Sunday & Monday: CLOSED; Tuesday & Wednesday: 10:00am-7:00pm; Thursday, Friday, Saturday: 10:00am-5:00pm",https://www.library.folsom.ca.us,,Folsom,'+19164616130,"Sunday & Monday: CLOSED; Tuesday & Wednesday: 10:00am-7:00pm; Thursday, Friday, Saturday: 10:00am-5:00pm",https://www.library.folsom.ca.us,,Folsom,'+19164616130,"Sunday & Monday: CLOSED; Tuesday & Wednesday: 10:00am-7:00pm; Thursday, Friday, Saturday: 10:00am-5:00pm",https://www.library.folsom.ca.us,No. Our services are offered free of cost.,"Yes, Aging Individuals (Age 60+), Veterans, Individuals with Disabilities, Individuals with Language Barriers (Limited English Proficiency individuals, etc.), Ethnic or Minority Communities","English, Other",Partnership opportunities,No. Our services are offered free of cost.,11/21/25 9:26
Brightscape Networks,Virtual,,,,'+19169093940,https://brightscapenetworks.org,Brian Court,Senior Director,brian.court@brightscapenetworks.org,"Business, Community Anchor Institution, Government or Public Organization, Private Sector and Non-Governmental Organizations",,Locating low-cost internet service programs,Statewide,,,Virtually,https://brightscapenetworks.org,,,,,,,,,,,,,,,,,,,,,,,,,,Yes. We charge a fee for our services and it’s more than $25.,"Yes, Aging Individuals (Age 60+), Incarcerated Individuals, Veterans, Individuals with Disabilities, Individuals with Language Barriers (Limited English Proficiency individuals, etc.), Ethnic or Minority Communities, Rural Communities",English,"Digital equity grant writing, Partnership opportunities, Collective action, Information sharing",Yes. We charge a fee for our services.,11/20/25 13:48
City of Gardena,13220 Van Ness Ave,Gardena,CA,90249,'+13102179500,https://www.cityofgardena.org,Mark E Henderson,Mayor Pro Tem,mhenderson@cityofgardena.org,"Business, Community Anchor Institution, Government or Public Organization, Private Sector and Non-Governmental Organizations",,"Public Wi-Fi, Computer center(s), Workforce development resources",City-wide or across multiple cities,Los Angeles,,In-Person,,,Gardena,'+13102179500,8a to 10p,https://cityofgardena.org/,,Gardena,'+13102179500,8a to 10p,https://cityofgardena.org/,,Gardena,'+13102179500,8a to 10p,https://cityofgardena.org/,,Gardena,'+13102179500,8a to 10p,https://cityofgardena.org/,,Gardena,'+13102179500,8a to 10p,https://cityofgardena.org/,No. Our services are offered free of cost.,"Yes, Aging Individuals (Age 60+), Veterans, Individuals with Disabilities, Individuals with Language Barriers (Limited English Proficiency individuals, etc.), Ethnic or Minority Communities","English, Spanish, Japanese",Other,No. Our services are offered free of cost.,11/20/25 13:40
City of Gardena,1200 W 170th St,Gardena,CA,90247,'+13102179500,https://www.cityofgardena.org,Mark E Henderson,Mayor Pro Tem,mhenderson@cityofgardena.org,"Business, Community Anchor Institution, Government or Public Organization, Private Sector and Non-Governmental Organizations",,"Public Wi-Fi, Computer center(s), Workforce development resources",City-wide or across multiple cities,Los Angeles,,In-Person,,Johnson Park,Gardena,'+13102179500,8a to 10p,https://cityofgardena.org/,Johnson Park,Gardena,'+13102179500,8a to 10p,https://cityofgardena.org/,Johnson Park,Gardena,'+13102179500,8a to 10p,https://cityofgardena.org/,Johnson Park,Gardena,'+13102179500,8a to 10p,https://cityofgardena.org/,Johnson Park,Gardena,'+13102179500,8a to 10p,https://cityofgardena.org/,No. Our services are offered free of cost.,"Yes, Aging Individuals (Age 60+), Veterans, Individuals with Disabilities, Individuals with Language Barriers (Limited English Proficiency individuals, etc.), Ethnic or Minority Communities","English, Spanish, Japanese",Other,No. Our services are offered free of cost.,11/20/25 13:40
Community Health Centers of the Central Coast,Virtual,,,,'+18666144636,https://communityhealthcenters.org,Austin Lillenberg,Associate Behavioral Health Director,austin.lillenberg@chccc.org,"Business, Community Anchor Institution, Government or Public Organization, Private Sector and Non-Governmental Organizations",,"Digital navigation (in-person or virtual/call center), Technical support, Online educational resources, Workforce development resources",County-wide or across multiple counties,"San Luis Obispo, Santa Barbara",,Virtually,https://www.communityhealthcenters.org/patient-resources/patient-portal/,,,,,,,,,,,,,,,,,,,,,,,,,,Yes. We charge a fee for our services and it’s more than $25.,"Yes, Aging Individuals (Age 60+), Veterans, Individuals with Disabilities, Individuals with Language Barriers (Limited English Proficiency individuals, etc.), Ethnic or Minority Communities, Rural Communities","English, Spanish","Partnership opportunities, Information sharing",No. Our services are offered free of cost.,11/20/25 11:32
Community Health Centers of the Central Coast,2050 S. Blosser Rd.,Santa Maria,CA,93458,'+18666144636,https://communityhealthcenters.org,Austin Lillenberg,Associate Behavioral Health Director,austin.lillenberg@chccc.org,"Business, Community Anchor Institution, Government or Public Organization, Private Sector and Non-Governmental Organizations",,"Digital navigation (in-person or virtual/call center), Technical support, Online educational resources, Workforce development resources",County-wide or across multiple counties,"San Luis Obispo, Santa Barbara",,In-Person,,,Santa Maria,,"8:00am - 5:00pm, Monday - Friday",https://www.communityhealthcenters.org/health-services/,,Santa Maria,,"8:00am - 5:00pm, Monday - Friday",https://www.communityhealthcenters.org/health-services/,,Santa Maria,,"8:00am - 5:00pm, Monday - Friday",https://www.communityhealthcenters.org/health-services/,,Santa Maria,,"8:00am - 5:00pm, Monday - Friday",https://www.communityhealthcenters.org/health-services/,,Santa Maria,,"8:00am - 5:00pm, Monday - Friday",https://www.communityhealthcenters.org/health-services/,Yes. We charge a fee for our services and it’s more than $25.,"Yes, Aging Individuals (Age 60+), Veterans, Individuals with Disabilities, Individuals with Language Barriers (Limited English Proficiency individuals, etc.), Ethnic or Minority Communities, Rural Communities","English, Spanish","Partnership opportunities, Information sharing",No. Our services are offered free of cost.,11/20/25 11:32
Glenn Adult Education Program,Virtual,,,,'+15309366980,https://www.glenncoe.org/apps/pages/index.jsp?uREC_ID=4380731&type=d&pREC_ID=2585888,Melinda Tuma,Administrative Assistant,mtuma@glenncoe.org,"Business, Community Anchor Institution, Government or Public Organization, Private Sector and Non-Governmental Organizations",,"Digital navigation (in-person or virtual/call center), Digital literacy & skills training",County-wide or across multiple counties,"Butte, Glenn, Tehama",,Virtually,https://www.glenncoe.org/apps/pages/index.jsp?uREC_ID=4380731&type=d&pREC_ID=2585888,,,,,,,,,,,,,,,,,,,,,,,,,,No. Our services are offered free of cost.,"Yes, Aging Individuals (Age 60+), Veterans, Individuals with Disabilities, Individuals with Language Barriers (Limited English Proficiency individuals, etc.), Ethnic or Minority Communities, Rural Communities","English, Spanish",Information sharing,No. Our services are offered free of cost.,11/20/25 10:38
Glenn Adult Education Program,129 E. Walker St,Orland,CA,95963,'+15309366980,https://www.glenncoe.org/apps/pages/index.jsp?uREC_ID=4380731&type=d&pREC_ID=2585888,Melinda Tuma,Administrative Assistant,mtuma@glenncoe.org,"Business, Community Anchor Institution, Government or Public Organization, Private Sector and Non-Governmental Organizations",,"Digital navigation (in-person or virtual/call center), Digital literacy & skills training",County-wide or across multiple counties,"Butte, Glenn, Tehama",,In-Person,,,Orland,'+15309366980,"M-TH 8am-5pm, Fridays 8am-4:30pm",https://www.glenncoe.org/apps/pages/index.jsp?uREC_ID=4380731&type=d&pREC_ID=2585888,,Orland,'+15309366980,"M-TH 8am-5pm, Fridays 8am-4:30pm",https://www.glenncoe.org/apps/pages/index.jsp?uREC_ID=4380731&type=d&pREC_ID=2585888,,Orland,'+15309366980,"M-TH 8am-5pm, Fridays 8am-4:30pm",https://www.glenncoe.org/apps/pages/index.jsp?uREC_ID=4380731&type=d&pREC_ID=2585888,,Orland,'+15309366980,"M-TH 8am-5pm, Fridays 8am-4:30pm",https://www.glenncoe.org/apps/pages/index.jsp?uREC_ID=4380731&type=d&pREC_ID=2585888,,Orland,'+15309366980,"M-TH 8am-5pm, Fridays 8am-4:30pm",https://www.glenncoe.org/apps/pages/index.jsp?uREC_ID=4380731&type=d&pREC_ID=2585888,No. Our services are offered free of cost.,"Yes, Aging Individuals (Age 60+), Veterans, Individuals with Disabilities, Individuals with Language Barriers (Limited English Proficiency individuals, etc.), Ethnic or Minority Communities, Rural Communities","English, Spanish",Information sharing,No. Our services are offered free of cost.,11/20/25 10:38
Glenn Adult Education Program,451 S. Villa Ave,Willows,CA,95988,'+15309366980,https://www.glenncoe.org/apps/pages/index.jsp?uREC_ID=4380731&type=d&pREC_ID=2585888,Melinda Tuma,Administrative Assistant,mtuma@glenncoe.org,"Business, Community Anchor Institution, Government or Public Organization, Private Sector and Non-Governmental Organizations",,"Digital navigation (in-person or virtual/call center), Digital literacy & skills training",County-wide or across multiple counties,"Butte, Glenn, Tehama",,In-Person,,Glenn Adult Education,Willows,'+15309346320,"M-TH 8am-5pm, Fridays 8am-4:30pm",https://www.glenncoe.org/apps/pages/index.jsp?uREC_ID=4380731&type=d&pREC_ID=2585888,Glenn Adult Education,Willows,'+15309346320,"M-TH 8am-5pm, Fridays 8am-4:30pm",https://www.glenncoe.org/apps/pages/index.jsp?uREC_ID=4380731&type=d&pREC_ID=2585888,Glenn Adult Education,Willows,'+15309346320,"M-TH 8am-5pm, Fridays 8am-4:30pm",https://www.glenncoe.org/apps/pages/index.jsp?uREC_ID=4380731&type=d&pREC_ID=2585888,Glenn Adult Education,Willows,'+15309346320,"M-TH 8am-5pm, Fridays 8am-4:30pm",https://www.glenncoe.org/apps/pages/index.jsp?uREC_ID=4380731&type=d&pREC_ID=2585888,Glenn Adult Education,Willows,'+15309346320,"M-TH 8am-5pm, Fridays 8am-4:30pm",https://www.glenncoe.org/apps/pages/index.jsp?uREC_ID=4380731&type=d&pREC_ID=2585888,No. Our services are offered free of cost.,"Yes, Aging Individuals (Age 60+), Veterans, Individuals with Disabilities, Individuals with Language Barriers (Limited English Proficiency individuals, etc.), Ethnic or Minority Communities, Rural Communities","English, Spanish",Information sharing,No. Our services are offered free of cost.,11/20/25 10:38
Pinto Reconnect,Virtual,,,,'+15599337441,https://pintoreconnect.org,Sheila Williamson,Communications Coordinator,sheila@pintoreconnect.org,"Business, Community Anchor Institution, Government or Public Organization, Private Sector and Non-Governmental Organizations",,"Locating low-cost internet service programs, Enrollment assistance in low-cost internet service programs, Digital navigation (in-person or virtual/call center), Digital literacy & skills training, Technical support, Free/Low-cost devices, Computer center(s), Online educational resources, Workforce development resources",County-wide or across multiple counties,"Fresno, Kern, Kings, Madera, Merced, San Joaquin, Stanislaus, Tulare",,Virtually,https://pintoreconnect.org,,,,,,,,,,,,,,,,,,,,,,,,,,No. Our services are offered free of cost.,"Yes, Aging Individuals (Age 60+), Incarcerated Individuals, Veterans, Individuals with Disabilities, Individuals with Language Barriers (Limited English Proficiency individuals, etc.), Ethnic or Minority Communities, Rural Communities","English, Spanish","Digital equity grant writing, Organizational training, Train-the-trainer, Partnership opportunities, Collective action, Information sharing",No. Our services are offered free of cost.,11/20/25 8:36
Pinto Reconnect,6258 Murphy Avenue,Laton,CA,93242,'+15599337441,https://pintoreconnect.org,Sheila Williamson,Communications Coordinator,sheila@pintoreconnect.org,"Business, Community Anchor Institution, Government or Public Organization, Private Sector and Non-Governmental Organizations",,"Locating low-cost internet service programs, Enrollment assistance in low-cost internet service programs, Digital navigation (in-person or virtual/call center), Digital literacy & skills training, Technical support, Free/Low-cost devices, Computer center(s), Online educational resources, Workforce development resources",County-wide or across multiple counties,"Fresno, Kern, Kings, Madera, Merced, San Joaquin, Stanislaus, Tulare",,In-Person,,,Laton,'+15599337441,M-Th 6:00 am - 9:00 pm,https://pintoreconnect.org,,Laton,'+15599337441,M-Th 6:00 am - 9:00 pm,https://pintoreconnect.org,,Laton,'+15599337441,M-Th 6:00 am - 9:00 pm,https://pintoreconnect.org,,Laton,'+15599337441,M-Th 6:00 am - 9:00 pm,https://pintoreconnect.org,,Laton,'+15599337441,M-Th 6:00 am - 9:00 pm,https://pintoreconnect.org,No. Our services are offered free of cost.,"Yes, Aging Individuals (Age 60+), Incarcerated Individuals, Veterans, Individuals with Disabilities, Individuals with Language Barriers (Limited English Proficiency individuals, etc.), Ethnic or Minority Communities, Rural Communities","English, Spanish","Digital equity grant writing, Organizational training, Train-the-trainer, Partnership opportunities, Collective action, Information sharing",No. Our services are offered free of cost.,11/20/25 8:36
Pinto Reconnect,3757 S Ward Avenue,Fresno,CA,93725,'+15599337441,https://pintoreconnect.org,Sheila Williamson,Communications Coordinator,sheila@pintoreconnect.org,"Business, Community Anchor Institution, Government or Public Organization, Private Sector and Non-Governmental Organizations",,"Locating low-cost internet service programs, Enrollment assistance in low-cost internet service programs, Digital navigation (in-person or virtual/call center), Digital literacy & skills training, Technical support, Free/Low-cost devices, Computer center(s), Online educational resources, Workforce development resources",County-wide or across multiple counties,"Fresno, Kern, Kings, Madera, Merced, San Joaquin, Stanislaus, Tulare",,In-Person,,Live the Word Ministries,Fresno,'+15599337441,M-Th 6:00 am - 9:00 pm,pintoreconnect.org,Live the Word Ministries,Fresno,'+15599337441,M-Th 6:00 am - 9:00 pm,pintoreconnect.org,Live the Word Ministries,Fresno,'+15599337441,M-Th 6:00 am - 9:00 pm,pintoreconnect.org,Live the Word Ministries,Fresno,'+15599337441,M-Th 6:00 am - 9:00 pm,pintoreconnect.org,Live the Word Ministries,Fresno,'+15599337441,M-Th 6:00 am - 9:00 pm,pintoreconnect.org,No. Our services are offered free of cost.,"Yes, Aging Individuals (Age 60+), Incarcerated Individuals, Veterans, Individuals with Disabilities, Individuals with Language Barriers (Limited English Proficiency individuals, etc.), Ethnic or Minority Communities, Rural Communities","English, Spanish","Digital equity grant writing, Organizational training, Train-the-trainer, Partnership opportunities, Collective action, Information sharing",No. Our services are offered free of cost.,11/20/25 8:36
Pinto Reconnect,75 5th Street,Kettleman City,CA,93239,'+15599337441,https://pintoreconnect.org,Sheila Williamson,Communications Coordinator,sheila@pintoreconnect.org,"Business, Community Anchor Institution, Government or Public Organization, Private Sector and Non-Governmental Organizations",,"Locating low-cost internet service programs, Enrollment assistance in low-cost internet service programs, Digital navigation (in-person or virtual/call center), Digital literacy & skills training, Technical support, Free/Low-cost devices, Computer center(s), Online educational resources, Workforce development resources",County-wide or across multiple counties,"Fresno, Kern, Kings, Madera, Merced, San Joaquin, Stanislaus, Tulare",,In-Person,,Kettleman City Family Resource Center,Kettleman City,'+15599337441,M-Th 6:00 am - 9:00 pm,pintoreconnect.org,Kettleman City Family Resource Center,Kettleman City,'+15599337441,M-Th 6:00 am - 9:00 pm,pintoreconnect.org,Kettleman City Family Resource Center,Kettleman City,'+15599337441,M-Th 6:00 am - 9:00 pm,pintoreconnect.org,Kettleman City Family Resource Center,Kettleman City,'+15599337441,M-Th 6:00 am - 9:00 pm,pintoreconnect.org,Kettleman City Family Resource Center,Kettleman City,'+15599337441,M-Th 6:00 am - 9:00 pm,pintoreconnect.org,No. Our services are offered free of cost.,"Yes, Aging Individuals (Age 60+), Incarcerated Individuals, Veterans, Individuals with Disabilities, Individuals with Language Barriers (Limited English Proficiency individuals, etc.), Ethnic or Minority Communities, Rural Communities","English, Spanish","Digital equity grant writing, Organizational training, Train-the-trainer, Partnership opportunities, Collective action, Information sharing",No. Our services are offered free of cost.,11/20/25 8:36
Pinto Reconnect,Family Engagement Center,Avenal,CA,93204,'+15599337441,https://pintoreconnect.org,Sheila Williamson,Communications Coordinator,sheila@pintoreconnect.org,"Business, Community Anchor Institution, Government or Public Organization, Private Sector and Non-Governmental Organizations",,"Locating low-cost internet service programs, Enrollment assistance in low-cost internet service programs, Digital navigation (in-person or virtual/call center), Digital literacy & skills training, Technical support, Free/Low-cost devices, Computer center(s), Online educational resources, Workforce development resources",County-wide or across multiple counties,"Fresno, Kern, Kings, Madera, Merced, San Joaquin, Stanislaus, Tulare",,In-Person,,Reef-Sunset Unified School District,Avenal,'+15599337441,M-Th 6:00 am - 9:00 pm,https://pintoreconnect.org,Reef-Sunset Unified School District,Avenal,'+15599337441,M-Th 6:00 am - 9:00 pm,https://pintoreconnect.org,Reef-Sunset Unified School District,Avenal,'+15599337441,M-Th 6:00 am - 9:00 pm,https://pintoreconnect.org,Reef-Sunset Unified School District,Avenal,'+15599337441,M-Th 6:00 am - 9:00 pm,https://pintoreconnect.org,Reef-Sunset Unified School District,Avenal,'+15599337441,M-Th 6:00 am - 9:00 pm,https://pintoreconnect.org,No. Our services are offered free of cost.,"Yes, Aging Individuals (Age 60+), Incarcerated Individuals, Veterans, Individuals with Disabilities, Individuals with Language Barriers (Limited English Proficiency individuals, etc.), Ethnic or Minority Communities, Rural Communities","English, Spanish","Digital equity grant writing, Organizational training, Train-the-trainer, Partnership opportunities, Collective action, Information sharing",No. Our services are offered free of cost.,11/20/25 8:36
Pinto Reconnect,3160 W Mount Whitney Avenue,Riverdale,CA,93656,'+15599337441,https://pintoreconnect.org,Sheila Williamson,Communications Coordinator,sheila@pintoreconnect.org,"Business, Community Anchor Institution, Government or Public Organization, Private Sector and Non-Governmental Organizations",,"Locating low-cost internet service programs, Enrollment assistance in low-cost internet service programs, Digital navigation (in-person or virtual/call center), Digital literacy & skills training, Technical support, Free/Low-cost devices, Computer center(s), Online educational resources, Workforce development resources",County-wide or across multiple counties,"Fresno, Kern, Kings, Madera, Merced, San Joaquin, Stanislaus, Tulare",,In-Person,,Riverdale Joint Unified School District,Riverdale,'+15599337441,M-Th 6:00 am - 9:00 pm,https://pintoreconnect.org,Riverdale Joint Unified School District,Riverdale,'+15599337441,M-Th 6:00 am - 9:00 pm,https://pintoreconnect.org,Riverdale Joint Unified School District,Riverdale,'+15599337441,M-Th 6:00 am - 9:00 pm,https://pintoreconnect.org,Riverdale Joint Unified School District,Riverdale,'+15599337441,M-Th 6:00 am - 9:00 pm,https://pintoreconnect.org,Riverdale Joint Unified School District,Riverdale,'+15599337441,M-Th 6:00 am - 9:00 pm,https://pintoreconnect.org,No. Our services are offered free of cost.,"Yes, Aging Individuals (Age 60+), Incarcerated Individuals, Veterans, Individuals with Disabilities, Individuals with Language Barriers (Limited English Proficiency individuals, etc.), Ethnic or Minority Communities, Rural Communities","English, Spanish","Digital equity grant writing, Organizational training, Train-the-trainer, Partnership opportunities, Collective action, Information sharing",No. Our services are offered free of cost.,11/20/25 8:36
iFoster,Virtual,,,,'+18559367837,https://www.ifoster.org,Sarah Washington,Resource Management Manager,sarah@ifoster.org,"Business, Community Anchor Institution, Government or Public Organization, Private Sector and Non-Governmental Organizations",,"Locating low-cost internet service programs, Enrollment assistance in low-cost internet service programs, Digital literacy & skills training, Free/Low-cost devices, Online educational resources, Workforce development resources",Other,,,Virtually,https://www.ifoster.org,,,,,,,,,,,,,,,,,,,,,,,,,,No. Our services are offered free of cost.,"Yes, Other","English, Spanish","Partnership opportunities, Information sharing",No. Our services are offered free of cost.,11/19/25 15:48
City of Carmel-by-the-Sea,Corner of Ocean Ave & Lincoln St,Carmel-by-the-Sea,CA,93921,'+18316202000,https://ci.carmel.ca.us/,Emily Garay,Administrative Analyst,egaray@ci.carmel.ca.us,"Business, Community Anchor Institution, Government or Public Organization, Private Sector and Non-Governmental Organizations",,"Digital navigation (in-person or virtual/call center), Digital literacy & skills training, Free/Low-cost devices, Public Wi-Fi, Computer center(s)",City-wide or across multiple cities,Monterey,,In-Person,,,Carmel-by-the-Sea,,10:00am - 6:00pm,,,Carmel-by-the-Sea,,10:00am - 6:00pm,,,Carmel-by-the-Sea,,10:00am - 6:00pm,,,Carmel-by-the-Sea,,10:00am - 6:00pm,,,Carmel-by-the-Sea,,10:00am - 6:00pm,,No. Our services are offered free of cost.,"Yes, Aging Individuals (Age 60+)",English,Information sharing,No. Our services are offered free of cost.,11/19/25 15:15
The Fiber Optic Association Inc.,Virtual,,,,'+17604513655,https://www.foa.org/,Jim Hayes,President,jim@foa.org,"Business, Community Anchor Institution, Government or Public Organization, Private Sector and Non-Governmental Organizations",,"Online educational resources, Workforce development resources",Other,,,Virtually,https://www.foa.org/,,,,,,,,,,,,,,,,,,,,,,,,,,No. Our services are offered free of cost.,"Yes, Incarcerated Individuals, Veterans, Individuals with Disabilities, Rural Communities","English, Spanish, French",Other,Yes. We charge a fee for our services.,11/19/25 14:59
FLORECER,676 Baseline Road,Winterhaven,CA,92283,'+18318094721,https://www.floreceryuma.org,Audren Morris-Sandoval,Founder/Executive Director,audren@floreceryuma.org,"Business, Community Anchor Institution, Government or Public Organization, Private Sector and Non-Governmental Organizations",,"Digital navigation (in-person or virtual/call center), Digital literacy & skills training, Workforce development resources",County-wide or across multiple counties,,,In-Person,,,Winterhaven,,,https://www.floreceryuma.org,,Winterhaven,,,https://www.floreceryuma.org,,Winterhaven,,,https://www.floreceryuma.org,,Winterhaven,,,https://www.floreceryuma.org,,Winterhaven,,,https://www.floreceryuma.org,No. Our services are offered free of cost.,"Yes, Incarcerated Individuals, Ethnic or Minority Communities, Rural Communities","English, Spanish",,No. Our services are offered free of cost.,11/19/25 14:55
Familias Empoderadas del Valle Central,2901 N 3rd St,Fresno,CA,93703,'+15596972779,http://www.familiasempoderadas.org,Alicia Aleman,EXECUTIVE DIRECTOR,aliscfe@familiasempoderadas.org,"Business, Community Anchor Institution, Government or Public Organization, Private Sector and Non-Governmental Organizations",,"Locating low-cost internet service programs, Enrollment assistance in low-cost internet service programs, Digital navigation (in-person or virtual/call center), Digital literacy & skills training, Technical support, Free/Low-cost devices, Free/Low-cost hotspots, Online educational resources",Statewide,,,In-Person,,,,,,,,,,,,,,,,,,,,,,,,,,,No. Our services are offered free of cost.,"Yes, Aging Individuals (Age 60+), Individuals with Disabilities, Individuals with Language Barriers (Limited English Proficiency individuals, etc.), Ethnic or Minority Communities, Rural Communities","English, Spanish, Hindi, Punjabi, Other",Partnership opportunities,No. Our services are offered free of cost.,11/19/25 14:47
Cisco Systems,Virtual,,,,'+14085279731,https://www.cisco.com,Kurt Kuzur,"Purpose Program Manager, Cisco Networking Academy",kkuzur@cisco.com,"Business, Community Anchor Institution, Government or Public Organization, Private Sector and Non-Governmental Organizations",,"Locating low-cost internet service programs, Digital navigation (in-person or virtual/call center), Digital literacy & skills training, Public Wi-Fi, Online educational resources, Workforce development resources",Statewide,,,Virtually,https://www.netacad.com/,,,,,,,,,,,,,,,,,,,,,,,,,,No. Our services are offered free of cost.,"Yes, Aging Individuals (Age 60+), Incarcerated Individuals, Veterans, Individuals with Disabilities, Individuals with Language Barriers (Limited English Proficiency individuals, etc.), Ethnic or Minority Communities, Rural Communities","English, Spanish, Tagalog, Mandarin, Vietnamese, Korean, Cantonese, Farsi, Arabic, Hindi, Russian, Japanese, French, Khmer","Organizational training, Train-the-trainer, Partnership opportunities, Collective action",No. Our services are offered free of cost.,11/19/25 14:04
"CITRIS and the Banatao Institute, UC Berkeley",Virtual,,,,'+14089819163,https://citris-uc.org/,Jolie Lam,Program Director - Health Initiatives,gbic_jolie_yanyan@berkeley.edu,"Business, Community Anchor Institution, Government or Public Organization, Private Sector and Non-Governmental Organizations",,"Digital navigation (in-person or virtual/call center), Digital literacy & skills training, Public Wi-Fi, Computer center(s), Online educational resources, Workforce development resources",Statewide,,,Virtually,https://citris-uc.org/labs-programs/innovation-hub/,,,,,,,,,,,,,,,,,,,,,,,,,,No. Our services are offered free of cost.,No,"English, Spanish, Mandarin, Cantonese","Digital equity grant writing, Organizational training, Train-the-trainer, Mutual aid (financial), Partnership opportunities, Information sharing",No. Our services are offered free of cost.,11/19/25 10:30
"CITRIS and the Banatao Institute, UC Berkeley","CITRIS and the Banatao Institute, UC Berkeley",Berkeley,CA,94720,'+14089819163,https://citris-uc.org/,Jolie Lam,Program Director - Health Initiatives,gbic_jolie_yanyan@berkeley.edu,"Business, Community Anchor Institution, Government or Public Organization, Private Sector and Non-Governmental Organizations",,"Digital navigation (in-person or virtual/call center), Digital literacy & skills training, Public Wi-Fi, Computer center(s), Online educational resources, Workforce development resources",Statewide,,,In-Person,,,Berkeley,'+14989819163,8:00am to 6:00pm,https://citris-uc.org/about/,,Berkeley,'+14989819163,8:00am to 6:00pm,https://citris-uc.org/about/,,Berkeley,'+14989819163,8:00am to 6:00pm,https://citris-uc.org/about/,,Berkeley,'+14989819163,8:00am to 6:00pm,https://citris-uc.org/about/,,Berkeley,'+14989819163,8:00am to 6:00pm,https://citris-uc.org/about/,No. Our services are offered free of cost.,No,"English, Spanish, Mandarin, Cantonese","Digital equity grant writing, Organizational training, Train-the-trainer, Mutual aid (financial), Partnership opportunities, Information sharing",No. Our services are offered free of cost.,11/19/25 10:30