Name of Organization,Organization Address: Address Line 1,Organization Address: City,Organization Address: State,Organization Address: Zip/Postal Code,Business Phone No,Webpage,Name of Point of Contact,Position/Title,Business Email Address,Type of Organization,(For ISP only) Do you have a low-cost home internet service offer or subsidy?,4. What digital inclusion service(s) does your entity/organization provide to individuals? Please select all that apply.,5. What is your entity/organization's service area?,6. Please indicate all the counties in which you provide services.,7. Please indicate all the cities in which you provide services,8. How does your entity/organization provide its services? Select all that apply. ,Please provide the website URL where more information about your virtual program / service can be found.,Name of physical location where services are provided.,What is the physical location address where your entity/organization provides in-person services?,Phone Number,Hours of Operation,Program/Service Webpage,Name of physical location where services are provided..1,What is the physical location address where your entity/organization provides in-person services?.1,Phone Number.1,Hours of Operation.1,Program/Service Webpage.1,Name of physical location where services are provided..2,What is the physical location address where your entity/organization provides in-person services?.2,Phone Number.2,Hours of Operation.2,Program/Service Webpage.2,Name of physical location where services are provided..3,What is the physical location address where your entity/organization provides in-person services?.3,Phone Number.3,Hours of Operation.3,Program/Service Webpage.3,Name of physical location where services are provided..4,What is the physical location address where your entity/organization provides in-person services?.4,Phone Number.4,Hours of Operation.4,Program/Service Webpage.4,9. Does your entity/organization charge for its services?,10. To which of the following are your service available?,11. What language(s) does your entity/organization provide its services in? Please select all that apply. ,12. Does your entity/organization provide any of the following supports or services to other organizations? Please select all that apply.,13. Does your entity/organization charge for its services?,Date Submitted
Long Beach Collaboratory Program,"411 Ocean Blvd,",Long Beach,CA,90802,'+15625707002,https://www.longbeach.gov/smartcity/pilot-programs/lb-co-lab/,Ryan Welc,Program Manager,ryan.welch@longbeach.gov,City Government,,"Digital literacy & skills training, Workforce development resources",,Los Angeles,Long Beach (Los Angeles County.),In-Person,,,,,,https://www.longbeach.gov/smartcity/pilot-programs/lb-co-lab/,,,,,,,,,,,,,,,,,,,,,No. Our services are offered free of cost.,"Yes, Aging Individuals (Age 60+), Individuals with Language Barriers (Limited English Proficiency individuals, etc.), Ethnic or Minority Communities","English, Spanish, Tagalog, Khmer","Organizational training, Train-the-trainer, Partnership opportunities, Information sharing",No. Our services are offered free of cost.,1/6/26 11:42
LA County Library,7400 E Imperial Hwy,Downey,CA,90242,'+15629408462,https://lacountylibrary.org/,Amy Crow,Assistant Library Administrator,acrow@library.lacounty.gov,"Library, County Government",,"Digital navigation (in-person or virtual/call center), Digital literacy & skills training, Public Wi-Fi, Computer center(s), Online educational resources, Workforce development resources",,Los Angeles,,"Virtually, In-Person",https://lacountylibrary.org/,,,,,,,,,,,,,,,,,,,,,,,,,,No. Our services are offered free of cost.,"Yes, Aging Individuals (Age 60+), Incarcerated Individuals, Veterans, Individuals with Disabilities, Individuals with Language Barriers (Limited English Proficiency individuals, etc.), Ethnic or Minority Communities","English, Spanish, Mandarin","Partnership opportunities, Information sharing",No. Our services are offered free of cost.,1/5/26 16:54
United Way of Merced County,531 W. Main St.,Merced,CA,95340,'+12093834242,https://www.unitedwaymerced.org/,Robert Hypes,CEO,roberth@unitedwaymerced.org,"Community-based Organization / Non-profit (501c3), Digital Equity Coalition",,Locating low-cost internet service programs,,,,In-Person,,We prefer using our 2-1-1 telephone line.,,,,,,,,,,,,,,,,,,,,,,,,,No. Our services are offered free of cost.,"Yes, Aging Individuals (Age 60+), Incarcerated Individuals, Veterans, Individuals with Disabilities, Individuals with Language Barriers (Limited English Proficiency individuals, etc.), Ethnic or Minority Communities, Rural Communities","English, Spanish",Partnership opportunities,No. Our services are offered free of cost.,1/5/26 12:17
Los Angeles County Department of Aging & Disabilities,510 S. Vermont Avenue 11th floor,Los Angeles,CA,90020,'+13233564672,https://ad.lacounty.gov,Ivan Pacheco,DCIO,ipacheco@ad.lacounty.gov,"Other, County Government, Other, Other, LA county department providing services to adult over 60 years or adults 18 and over with disabilities",,"Digital navigation (in-person or virtual/call center), Digital literacy & skills training, Free/Low-cost devices, Computer center(s)",,Los Angeles,,In-Person,,,,,,,,,,,,,,,,,,,,,,,,,,,No. Our services are offered free of cost.,"Yes, Aging Individuals (Age 60+), Individuals with Disabilities, LA county department providing services to adult over 60 years or adults 18 and over with disabilities","English, Spanish, Tagalog, Mandarin, Vietnamese, Korean, Cantonese, Armenian, Arabic, Russian, Japanese, French","Partnership opportunities, Collective action, Information sharing",No. Our services are offered free of cost.,1/5/26 11:12
On Lok 30th Street Senior Center,225 30th Street,San Franciso,CA,94131,'+14152928812,https://www.onlok.org/senior-center/,"Imani Austin, DSW","Assistant Director of Senior Programs and Operations, Day Services",imani.austin@onlok.org,Community-based Organization / Non-profit (501c3),,"Locating low-cost internet service programs, Enrollment assistance in low-cost internet service programs, Digital navigation (in-person or virtual/call center), Digital literacy & skills training, Technical support, Free/Low-cost devices, Public Wi-Fi, Computer center(s), Online educational resources, Workforce development resources",,San Francisco,San Francisco (San Francisco County.),"Virtually, In-Person",https://alwaysactive.org/,On Lok 30th Street Senior Center,"225 30th Street, San Franciso, CA, 94131.0, US",'+14152928812,9AM-4PM/ 8:30AM-5PM,https://www.onlok.org/senior-center/,,,,,,,,,,,,,,,,,,,,,No. Our services are offered free of cost.,"Yes, Aging Individuals (Age 60+), Veterans, Individuals with Disabilities, Individuals with Language Barriers (Limited English Proficiency individuals, etc.), Ethnic or Minority Communities, Other","English, Spanish, Mandarin, Cantonese","Partnership opportunities, Information sharing",No. Our services are offered free of cost.,12/31/25 11:20
LA County Metropolitan Transportation Authority,One Gateway Plaza,Los Angeles,CA,90012,'+12133171411,https://metro.net,Edward-Michael Muna,"Senior Manager Transportation Planning, Office of Equity and Race",munae@metro.net,Local or Regional Authority,,"Digital navigation (in-person or virtual/call center), Public Wi-Fi, Workforce development resources",,Los Angeles,,"Virtually, In-Person",https://www.metro.net/riding/rider-apps/,,,,,,,,,,,,,,,,,,,,,,,,,,Yes. We charge a fee for our services and it’s less than $25.,"Yes, Aging Individuals (Age 60+), Incarcerated Individuals, Veterans, Individuals with Disabilities, Individuals with Language Barriers (Limited English Proficiency individuals, etc.), Ethnic or Minority Communities, Rural Communities","English, Spanish, Mandarin, Korean, Armenian, Russian, Japanese, French, Khmer",,,12/30/25 15:37
Fresno County Public Library,2420 Mariposa Street,Fresno,CA,93721,'+15596007323,https://www.fresnolibrary.org/,Fae Giffen,Community Engagement Manager,fae.giffen@fresnolibrary.org,"Library, County Government",,"Digital literacy & skills training, Public Wi-Fi, Computer center(s), Online educational resources, Workforce development resources",,Fresno,,"Virtually, In-Person",https://www.fresnolibrary.org/,,,,,,,,,,,,,,,,,,,,,,,,,,No. Our services are offered free of cost.,"Yes, Aging Individuals (Age 60+), Veterans, Individuals with Disabilities, Individuals with Language Barriers (Limited English Proficiency individuals, etc.), Ethnic or Minority Communities, Rural Communities",English,Information sharing,No. Our services are offered free of cost.,12/30/25 13:25
Los Angeles County Office of Education,LACOE Technology Services - EdTech and Innovation,Downey,CA,90242,'+15629226111,https://www.lacoe.edu/services/technology/learning-support,Beth Olshewsky,Library Services Manager,edtech@lacoe.edu,"School (K-12), County Office of Education",,Digital literacy & skills training,,Los Angeles,,"Virtually, In-Person",https://www.lacoe.edu/services/technology/learning-support,Los Angeles County Office of Education EC,"9300 Imperial Hwy, Downey, CA, 90242.0, US",'+15629226111,8:00am-5:00pm,https://www.lacoe.edu/services/technology/learning-support,other locations will be included in spreadsheet to follow,,,,,,,,,,,,,,,,,,,,No. Our services are offered free of cost.,"Yes, Aging Individuals (Age 60+), Incarcerated Individuals, Veterans, Individuals with Disabilities, Individuals with Language Barriers (Limited English Proficiency individuals, etc.), Ethnic or Minority Communities, Rural Communities",English,"Organizational training, Train-the-trainer, Partnership opportunities, Collective action, Information sharing",Yes. We charge a fee for our services.,12/30/25 10:44
San Francisco Public Library,100 Larkin St.,San Francisco,CA,94102,'+14155574400,https://sfpl.org,Maricela Leon-Barrera,Librarian III - Digital Equity Manager,maricela.leonbarrera@sfpl.org,"Library, County Government",,"Digital navigation (in-person or virtual/call center), Digital literacy & skills training, Technical support, Public Wi-Fi, Computer center(s), Online educational resources, Workforce development resources",,"Alameda, Contra Costa, Marin, San Francisco, San Mateo",,"Virtually, In-Person",https://sfpl.org/research-learn,San Francisco Public Libraries - various locations,"100 Larkin St., San Francisco, CA, 94102.0, US",'+14155574400,"Mon 9am-6pm, Tue - Thu 9am-8pm, Fri, Sun 12-6pm, Sat 10am-6pm",https://sfpl.org/thebridge,,,,,,,,,,,,,,,,,,,,,No. Our services are offered free of cost.,"Yes, Aging Individuals (Age 60+), Incarcerated Individuals, Veterans, Individuals with Disabilities, Individuals with Language Barriers (Limited English Proficiency individuals, etc.), Ethnic or Minority Communities","English, Spanish, Mandarin, Cantonese",Partnership opportunities,No. Our services are offered free of cost.,12/30/25 10:19
"International Rescue Committee, San Jose",1210 S Bascom Ave,San Jose,CA,95128,'+14082770255,https://www.rescue.org/united-states/san-jose-ca,Amaline Chraibi,Digital Inclusion Specialist,sanjose@rescue.org,Community-based Organization / Non-profit (501c3),,"Locating low-cost internet service programs, Enrollment assistance in low-cost internet service programs, Digital navigation (in-person or virtual/call center), Digital literacy & skills training, Free/Low-cost devices, Public Wi-Fi, Computer center(s), Online educational resources, Workforce development resources",,"Alameda, San Mateo, Santa Clara, Santa Cruz","Fremont (Alameda County.), Hayward (Alameda County.), Newark (Alameda County.), Union City (Alameda County.), East Palo Alto (San Mateo County.), Millbrae (San Mateo County.), Redwood City (San Mateo County.), Campbell (Santa Clara County.), Cupertino (Santa Clara County.), Gilroy (Santa Clara County.), Los Altos (Santa Clara County.), Los Altos Hills (Santa Clara County.), Los Gatos (Santa Clara County.), Milpitas (Santa Clara County.), Monte Sereno (Santa Clara County.), Morgan Hill (Santa Clara County.), Mountain View (Santa Clara County.), Palo Alto (Santa Clara County.), San Jose (Santa Clara County.), Santa Clara (Santa Clara County.), Saratoga (Santa Clara County.), Sunnyvale (Santa Clara County.), Santa Cruz (Santa Cruz County.), Scotts Valley (Santa Cruz County.)","Virtually, In-Person",https://www.rescue.org/united-states/san-jose-ca,International Rescue Committee,"1210 S Bascom Ave, #227, San Jose, CA, 95128.0, US",'+14082770255,9am-5pm,https://www.sjpl.org/blogs/post/introducing-tech-hubs-powered-by-sj-access/,,,,,,,,,,,,,,,,,,,,,No. Our services are offered free of cost.,"Yes, Aging Individuals (Age 60+), Individuals with Language Barriers (Limited English Proficiency individuals, etc.), Ethnic or Minority Communities, Other","English, Spanish, Farsi, Arabic","Partnership opportunities, Information sharing",No. Our services are offered free of cost.,12/30/25 10:05
Alameda County Library,2450 Stevenson Blvd.,Fremont,CA,94538,'+15107451500,https://aclibrary.org,Ben Gomberg,Library Logistics Division Director,bgomberg@aclibrary.org,"Library, County Government",,"Locating low-cost internet service programs, Digital navigation (in-person or virtual/call center), Digital literacy & skills training, Public Wi-Fi, Computer center(s), Online educational resources, Workforce development resources",,Alameda,,"Virtually, In-Person",https://aclibrary.org/elibrary,We have more than 5 locations,,,,,,,,,,,,,,,,,,,,,,,,,No. Our services are offered free of cost.,"Yes, Aging Individuals (Age 60+), Incarcerated Individuals, Veterans, Individuals with Disabilities, Individuals with Language Barriers (Limited English Proficiency individuals, etc.), Ethnic or Minority Communities","English, Spanish, Mandarin, Cantonese","Partnership opportunities, Collective action, Information sharing, Other, We provide free hotspots to partner organizations",No. Our services are offered free of cost.,12/29/25 16:23
OC Public Libraries,1501 E. Saint Andrew Place,Santa Ana,CA,92705,'+17145663086,https://ocpl.org,Julie Quillman,County Librarian,julie.quillman@occr.ocgov.com,"Library, County Government",,"Digital literacy & skills training, Free/Low-cost hotspots, Public Wi-Fi, Computer center(s), Online educational resources",,Orange,,"Virtually, In-Person",https://ocpl.org,,,,,,,,,,,,,,,,,,,,,,,,,,No. Our services are offered free of cost.,Yes,"English, Spanish, Vietnamese",,No. Our services are offered free of cost.,12/29/25 10:28
SeniorTechPal,El Dorado Hills,El Dorado Hills,CA,95762,'+19165420100,https://www.seniortechpal.org,Ashu Singla,CEO,ashusingla@seniortechpal.org,Community-based Organization / Non-profit (501c3),,"Digital navigation (in-person or virtual/call center), Digital literacy & skills training, Technical support",,"Alameda, El Dorado, Sacramento, San Francisco, Santa Clara","Fremont (Alameda County.), Union City (Alameda County.), Placerville (El Dorado County.), Rancho Cordova (Sacramento County.), Sacramento (Sacramento County.), San Francisco (San Francisco County.), Cupertino (Santa Clara County.)",In-Person,,,,,,,,,,,,,,,,,,,,,,,,,,,No. Our services are offered free of cost.,"Yes, Aging Individuals (Age 60+)",English,,,12/29/25 9:09
City and County of San Francisco,2 Gough St. 3rd floor,San Francisco,CA,94103,'+14153556700,https://www.sfhsa.org/services/disability-aging,Sarah Chan,Program Analyst,sarah.chan@sfgov.org,County Government,,"Digital navigation (in-person or virtual/call center), Digital literacy & skills training, Technical support, Public Wi-Fi, Computer center(s), Workforce development resources",,San Francisco,,"Virtually, In-Person",https://www.sfhsa.org/services/disability-aging/community-activities/sf-connected,DAS Benefits and Resources Hub,"2 Gough Street, San Francisco, CA, 94103.0, US",'+14153556700,Monday to Friday 8:00 am - 5:00 pm,https://www.sfhsa.org/services/disability-aging/community-activities/sf-connected,,,,,,,,,,,,,,,,,,,,,No. Our services are offered free of cost.,"Yes, Aging Individuals (Age 60+), Veterans, Individuals with Disabilities, Individuals with Language Barriers (Limited English Proficiency individuals, etc.), Ethnic or Minority Communities","English, Spanish, Mandarin, Vietnamese, Cantonese, Russian","Partnership opportunities, Collective action, Information sharing",No. Our services are offered free of cost.,12/24/25 12:35
Alameda Free Library,1550 Oak St.,Alameda,CA,94501,'+15107477777,https://alamedafree.org,Michael Eitner,Library Director,refdesk@alamedaca.gov,"Library, City Government",,"Technical support, Free/Low-cost hotspots, Public Wi-Fi, Online educational resources",,Alameda,Alameda (Alameda County.),In-Person,,Main Library,"1550 Oak St., Alameda, CA, 94501.0, US",'+15107477777,"Monday - Thursday 10 am-6 pm; Friday and Saturday, 9 am-5pm; Sunday 12-5 pm",https://alamedafree.org,West End Library,"788 Santa Clara Ave, Alameda, CA, 94501.0, US",'+15107477767,Monday-Thursday 10am-6pm; Friday 9am-5pm,alamedafree.org,Bay Farm Island Library,"3221 Mecartney Rd., Alameda, CA, 94502.0, US",'+15107477787,Monday-Thursday 10am-5pm; Saturday 9am-5pm,alamedafree.org,,,,,,,,,,,No. Our services are offered free of cost.,"Yes, Aging Individuals (Age 60+), Veterans, Ethnic or Minority Communities","English, Spanish",,No. Our services are offered free of cost.,12/23/25 16:11
AnewVista Community Services,250 Hillview Ave.,Redwood City,CA,94062,'+16503000688,https://ANVCS.org,Shalini Gupta,Community Engagement Director,info@anvcs.org,"Community-based Organization / Non-profit (501c3), Other, Other, Non Profit a 501(c)(3) organization",,"Digital navigation (in-person or virtual/call center), Digital literacy & skills training, Technical support, Online educational resources",,"Contra Costa, Sacramento, San Francisco, San Mateo, Santa Clara",,"Virtually, In-Person",https://ANVCS.org/classes,At Various SeniorCenters,,,,,,,,,,,,,,,,,,,,,,,,,No. Our services are offered free of cost.,No,"English, Spanish, Hindi","Train-the-trainer, Partnership opportunities, Information sharing",No. Our services are offered free of cost.,12/23/25 10:07
United Way of Santa Cruz County,"4450 Capitola Rd., Suite 106",Capitola,CA,95010,'+18314795466,https://www.unitedwaysc.org/,Yvette Lopez Brooks,CEO,ybrooks@unitedwaysc.org,"Community-based Organization / Non-profit (501c3), County Government, Digital Equity Coalition",,"Enrollment assistance in low-cost internet service programs, Digital navigation (in-person or virtual/call center), Computer center(s), Workforce development resources",,Santa Cruz,,"Virtually, In-Person",https://www.unitedwaysc.org/,,,,,,,,,,,,,,,,,,,,,,,,,,No. Our services are offered free of cost.,"Yes, Aging Individuals (Age 60+), Veterans, Individuals with Disabilities, Ethnic or Minority Communities, Rural Communities","English, Spanish","Organizational training, Partnership opportunities, Collective action, Information sharing",No. Our services are offered free of cost.,12/22/25 14:51
LightHouse for the Blind and Visually Impaired,1155 Market Street,San Francisco,CA,94103,'+14154311481,https://lighthouse-sf.org/,Riley Morris,Sr. Director of Information Technology,rmorris@lighthouse-sf.org,Community-based Organization / Non-profit (501c3),,"Digital navigation (in-person or virtual/call center), Digital literacy & skills training, Technical support, Free/Low-cost devices, Online educational resources, Workforce development resources",,,,"Virtually, In-Person",https://lighthouse-sf.org/program/blind-low-vision-skills-training,LightHouse Headquarters,"1155 Market St, Fl 10, San Francisco, CA, 94103.0, US",'+14156947323,9:00am-4:30pm,https://lighthouse-sf.org/lighthouse-programs/,Earle Baum Center,"4539 Occidental Rd., Santa Rosa, CA, 95401.0, US",'+14156947323,9:00am-4:30pm,https://lighthouse-sf.org/lighthouse-programs/,,,,,,,,,,,,,,,,Yes. We charge a fee for our services and it’s more than $25.,"Yes, Aging Individuals (Age 60+), Incarcerated Individuals, Veterans, Individuals with Disabilities, Individuals with Language Barriers (Limited English Proficiency individuals, etc.), Ethnic or Minority Communities, Rural Communities","English, Spanish, Tagalog, Mandarin, Vietnamese, Korean, Cantonese, Armenian, Farsi, Arabic, Hindi, Russian, Japanese, Punjabi, French, Khmer, Other","Other, Assessible User Experience services, consultation and support.",Yes. We charge a fee for our services.,12/22/25 12:04
Yolo County Library,226 Buckeye Street,Woodland,CA,95695,'+15306668083,https://yolocountylibrary.org/,Jamie Poirier,Assistant County Librarian,jamie.poirier@yolocounty.gov,"Library, County Government, Regional Broadband Consortia",,"Locating low-cost internet service programs, Digital navigation (in-person or virtual/call center), Digital literacy & skills training, Free/Low-cost devices, Free/Low-cost hotspots, Public Wi-Fi, Computer center(s), Online educational resources, Workforce development resources",,Yolo,,"Virtually, In-Person",https://yolocountylibrary.org/services/,,,,,,,,,,,,,,,,,,,,,,,,,,No. Our services are offered free of cost.,"Yes, Aging Individuals (Age 60+), Veterans, Individuals with Disabilities, Individuals with Language Barriers (Limited English Proficiency individuals, etc.), Ethnic or Minority Communities, Rural Communities","English, Spanish",,No. Our services are offered free of cost.,12/22/25 10:10
Alzheimer's Association of Northern CA & Northern NV,2290 N. First St,San Jose,CA,95131,'+14083729970,https://alz.org/norcal,Vanessa Souza,"Senior Manager, Community Engagement",vsouza@alz.org,Community-based Organization / Non-profit (501c3),,"Digital navigation (in-person or virtual/call center), Online educational resources",,,,"Virtually, In-Person",https://alz.org/norcal,In person services are provided at community locations offered by partner organizations,,,,,,,,,,,,,,,,,,,,,,,,,No. Our services are offered free of cost.,"Yes, Aging Individuals (Age 60+), Veterans, Individuals with Disabilities, Individuals with Language Barriers (Limited English Proficiency individuals, etc.), Ethnic or Minority Communities, Rural Communities","English, Spanish, Mandarin, Cantonese","Partnership opportunities, Information sharing",No. Our services are offered free of cost.,12/22/25 9:56
Los Angeles County Development Authority,700 W Main St,Alhambra,CA,91801,'+16262624511,https://www.lacda.org,Jeanette Montano,Resident Services Program Administrator,jeanette.montano@lacda.org,"Public Housing Authority or Affordable Housing Organization, Other, Other",,"Digital navigation (in-person or virtual/call center), Digital literacy & skills training",,,,In-Person,,,,,,,,,,,,,,,,,,,,,,,,,,,No. Our services are offered free of cost.,"Yes, Aging Individuals (Age 60+), Individuals with Disabilities, Individuals with Language Barriers (Limited English Proficiency individuals, etc.), Ethnic or Minority Communities","English, Spanish, Mandarin, Cantonese",,No. Our services are offered free of cost.,12/22/25 7:43
Digitunity,120 N SOUTH RD UNIT C PMB 284,NORTH CONWAY,NH,03860-5267,'+12038639100,https://www.digitunity.org,Meredith Wynne,Member and Donor Services Manager,info@digitunity.org,Community-based Organization / Non-profit (501c3),,Free/Low-cost devices,,,,Virtually,https://digitunity.org/get-involved/receive-equipment/,,,,,,,,,,,,,,,,,,,,,,,,,,No. Our services are offered free of cost.,"Yes, Aging Individuals (Age 60+), Veterans, Individuals with Disabilities, Individuals with Language Barriers (Limited English Proficiency individuals, etc.), Ethnic or Minority Communities, Rural Communities",English,"Organizational training, Partnership opportunities, Collective action, Information sharing",No. Our services are offered free of cost.,12/22/25 7:41
Goodwill Southern Los Angeles County (SOLAC),800 West Pacific Coast Highway,Long Beach,CA,90806,'+15624353411,http://www.thinkgood.org,Elizabeth Gonzalez,Digital Skills Instructor,elgonzalez@goodwillsolac.org,"Workforce Development Organization, Other",,"Digital literacy & skills training, Workforce development resources",,Los Angeles,,In-Person,,Goodwill Southern Los Angeles County,"800 West Pacific Coast Highway, Long Beach, CA, 90806.0, US",'+15634354311,8 am to 4 pm,https://thinkgood.org/,,,,,,,,,,,,,,,,,,,,,No. Our services are offered free of cost.,"Yes, Aging Individuals (Age 60+), Incarcerated Individuals, Veterans, Individuals with Disabilities, Individuals with Language Barriers (Limited English Proficiency individuals, etc.), Ethnic or Minority Communities","English, Spanish","Organizational training, Partnership opportunities, Information sharing",Yes. We charge a fee for our services.,12/21/25 13:02
Orland Free Library,333 Mill Street,Orland,CA,95963,'+15308651640,https://orlandfreelibrary.org/,Jody Meza,Library Director,jmeza@cityoforland.com,"Library, City Government",,"Digital navigation (in-person or virtual/call center), Digital literacy & skills training, Public Wi-Fi, Computer center(s), Online educational resources, Workforce development resources",,Glenn,,"Virtually, In-Person",https://www.orlandfreelibrary.org/resources/#digitalresources,Orland Free Library,"333 Mill Street, Orland, CA, 95963.0, US",'+15308651640,"Monday, Wednesday, Friday: 11am-6pm; Tuesday & Thursday: 11am-7pm; Saturday: 11am-3pm",https://www.orlandfreelibrary.org/,Hamilton City Library,"330 Broadway, Hamilton City, CA, 95951.0, US",'+15308263277,Mondays – 11 a.m. to 5 p.m. Wednesdays – 1 p.m. to 5 p.m. Saturdays – 11 a.m. to 3 p.m.,https://www.orlandfreelibrary.org/branch-libraries-2/hamilton-city-chester-walker-memorial-library/,Bayliss Library,"7830 County Road 39, Bayliss, CA, 95943.0, US",'+15309342287,Tuesdays – 12 p.m. to 6 p.m. Thursdays – 10 a.m. to 4 p.m.,https://www.orlandfreelibrary.org/branch-libraries-2/bayliss-library/,Elk Creek Library,"3430 County Road 309, Elk Creek, CA, 95939.0, US",'+15308849904,"Mondays – 3:30 p.m. to 6:30 p.m. Thursdays – 3:30 p.m. to 6:30 p.m. Saturdays – 9:30 a.m. to 2:30 p.m. (will be changing in Jan, 2026)",https://www.orlandfreelibrary.org/branch-libraries-2/elk-creek-library/,,,,,,No. Our services are offered free of cost.,"Yes, Aging Individuals (Age 60+), Veterans, Individuals with Disabilities, Ethnic or Minority Communities, Rural Communities","English, Spanish","Partnership opportunities, Collective action, Information sharing",No. Our services are offered free of cost.,12/19/25 15:41
Tech Exchange,2201 Poplar St.,Oakland,CA,94607,'+15108662260,https://www.techexchange.org,Ulises Zatarain,Executive Director,ulises@techexchange.org,Community-based Organization / Non-profit (501c3),,"Locating low-cost internet service programs, Enrollment assistance in low-cost internet service programs, Digital navigation (in-person or virtual/call center), Digital literacy & skills training, Technical support, Free/Low-cost devices, Public Wi-Fi, Computer center(s), Online educational resources, Workforce development resources",,"Alameda, Contra Costa, San Francisco, San Mateo, Santa Clara, Solano",,"Virtually, In-Person",https://www.techexchange.org,TecHub,"1716 Telegraph Rd., Oakland, CA, 94607.0, US",'+15108662260,,https://www.techexchange.org,,,,,,,,,,,,,,,,,,,,,No. Our services are offered free of cost.,"Yes, Aging Individuals (Age 60+), Veterans, Individuals with Language Barriers (Limited English Proficiency individuals, etc.), Ethnic or Minority Communities","English, Spanish, Mandarin, Vietnamese, Cantonese, Other","Train-the-trainer, Partnership opportunities, Collective action, Information sharing",Yes. We charge a fee for our services.,12/19/25 15:23
Valley Voices,729 W. Lacey Blvd. Suite 9,Hanford,CA,93230,'+15595303778,https://www.vvoices.org/,Claire Fitiausi,Public Health Program Director,clairef@vvoices.org,Community-based Organization / Non-profit (501c3),,"Enrollment assistance in low-cost internet service programs, Technical support",,"Fresno, Kings, Tulare",,In-Person,,Alma's Flea Market,"8967 Lacey Blvd., Hanford, CA, 93230.0, US",,Monday 8am to12pm,,Episcopal Church of the Saviour,"519 N. Douty, Hanford, CA, 93230.0, US",,Wednesdays 10am to 1pm and as needed,,Avenal Veteran's Memorial Hall,"108 W. Kings Street, Avenal, CA, 93204.0, US",,"2nd Friday of each month, 12pm to 6pm",,John Palacio Community Center,"16846 4th Street, Huron, CA, 93234.0, US",,"Third Friday of each month, 12pm to 6pm",,,,,,,No. Our services are offered free of cost.,"Yes, Individuals with Language Barriers (Limited English Proficiency individuals, etc.), Ethnic or Minority Communities, Rural Communities","English, Spanish","Partnership opportunities, Information sharing",No. Our services are offered free of cost.,12/19/25 13:11
Mission Economic Development Agency,2301 Mission Street,San Francisco,CA,94110,'+14152823334,https://medasf.org/,Luis Granados,CEO,lgranados@medasf.org,Community-based Organization / Non-profit (501c3),,"Locating low-cost internet service programs, Enrollment assistance in low-cost internet service programs, Digital navigation (in-person or virtual/call center), Digital literacy & skills training, Technical support, Free/Low-cost devices, Free/Low-cost hotspots, Public Wi-Fi, Computer center(s), Online educational resources, Workforce development resources",,"Alameda, Contra Costa, Marin, Napa, San Francisco, San Mateo, Santa Clara, Shasta, Solano",,"Virtually, In-Person",https://medasf.org/programs/,Mission Economic Development Agency,"2301 Mission Street, San Francisco, CA, 94110.0, US",'+14152823334,9-5pm,https://medasf.org/workforce-development/,,,,,,,,,,,,,,,,,,,,,No. Our services are offered free of cost.,"Yes, Aging Individuals (Age 60+), Individuals with Language Barriers (Limited English Proficiency individuals, etc.), Ethnic or Minority Communities, Other","English, Spanish","Organizational training, Train-the-trainer, Partnership opportunities, Collective action, Information sharing",Yes. We charge a fee for our services.,12/19/25 11:54
Hispanic Federation,55 Exchange Place,New York,NY,10005,'+19295069068,https://hispanicfederation.org,Peter Michelen,Director for Workforce Initiatives,pmichelen@hispanicfederation.org,Community-based Organization / Non-profit (501c3),,"Digital literacy & skills training, Technical support, Computer center(s), Online educational resources, Workforce development resources",,,,"Virtually, In-Person",https://hispanicfederation.org,,,,,,,,,,,,,,,,,,,,,,,,,,No. Our services are offered free of cost.,"Yes, Aging Individuals (Age 60+), Incarcerated Individuals, Veterans, Individuals with Disabilities, Individuals with Language Barriers (Limited English Proficiency individuals, etc.), Ethnic or Minority Communities, Rural Communities","English, Spanish","Digital equity grant writing, Organizational training, Train-the-trainer, Mutual aid (financial), Partnership opportunities, Collective action, Information sharing",No. Our services are offered free of cost.,12/19/25 11:08
Little Brothers Friends of the Elderly - San Francisco Chapter,"909 Hyde St, Ste 628","San Francisco, CA",CA,94109,'+14157717957,https://littlebrotherssf.org,Cathy Michalec,Executive Director,cmichalec@littlebrotherssf.org,Community-based Organization / Non-profit (501c3),,"Enrollment assistance in low-cost internet service programs, Digital navigation (in-person or virtual/call center), Digital literacy & skills training, Technical support, Free/Low-cost devices",,San Francisco,San Francisco (San Francisco County.),In-Person,,In-home,US,,,,,,,,,,,,,,,,,,,,,,,,No. Our services are offered free of cost.,"Yes, Aging Individuals (Age 60+), Veterans, Individuals with Disabilities, Ethnic or Minority Communities",English,,No. Our services are offered free of cost.,12/19/25 10:07
Santa Clara County Library District,1370 Dell Ave,Campbell,CA,95008,'+14082932326,https://sccld.org,Marlene Iwamoto-Rocchild,Deputy County Librarian,marlene.iwamoto-rocchild@lib.sccgov.org,"Library, County Government",,"Digital navigation (in-person or virtual/call center), Digital literacy & skills training, Technical support, Public Wi-Fi, Computer center(s), Online educational resources, Workforce development resources",,Santa Clara,,"Virtually, In-Person",https://www.sccld.org/locations,Gilroy Library,"350 W Sixth St, Gilroy, CA, 95020.0, US",'+14088428207,"M-W 1p-9p, Th-Ss 10a-6p, Su 1p-5p",https://sccld.org/locations/gilroy/,Cupertino Library,"10800 Torre Ave, Cupertino, CA, 95014.0, US",'+14084461677,"M-F 10a-9p, SA-Sa 10a-630p",https://sccld.org/locations/cupertino/,Los Altos Library,"13 S San Antonio Road, Los Altos, CA, 94022.0, US",'+16509487683,"M-Th 10a-9p, F-Su 10a-7p",https://sccld.org/locations/losaltos/,Milpitas Library,"160 North Main Street, Milpitas, CA, 95035.0, US",'+14082621171,"M-Th 10a-9p, F-Su 10a-7p",https://sccld.org/locations/milpitas/,Morgan Hill Library,"660 West Main Ave, Morgan Hill, CA, 95037.0, US",'+14087793196,"M-W 12n-9p, T-Sa 10a-6p, Su 1p-5p",https://sccld.org/locations/morganhill/,No. Our services are offered free of cost.,"Yes, Aging Individuals (Age 60+), Incarcerated Individuals, Veterans, Individuals with Disabilities, Individuals with Language Barriers (Limited English Proficiency individuals, etc.), Ethnic or Minority Communities, Rural Communities","English, Spanish",Information sharing,No. Our services are offered free of cost.,12/19/25 9:51
Service Center for Independent Life (SCIL),107 Spring St,Claremont,CA,91711,'+19096216722,https://www.scil-ilc.org,Larry Grable,Executive Director,larry@scil-ilc.org,Community-based Organization / Non-profit (501c3),,"Locating low-cost internet service programs, Enrollment assistance in low-cost internet service programs, Digital literacy & skills training, Technical support, Public Wi-Fi, Computer center(s)",,"Los Angeles, San Bernardino",,In-Person,,SCIL,"107 Spring St, Claremont, CA, 91711.0, US",'+19096216722,8-4:30,https://www.scil-ilc.org,,,,,,,,,,,,,,,,,,,,,No. Our services are offered free of cost.,"Yes, Aging Individuals (Age 60+), Veterans, Individuals with Disabilities, Individuals with Language Barriers (Limited English Proficiency individuals, etc.), Ethnic or Minority Communities, Rural Communities","English, Spanish, Mandarin, Vietnamese, Cantonese",Partnership opportunities,No. Our services are offered free of cost.,12/19/25 9:45
HACLA (Housing Authority of the City of Los Angeles),2600 Wilshire Blvd,Los Angeles,CA,90057,'+18334225248,https://www.hacla.org/en,Katherine Romo,Program Development Coordinator,katherine.romo@hacla.org,"Public Housing Authority or Affordable Housing Organization, Local or Regional Authority",,"Locating low-cost internet service programs, Enrollment assistance in low-cost internet service programs, Digital navigation (in-person or virtual/call center), Digital literacy & skills training, Technical support, Free/Low-cost devices, Free/Low-cost hotspots, Public Wi-Fi, Computer center(s), Online educational resources, Workforce development resources",,Los Angeles,Los Angeles (Los Angeles County.),"Virtually, In-Person",https://www.hacla.org/en/digital-equity-and-education-teams,Avalon Gardens,"701 E. 88th Place, Los Angeles, CA, 90002.0, US",,12pm-5pm,,,,,,,,,,,,,,,,,,,,,,No. Our services are offered free of cost.,"Yes, Aging Individuals (Age 60+), Veterans, Individuals with Disabilities, Individuals with Language Barriers (Limited English Proficiency individuals, etc.), Ethnic or Minority Communities","English, Spanish","Partnership opportunities, Collective action, Information sharing",No. Our services are offered free of cost.,12/18/25 16:43
Curry Senior Center,315 Turk Street,San Francisco,CA,94102,'+14159173410,https://curryseniorcenter.org,Phillip Gerson,Arts and Technology Program Manager,pgerson@curryseniorcenter.org,"Community-based Organization / Non-profit (501c3), Other",,"Locating low-cost internet service programs, Enrollment assistance in low-cost internet service programs, Digital navigation (in-person or virtual/call center), Digital literacy & skills training, Technical support, Free/Low-cost devices, Free/Low-cost hotspots, Public Wi-Fi, Computer center(s), Online educational resources, Workforce development resources",,,,"Virtually, In-Person",https://curryseniorcenter.org,Curry Senior Center,"520 Turk Street, San Francisco, CA, 94102.0, US",'+14158293240,M-Fri; 9am to 4pm,https://curryseniorcenter.org,,,,,,,,,,,,,,,,,,,,,No. Our services are offered free of cost.,"Yes, Aging Individuals (Age 60+), Veterans, Individuals with Disabilities, Individuals with Language Barriers (Limited English Proficiency individuals, etc.), Ethnic or Minority Communities","English, Spanish, Tagalog, Mandarin, Vietnamese, Cantonese, Farsi, Russian, Other, Tenderloin neighborhood within the city of San Francisco","Partnership opportunities, Collective action, Information sharing",No. Our services are offered free of cost.,12/18/25 15:54
"Loaves, Fishes & Computers",830 Park Row,Salinas,CA,93901,'+18313939260,https://lfctech.org,Arlene Krebs,Chair Emeritus & Director,arlene@lfctech.org,Community-based Organization / Non-profit (501c3),,"Locating low-cost internet service programs, Enrollment assistance in low-cost internet service programs, Digital navigation (in-person or virtual/call center), Digital literacy & skills training, Technical support, Free/Low-cost devices, Free/Low-cost hotspots, Public Wi-Fi, Computer center(s), Online educational resources, Workforce development resources",,"Monterey, San Benito, Santa Cruz",,"Virtually, In-Person",https://lfctech.org,LFC Headquarters,"830 Park Row, Salinas, CA, 93901.0, US",'+18313939260,9am-5om Tues-Saturday,https://lfctech.org,,,,,,,,,,,,,,,,,,,,,No. Our services are offered free of cost.,"Yes, Aging Individuals (Age 60+), Veterans, Individuals with Disabilities, Individuals with Language Barriers (Limited English Proficiency individuals, etc.), Ethnic or Minority Communities, Rural Communities","English, Spanish","Partnership opportunities, Information sharing, Other, LFC teaches digital literacy skills and provides computers at low-to-no cost throughout Monterey County with partnering organizations & schools",Yes. We charge a fee for our services.,12/18/25 15:45
Catholic Charities of Santa Clara County,4 Wabash Ave,San Jose,CA,95128,'+16696770326,https://www.ccscc.org,Leticia Fernandez,Program Manager,lfernandez@catholicchariteisscc.org,Community-based Organization / Non-profit (501c3),,"Locating low-cost internet service programs, Enrollment assistance in low-cost internet service programs, Digital navigation (in-person or virtual/call center), Digital literacy & skills training, Technical support, Public Wi-Fi, Computer center(s)",,,,In-Person,,Luther Burbank FRC,"4 Wabash Ave, San Jose, CA, 95128.0, US",'+16696770326,"Wed. 12:30 pm-4:30pm, Thursday 9am-5pm,Friday 9am-5pm",https://www.ccscc.org,,,,,,,,,,,,,,,,,,,,,No. Our services are offered free of cost.,"Yes, Aging Individuals (Age 60+), Incarcerated Individuals, Veterans, Individuals with Disabilities, Individuals with Language Barriers (Limited English Proficiency individuals, etc.), Ethnic or Minority Communities","English, Spanish, Vietnamese",,No. Our services are offered free of cost.,12/18/25 14:30
"Connected Home Living, Inc.",2670 S. White Road,San Jose,CA,95148,'+18003117859,https://www.connectedhomeliving.com,Neil Tantingco,CEO,neil@connectedhomeliving.com,For-Profit Corporation or Business,,Digital navigation (in-person or virtual/call center),,,,Virtually,https://www.connectedhomeliving.com,,,,,,,,,,,,,,,,,,,,,,,,,,Yes. We charge a fee for our services and it’s more than $25.,"Yes, Aging Individuals (Age 60+), Veterans, Individuals with Disabilities, Individuals with Language Barriers (Limited English Proficiency individuals, etc.), Ethnic or Minority Communities, Rural Communities","English, Spanish, Tagalog, Mandarin, Vietnamese, Korean, Cantonese, Armenian, Farsi, Arabic, Hindi, Russian, Japanese, Punjabi, French, Khmer","Train-the-trainer, Partnership opportunities, Information sharing",Yes. We charge a fee for our services.,12/18/25 13:38
yüda ayuda,2405 Hilo Lane,Ceres,CA,95350,'+12096817300,https://www.yuda.io/,Karlha Arias,Co-CEO,info@yuda.io,"Community-based Organization / Non-profit (501c3), Digital Equity Coalition",,"Locating low-cost internet service programs, Enrollment assistance in low-cost internet service programs, Digital navigation (in-person or virtual/call center), Digital literacy & skills training, Technical support, Free/Low-cost devices, Online educational resources, Workforce development resources",,"Merced, San Joaquin, Stanislaus",,In-Person,,,,,,,,,,,,,,,,,,,,,,,,,,,No. Our services are offered free of cost.,"Yes, Aging Individuals (Age 60+), Incarcerated Individuals, Veterans, Individuals with Disabilities, Individuals with Language Barriers (Limited English Proficiency individuals, etc.), Ethnic or Minority Communities, Rural Communities","English, Spanish","Train-the-trainer, Partnership opportunities, Collective action, Information sharing",Yes. We charge a fee for our services.,12/18/25 13:31
Los Angeles County Parks and Recreation Department,1000 S. Fremont Avenue,Alhambra,CA,91803,'+16265885150,https://parks.lacounty.gov/,Moises Evangelista,Information Technology Business Analyst I,mevangelista@parks.lacounty.gov,"Other, County Government",,"Digital literacy & skills training, Free/Low-cost devices, Public Wi-Fi",,,,In-Person,,Varies,"Varies, Varies, US",,Varies,https://parks.lacounty.gov/,Varies,,,,,,,,,,,,,,,,,,,,No. Our services are offered free of cost.,"Yes, Aging Individuals (Age 60+), Veterans, Individuals with Disabilities, Individuals with Language Barriers (Limited English Proficiency individuals, etc.), Ethnic or Minority Communities, Rural Communities","English, Spanish",,No. Our services are offered free of cost.,12/18/25 11:23
tribalresourcecenter.net,45120 El Ranchito Rd,Aguanga,CA,92536,'+16513566266,https://tribalresourcecenter.net,Matthew Rantanen,Lead,matt@waskawiwin.org,Foundation / Philanthropic Organization,,"Digital literacy & skills training, Technical support, Online educational resources, Workforce development resources",,,,Virtually,https://tribalresourcecenter.net,,,,,,,,,,,,,,,,,,,,,,,,,,No. Our services are offered free of cost.,"Yes, Other","English, Other, National",Information sharing,No. Our services are offered free of cost.,12/18/25 10:17
Waskawiwin,45120 El Ranchito Rd,Aguanga,CA,92536,'+16513566266,https://waskawiwin.org,Matthew Rantanen,President/CEO,matt@waskawiwin.org,Foundation / Philanthropic Organization,,"Digital navigation (in-person or virtual/call center), Digital literacy & skills training, Technical support, Workforce development resources",,,,In-Person,,"Events hosted at Multiple Tribal Reservations, based on scheduling, and a location in SoCal regularly as scheduled on the website.","TBD, based on scheduled events. Please see waskawiwin.org for announced locations for 2026., CA, US",'+16513566266,Scheduled on waskawiwin.org,https://waskawiwin.org,,,,,,,,,,,,,,,,,,,,,No. Our services are offered free of cost.,"Yes, Other",English,"Organizational training, Train-the-trainer, Partnership opportunities, Collective action, Information sharing",No. Our services are offered free of cost.,12/18/25 9:54
Self-Help for the Elderly,"731 Sansome Street, Suite 100",San Francisco,CA,94111-1725,'+14156777600,https://www.selfhelpelderly.org/,Winnie Yu,Chief Programs Officer,winniey@selfhelpelderly.org,"Community-based Organization / Non-profit (501c3), Other, Other, community-based organization",,"Locating low-cost internet service programs, Enrollment assistance in low-cost internet service programs, Digital navigation (in-person or virtual/call center), Digital literacy & skills training, Technical support, Free/Low-cost devices, Computer center(s), Online educational resources, Workforce development resources",,San Francisco,San Francisco (San Francisco County.),"Virtually, In-Person",https://www.selfhelpelderly.org/our-services/digitallearning,,,,,,,,,,,,,,,,,,,,,,,,,,No. Our services are offered free of cost.,"Yes, Aging Individuals (Age 60+), Veterans, Individuals with Disabilities, Individuals with Language Barriers (Limited English Proficiency individuals, etc.), Ethnic or Minority Communities, community-based organization","English, Spanish, Tagalog, Mandarin, Vietnamese, Korean, Cantonese, Russian",,No. Our services are offered free of cost.,12/17/25 20:49
Felton Institute,1005 Atlantic Ave,San Francisco,CA,94501-6200,'+14154747310,https://felton.org,Tieu Ly,Tech Squad Director,tly@felton.org,Community-based Organization / Non-profit (501c3),,"Locating low-cost internet service programs, Digital navigation (in-person or virtual/call center), Digital literacy & skills training, Technical support",,San Francisco,San Francisco (San Francisco County.),In-Person,,Visitacion Community Center,"66 Raymond Ave, San Francisco, CA 94134, San Francisco, CA, 94134.0, US",,"Wed. 11-2pm, Thursday, 9:30-11:30am",,The Village,"1099 Sunnydale Ave., 3rd Floor, San Francisco, CA 94134, San Francisco, CA, 94134.0, US",,"THursday, 12-2pm",,Richmond Senior Center,"6221 Geary Blvd. 3rd Floor, San Francisco, CA 94121, San Francisco, CA, 94121.0, US",,"Tuesday, 12:30-2pm",,OMI Senior Center,"2616 Ocean Ave,, San Francisco, CA 94132, San Francisco, CA, 94132.0, US",,Monday/Wednesday 9:00-10:30AM,,IT Bookman Community Center,"446 Randolph St., San Francisco, CA 94132, San Francisco, CA, 94132.0, US",,"Monday, 11-1pm, Tuesday, 3-5pm",,No. Our services are offered free of cost.,"Yes, Aging Individuals (Age 60+), Veterans, Individuals with Disabilities, Individuals with Language Barriers (Limited English Proficiency individuals, etc.), Ethnic or Minority Communities","English, Mandarin, Cantonese",Partnership opportunities,No. Our services are offered free of cost.,12/17/25 16:59
Los Angeles County Department of Parks and Recreation,1000 South Fremont,Alhambra,CA,91803,'+16266813030,https://parks.lacounty.gov,Terence Davsi,CIO,tadavis@parks.lacounty.gov,County Government,,"Public Wi-Fi, Computer center(s)",,Los Angeles,,In-Person,,LA County park locations,,,,,,,,,,,,,,,,,,,,,,,,,No. Our services are offered free of cost.,"Yes, Aging Individuals (Age 60+), Veterans, Individuals with Disabilities, Individuals with Language Barriers (Limited English Proficiency individuals, etc.), Ethnic or Minority Communities","English, Spanish, Tagalog, Mandarin",,No. Our services are offered free of cost.,12/17/25 16:43
City of Lynwood,11330 Bullis Rd.,Lynwood,CA,90262,'+13106030220,https://lynwoodca.gov,Ruben Landeros,Systems Analyst,rlanderos@lynwoodca.gov,City Government,,"Public Wi-Fi, Computer center(s)",,Los Angeles,Lynwood (Los Angeles County.),In-Person,,Lynwood City Hall,"11330 Bullis Rd., Lynwood, CA, 90262.0, US",,7am to 6pm Mon-Thurs,https://lynwoodca.gov,,,,,,,,,,,,,,,,,,,,,No. Our services are offered free of cost.,"Yes, Aging Individuals (Age 60+), Veterans, Individuals with Disabilities, Individuals with Language Barriers (Limited English Proficiency individuals, etc.), Ethnic or Minority Communities","English, Spanish",,No. Our services are offered free of cost.,12/17/25 15:56
Kollab Youth Workforce Development Program,"578 Washington Blvd., #199",MARINA DEL REY,CA,90292,'+13103032869,https://kollabYouth.org,Mary Hewitt,"CEO, Founder",mhewitt@kollabyouth.org,Community-based Organization / Non-profit (501c3),,"Locating low-cost internet service programs, Digital literacy & skills training, Free/Low-cost devices, Free/Low-cost hotspots, Online educational resources, Workforce development resources",,"Los Angeles, Orange, Riverside, San Bernardino, San Diego, Ventura",,"Virtually, In-Person",https://kollabyouth.org,,,,,,,,,,,,,,,,,,,,,,,,,,No. Our services are offered free of cost.,"Yes, Ethnic or Minority Communities, Rural Communities",English,"Partnership opportunities, Information sharing",No. Our services are offered free of cost.,12/17/25 15:46
Binational of Central California,3302 N Blackstone Ave. Suite 221,Fresno,CA,93726,'+15599054549,https://binationalca.org/,Aracely Contreras,Program Manager,aracely@binationalca.org,Community-based Organization / Non-profit (501c3),,"Locating low-cost internet service programs, Enrollment assistance in low-cost internet service programs, Digital navigation (in-person or virtual/call center), Digital literacy & skills training, Technical support, Public Wi-Fi, Workforce development resources",,"Fresno, Madera, Merced",,In-Person,,Manchester Center,"3302 N Blackstone Ave. Suite 221, CA, 93726.0, US",'+15599054549,9am - 5pm,,,,,,,,,,,,,,,,,,,,,,No. Our services are offered free of cost.,"Yes, Aging Individuals (Age 60+), Incarcerated Individuals, Veterans, Individuals with Disabilities, Individuals with Language Barriers (Limited English Proficiency individuals, etc.), Ethnic or Minority Communities, Rural Communities","English, Spanish",,No. Our services are offered free of cost.,12/17/25 13:38
MNC INSPIRING SUCCESS,362 CAPP STREET,SAN FRANCISCO,CA,94110,'+14152067750,https://WWW.MNCSF.ORG,JOANA MATTERO,ASSOCIATE DIRECTOR,joana.mattero@mncsf.org,"Community-based Organization / Non-profit (501c3), City Government, Digital Equity Coalition",,"Digital navigation (in-person or virtual/call center), Digital literacy & skills training, Technical support, Computer center(s)",,,,"Virtually, In-Person",,,"362 CAPP STREET, CA, 94110.0, US",'+14152067750,MONDAY-SATURDAY 9AM-5PM,https://WWW.MNCSF.ORG,,,,,,,,,,,,,,,,,,,,,No. Our services are offered free of cost.,"Yes, Aging Individuals (Age 60+), Veterans, Individuals with Disabilities, Individuals with Language Barriers (Limited English Proficiency individuals, etc.), Ethnic or Minority Communities","English, Spanish",Collective action,No. Our services are offered free of cost.,12/17/25 11:10
Southern California Association of Governments,900 Wilshire Blvd,Los Angeles,CA,90017,'+12136301508,https://scag.ca.gov/,Roland Ok,Planning Supervisor,ok@scag.ca.gov,Council or Metropolitan Planning Organization,,Technical support,,"Imperial, Los Angeles, Orange, Riverside, San Bernardino, Ventura",,Virtually,https://scag.ca.gov/broadband,,,,,,,,,,,,,,,,,,,,,,,,,,No. Our services are offered free of cost.,"Yes, Aging Individuals (Age 60+), Incarcerated Individuals, Veterans, Individuals with Disabilities, Individuals with Language Barriers (Limited English Proficiency individuals, etc.), Ethnic or Minority Communities, Rural Communities",English,Information sharing,No. Our services are offered free of cost.,12/17/25 10:37
Community Living Campaign,1663 Mission St,San Francisco,CA,94103,'+14158211003,https://sfcommunityliving.org/,Andy Burns,Senior Director of Programs,andy@sfcommunityliving.org,Community-based Organization / Non-profit (501c3),,"Locating low-cost internet service programs, Digital navigation (in-person or virtual/call center), Digital literacy & skills training, Technical support, Public Wi-Fi, Computer center(s)",,San Francisco,,"Virtually, In-Person",https://sfcommunityliving.org/events/list/?tribe_eventcategory%5B0%5D=6,Varies,,,Varies,https://sfcommunityliving.org/events/list/?tribe_eventcategory%5B0%5D=6,,,,,,,,,,,,,,,,,,,,,No. Our services are offered free of cost.,"Yes, Aging Individuals (Age 60+), Individuals with Disabilities","English, Spanish, Cantonese","Partnership opportunities, Information sharing",No. Our services are offered free of cost.,12/17/25 9:28
The Arc San Francisco,1500 Howard Street,San Francisco,CA,94103,'+14152557200,https://www.thearcsf.org,Jason McMonagle,Grants Manager,jmcmonagle@thearcsf.org,Community-based Organization / Non-profit (501c3),,"Locating low-cost internet service programs, Enrollment assistance in low-cost internet service programs, Digital navigation (in-person or virtual/call center), Digital literacy & skills training, Technical support, Free/Low-cost devices, Online educational resources, Workforce development resources",,"Marin, San Francisco, San Mateo",,"Virtually, In-Person",https://www.thearcsfhub.org,The Arc San Francisco,"1500 Howard Street, San Francisco, CA, 94103.0, US",'+14152557200,"9:00 AM - 7:00 PM (varies by program, with some starting at 10:00 AM)",https://www.thearcsf.org,,,,,,,,,,,,,,,,,,,,,No. Our services are offered free of cost.,"Yes, Aging Individuals (Age 60+), Individuals with Disabilities, Individuals with Language Barriers (Limited English Proficiency individuals, etc.), Ethnic or Minority Communities, Other","English, Spanish, Tagalog, Mandarin, Vietnamese, Cantonese, Russian, Other","Digital equity grant writing, Train-the-trainer, Partnership opportunities, Information sharing, Other, Technical support services to other organizations through their SF Connected program, Collaborative staff team support and leadership structures for network coordination, Community outreach and capacity building for partner organizations, and Technology help clinic services that are ""open to all San Francisco residents with disabilities.",No. Our services are offered free of cost.,12/17/25 9:11
San Diego Futures Foundation,4283 El Cajon Blvd,San Diego,CA,92105,'+16195009330,https://sdfutures.org/,Brandon Harrison,Executive Director,brandon@sdfutures.org,Community-based Organization / Non-profit (501c3),,"Digital literacy & skills training, Technical support, Free/Low-cost devices",,San Diego,"Chula Vista (San Diego County.), Escondido (San Diego County.), Imperial Beach (San Diego County.), National City (San Diego County.), San Diego (San Diego County.)","Virtually, In-Person",https://sdfutures.org/digital-skills-classes-1,San Diego Futures Foundation,"4283 El Cajon Blvd. Suite 220, San Diego, CA, 92105.0, US",'+16195009330,9am-4pm,https://sdfutures.org/digital-skills-classes-1,7 different locations. deem@state.ca.gov for instructions for bulk upload.,,,,,,,,,,,,,,,,,,,,No. Our services are offered free of cost.,"Yes, Aging Individuals (Age 60+), Veterans, Individuals with Disabilities, Individuals with Language Barriers (Limited English Proficiency individuals, etc.), Ethnic or Minority Communities","English, Spanish, Russian","Train-the-trainer, Partnership opportunities, Information sharing, Other, We offer free refurbished computers to non-profit organizations withing the City of San Diego",No. Our services are offered free of cost.,12/17/25 9:11
CENIC,16700 Valley View Avenue,La Mirada,CA,90638,'+17142203438,https://cenic.org/,Sherilyn Evans,"SVP & Sr Advisor, Digital Equity & Access",sevans@cenic.org,"Community-based Organization / Non-profit (501c3), Regional Broadband Consortia",,Technical support,,,,Virtually,https://cenic.org/,,,,,,,,,,,,,,,,,,,,,,,,,,Yes. We charge a fee for our services and it’s more than $25.,Yes,English,"Partnership opportunities, Collective action, Information sharing, Other, consultative expertise in broadband networks",Yes. We charge a fee for our services.,12/17/25 9:07
San Francisco Tech Council,"c/o Community Living Campaign, 1663 Mission Street",San Francisco,CA,94103,'+14158211003,https://www.sftechcouncil.org,Andrew Broderick,Co-Director,andrew@sftechcouncil.org,Digital Equity Coalition,,"Enrollment assistance in low-cost internet service programs, Digital literacy & skills training, Technical support",,San Francisco,San Francisco (San Francisco County.),In-Person,,"Pop-up events in different community settings (ie, public libraries, community centers, housing sites)",,,,,,,,,,,,,,,,,,,,,,,,,No. Our services are offered free of cost.,"Yes, Aging Individuals (Age 60+), Individuals with Disabilities","English, Spanish, Tagalog, Mandarin, Vietnamese, Cantonese, Russian","Digital equity grant writing, Partnership opportunities, Collective action, Information sharing",No. Our services are offered free of cost.,12/16/25 21:47
Computers 2 Kids,8324 Miramar Mall,San Diego,CA,92121,'+18582009790,https://www.c2k.org,Cheri Pierre,CEO,info@c2k.org,Community-based Organization / Non-profit (501c3),,"Locating low-cost internet service programs, Enrollment assistance in low-cost internet service programs, Digital navigation (in-person or virtual/call center), Digital literacy & skills training, Technical support, Free/Low-cost devices, Online educational resources, Workforce development resources",,,,"Virtually, In-Person",https://www.c2k.org,"C2K Warehouse, San Diego Public Library Branches (Digital Navigators)","8324 Miramar Mall, San Diego, CA, 92121.0, US",'+18582009788,"9-5:30 Monday - Friday, 9:4 Saturdays",https://c2k.org/programs-services/,,,,,,,,,,,,,,,,,,,,,Yes. We charge a fee for our services and it’s more than $25.,"Yes, Aging Individuals (Age 60+), Incarcerated Individuals, Veterans, Individuals with Disabilities, Individuals with Language Barriers (Limited English Proficiency individuals, etc.), Ethnic or Minority Communities, Rural Communities","English, Spanish","Mutual aid (financial), Partnership opportunities, Collective action, Information sharing",No. Our services are offered free of cost.,12/16/25 16:06
Senior Tech Connect,5010 Codorniz Way Unit 9,Oceanside,CA,92057,'+15164920170,https://www.srtechconnect.com,Cole Samaroo,CEO / Co-Founder,coles@srtechconnect.com,"Other, For-Profit Corporation or Business",,"Digital navigation (in-person or virtual/call center), Digital literacy & skills training, Technical support, Online educational resources, Workforce development resources",,"Orange, San Diego",,"Virtually, In-Person",https://www.eventbrite.com/o/senior-tech-connect-114531631381,"All San Diego County Senior Centers (Country Club Senior Center, El Corazone Senior Center, San Marcos Senior Center, Imperial Beach Senior Center, TierraSanta Village, Park Avenue Senior Center, Park de la Cruz Senior Center)","3302 Village Commercial Dr, Oceanside, CA, 92056.0, US",'+15164920170,9am-5pm,,,,,,,,,,,,,,,,,,,,,,No. Our services are offered free of cost.,"Yes, Aging Individuals (Age 60+), Veterans, Individuals with Disabilities, Individuals with Language Barriers (Limited English Proficiency individuals, etc.), Ethnic or Minority Communities, Rural Communities","English, Spanish, Tagalog","Organizational training, Train-the-trainer, Partnership opportunities",Yes. We charge a fee for our services.,12/16/25 14:45
Digital Equity Coalition for Santa Barbara County,c/o Santa Barbara Foundation,Santa Barbara,CA,93101,'+18059631873,https://sbcdec.org,Beatriz Garcia,Director of Strategic Initiatives and Partnerships,bgarcia@sbfoundation.org,Digital Equity Coalition,,"Locating low-cost internet service programs, Enrollment assistance in low-cost internet service programs, Digital navigation (in-person or virtual/call center), Digital literacy & skills training, Technical support, Free/Low-cost devices, Free/Low-cost hotspots, Public Wi-Fi, Computer center(s), Online educational resources, Workforce development resources",,Santa Barbara,,Virtually,https://sbcdec.org,,,,,,,,,,,,,,,,,,,,,,,,,,No. Our services are offered free of cost.,"Yes, Aging Individuals (Age 60+), Incarcerated Individuals, Veterans, Individuals with Disabilities, Individuals with Language Barriers (Limited English Proficiency individuals, etc.), Ethnic or Minority Communities, Rural Communities","English, Spanish","Organizational training, Partnership opportunities, Collective action, Information sharing",No. Our services are offered free of cost.,12/16/25 14:14
Broadband Consortium Pacific Coast,4001 Mission Oaks Blvd,Camarillo,CA,93012,'+18054099159,https://pcbroadband.org,Shelby Arthur,Tri-County Coordinator,shelby@edcollaborative.com,Regional Broadband Consortia,,Locating low-cost internet service programs,,"San Luis Obispo, Santa Barbara, Ventura",,Virtually,https://pcbroadband.org,,,,,,,,,,,,,,,,,,,,,,,,,,No. Our services are offered free of cost.,"Yes, Aging Individuals (Age 60+), Incarcerated Individuals, Veterans, Individuals with Disabilities, Individuals with Language Barriers (Limited English Proficiency individuals, etc.), Ethnic or Minority Communities, Rural Communities",English,"Organizational training, Partnership opportunities, Collective action, Information sharing, Other, Infrastructure Deployment Analysis, GIS mapping support for digital inclusion efforts",No. Our services are offered free of cost.,12/16/25 14:05
Alliance for a Better Community,201 S. Figueroa Street,Los Angeles,CA,90012,'+12132672144,https://afabc.org,Erika Cervantes,Director of Policy & Advocacy,erika@afabc.org,Community-based Organization / Non-profit (501c3),,Digital literacy & skills training,,Los Angeles,,In-Person,,In Southeast Los Angeles and the San Fernando Valley. Exact physical locations change.,,,,,,,,,,,,,,,,,,,,,,,,,No. Our services are offered free of cost.,"Yes, Aging Individuals (Age 60+), Individuals with Language Barriers (Limited English Proficiency individuals, etc.), Ethnic or Minority Communities","English, Spanish","Partnership opportunities, Collective action, Information sharing",No. Our services are offered free of cost.,12/16/25 13:34
Truconnected,21050 Kittridge street,Canoga Park,CA,91303,'+13102954302,https://truconnected.org/,Kaye Kuye,Founder,kaye@truconnected.org,"Community-based Organization / Non-profit (501c3), Regional Broadband Consortia",,"Locating low-cost internet service programs, Enrollment assistance in low-cost internet service programs, Digital navigation (in-person or virtual/call center), Digital literacy & skills training, Technical support, Free/Low-cost devices, Free/Low-cost hotspots, Computer center(s), Online educational resources, Workforce development resources",,,,"Virtually, In-Person",https://truconnected.org/,,,,,,,,,,,,,,,,,,,,,,,,,,Yes. We charge a fee for our services and it’s less than $25.,"Yes, Aging Individuals (Age 60+), Incarcerated Individuals, Veterans, Individuals with Disabilities, Individuals with Language Barriers (Limited English Proficiency individuals, etc.), Ethnic or Minority Communities, Rural Communities","English, Spanish","Digital equity grant writing, Partnership opportunities, Collective action",Yes. We charge a fee for our services.,12/16/25 13:09
"City of San Diego, SD Access4All",1200 Third Avenue,San Diego,CA,92101,'+16192012013,https://sandiego.gov/sdaccess,Maiten Mowreader-Utreras,SD Access4All Program Coordinator,maitenm@sandiego.gov,City Government,,"Locating low-cost internet service programs, Enrollment assistance in low-cost internet service programs, Digital navigation (in-person or virtual/call center), Digital literacy & skills training, Technical support, Free/Low-cost devices, Free/Low-cost hotspots, Public Wi-Fi, Computer center(s), Online educational resources, Workforce development resources",,San Diego,San Diego (San Diego County.),In-Person,,Central Library,"330 Park Blvd, San Diego, CA, 92101.0, US",'+18003506945,"Monday-Saturday, hours vary",https://sandiego.gov/sdaccess,,,,,,,,,,,,,,,,,,,,,No. Our services are offered free of cost.,"Yes, Aging Individuals (Age 60+), Incarcerated Individuals, Veterans, Individuals with Disabilities, Individuals with Language Barriers (Limited English Proficiency individuals, etc.), Ethnic or Minority Communities","English, Spanish, Tagalog, Arabic, French",,No. Our services are offered free of cost.,12/16/25 11:14
LA County Department of Public Health Office of Women's health,1000 S. Fremont Ave.,Alhambra,CA,91803,'+16262932600,http://publichealth.lacounty.gov/owh/,Patricia Hernandez,Program Manager,phernandez@ph.lacounty.gov,"Other, County Government",,"Digital navigation (in-person or virtual/call center), Online educational resources",,Los Angeles,,"Virtually, In-Person",,varies. hosting sites are agencies that provide services to older adults and or their caregivers,,,,,,,,,,,,,,,,,,,,,,,,,No. Our services are offered free of cost.,"Yes, Aging Individuals (Age 60+), Incarcerated Individuals, Veterans, Individuals with Disabilities, Individuals with Language Barriers (Limited English Proficiency individuals, etc.), Ethnic or Minority Communities, Rural Communities","English, Spanish","Organizational training, Train-the-trainer, Partnership opportunities, Collective action, Information sharing",No. Our services are offered free of cost.,12/16/25 10:36
Contra Costa County Library,"777 Arnold Drive, Suite 210",Martinez,CA,94553,'+19256087700,https://ccclib.org/,Alison McKee,County Librarian,alison.mckee@library.cccounty.us,"Library, County Government",,"Digital navigation (in-person or virtual/call center), Digital literacy & skills training, Technical support, Free/Low-cost hotspots, Public Wi-Fi, Computer center(s), Online educational resources, Workforce development resources",,Contra Costa,,"Virtually, In-Person",https://ccclib.org/,See attachment for bulk upload,"See attachment for bulk upload, US",,,,,,,,,,,,,,,,,,,,,,,,No. Our services are offered free of cost.,"Yes, Aging Individuals (Age 60+), Incarcerated Individuals, Veterans, Individuals with Disabilities, Individuals with Language Barriers (Limited English Proficiency individuals, etc.), Ethnic or Minority Communities, Rural Communities","English, Spanish, Tagalog, Mandarin, Vietnamese, Korean, Cantonese, Farsi, Hindi, Russian",,No. Our services are offered free of cost.,12/15/25 13:19
Fresno EOC: Access to Technology,1805 E California,Fresno,CA,93706,'+15592638911,https://fresnoeoc.org/,Tyus Bloom,Program Coordinator,tyus.bloom@fresnoeoc.org,Community-based Organization / Non-profit (501c3),,"Digital literacy & skills training, Technical support, Online educational resources",,"Fresno, Madera",,In-Person,,Local Conservation Corps,"1805 E California, Fresno, CA, 93706.0, US",'+15592638911,5-Aug,,,,,,,,,,,,,,,,,,,,,,No. Our services are offered free of cost.,"Yes, Aging Individuals (Age 60+), Rural Communities","English, Spanish, Other",,No. Our services are offered free of cost.,12/15/25 8:11
Economic Development Collaborative Ventura County,4001 Mission Oaks Blvd.,Camarillo,CA,93012,'+18054099142,https://edcollaborative.com,Jaime Fall,Workforce and Economic Strategies Director,jaime@edcollaborative.com,"Other, Other, Economic Development Organization",,Digital literacy & skills training,,"Santa Barbara, Ventura",,"Virtually, In-Person",https://digital-upskilling.edcollaborative.com/,,,,,,,,,,,,,,,,,,,,,,,,,,No. Our services are offered free of cost.,"Yes, Aging Individuals (Age 60+), Individuals with Language Barriers (Limited English Proficiency individuals, etc.), Ethnic or Minority Communities, Rural Communities, Economic Development Organization","English, Spanish","Train-the-trainer, Partnership opportunities",No. Our services are offered free of cost.,12/13/25 15:18
Computers for Classrooms inc.,411 Otterson Drive,Chico,CA,95928,'+15308954175,https://Computersforclassrooms.org,Louis Davis,CEO,chico@computersforclassrooms.org,"Community-based Organization / Non-profit (501c3), Other, Other",,"Locating low-cost internet service programs, Technical support, Free/Low-cost devices",,,,In-Person,,Computers for Classrooms,"411 Otterson Drive, Suite 100, Chico, CA, 95928.0, US",'+15308954175,Monday through Friday from 9 am to 4 pm,https://ComputersforClassrooms.org,,,,,,,,,,,,,,,,,,,,,Yes. We charge a fee for our services and it’s less than $25.,"Yes, Aging Individuals (Age 60+), Veterans, Individuals with Disabilities, Ethnic or Minority Communities, Rural Communities, Other","English, Spanish","Partnership opportunities, Information sharing",Yes. We charge a fee for our services.,12/12/25 14:53
"Riverside County, RivcoConnect Tech on Wheels",3450 14th Street,Riverside,CA,92501,'+19519551850,https://rivcoconnect.org/,Tom Mullen,"Director, Broadband Services",tmullen@rivco.org,County Government,,"Locating low-cost internet service programs, Enrollment assistance in low-cost internet service programs, Digital navigation (in-person or virtual/call center), Digital literacy & skills training, Free/Low-cost devices, Public Wi-Fi, Online educational resources",,Riverside,,In-Person,,,,,,https://rivcoconnect.org,,,,,,,,,,,,,,,,,,,,,No. Our services are offered free of cost.,"Yes, Aging Individuals (Age 60+), Veterans, Individuals with Disabilities, Individuals with Language Barriers (Limited English Proficiency individuals, etc.), Ethnic or Minority Communities, Rural Communities, Other","English, Spanish, Arabic","Other, Our services are provided at host locations throughout the Riverside County Fifth Supervisorial District, including senior centers, senior housing complex and HOA facilities, libraries, community centers and event sites, and adult educational sites",No. Our services are offered free of cost.,12/12/25 14:16
Destination Crenshaw,PO Box 43386,Los Angeles,CA,90043,'+13236784917,https://www.DestinationCrenshaw.la,Jason Foster,President & CEO,jason@destinationcrenshaw.la,Community-based Organization / Non-profit (501c3),,"Locating low-cost internet service programs, Digital literacy & skills training, Free/Low-cost devices, Free/Low-cost hotspots, Public Wi-Fi, Workforce development resources",,Los Angeles,"Baldwin Park (Los Angeles County.), Los Angeles (Los Angeles County.)",In-Person,,Destination Crenshaw Office,"5444 Crenshaw Blvd. #100, Los Angeles, CA, 90043.0, US",'+13236784917,10 am - 4 pm,,,,,,,,,,,,,,,,,,,,,,No. Our services are offered free of cost.,"Yes, Ethnic or Minority Communities","English, Spanish","Digital equity grant writing, Organizational training, Mutual aid (financial), Partnership opportunities",Yes. We charge a fee for our services.,12/12/25 10:37
Bridge The Digital Divide,2321 W 54th street,Los Angeles,CA,90043,'+13109990001,https://www.bridgela.org,Mimi Shakima Namanda,Program Manager,mimi@bridgela.org,"Community-based Organization / Non-profit (501c3), Other, Other, Nonprofit community based organization providing digital literacy and digital inclusion services.",,"Digital navigation (in-person or virtual/call center), Digital literacy & skills training, Technical support, Free/Low-cost devices, Public Wi-Fi, Computer center(s), Online educational resources",,Los Angeles,"Baldwin Park (Los Angeles County.), Compton (Los Angeles County.), Culver City (Los Angeles County.), Gardena (Los Angeles County.), Inglewood (Los Angeles County.), Los Angeles (Los Angeles County.)","Virtually, In-Person",https://meet.google.com/boa-kppm-thn,,,,,,,,,,,,,,,,,,,,,,,,,,No. Our services are offered free of cost.,"Yes, Aging Individuals (Age 60+), Incarcerated Individuals, Individuals with Disabilities, Ethnic or Minority Communities, Rural Communities, Other, Nonprofit community based organization providing digital literacy and digital inclusion services.","English, Spanish","Train-the-trainer, Partnership opportunities, Information sharing",Yes. We charge a fee for our services.,12/11/25 15:29
Area 1 Agency on Aging,333 J Street,Eureka,CA,95501,'+17073240623,https://www.a1aa.org,Abby Holloway,Social Services Coordinator,aholloway@a1aa.org,Community-based Organization / Non-profit (501c3),,"Digital literacy & skills training, Technical support, Public Wi-Fi",,Del Norte,,In-Person,,Del Norte Senior Center,"1765 Northcrest Drive, Crescent City, CA, 95531.0, US",,,,Redwood Hotel and Casino,"171 Klamath Blvd, Klamath, CA, 95548.0, US",,,,A1AA,"333 J Street, Eureka, CA, 95501.0, US",,,,,,,,,,,,,,No. Our services are offered free of cost.,"Yes, Aging Individuals (Age 60+), Rural Communities",English,Partnership opportunities,No. Our services are offered free of cost.,12/11/25 14:26
San Diego Futures Foundation,4283 El Cajon Blvd. Ste. 220,4283 El Cajon Blvd. Ste 140,CA,92105,'+16195009330,https://sdfutures.org/,Teresa Valenzuela,Community Relations Manager,teresa@sdfutures.org,"Community-based Organization / Non-profit (501c3), Other, Digital Equity Coalition",,"Digital literacy & skills training, Free/Low-cost devices, Computer center(s), Workforce development resources",,San Diego,"Carlsbad (San Diego County.), Chula Vista (San Diego County.), Coronado (San Diego County.), Del Mar (San Diego County.), El Cajon (San Diego County.), Encinitas (San Diego County.), Escondido (San Diego County.), Imperial Beach (San Diego County.), La Mesa (San Diego County.), Lemon Grove (San Diego County.), National City (San Diego County.), Oceanside (San Diego County.), Poway (San Diego County.), San Diego (San Diego County.), San Marcos (San Diego County.), Santee (San Diego County.), Solana Beach (San Diego County.), Vista (San Diego County.)","Virtually, In-Person",https://sdfutures.org/,We partner with the City of San Diego and are in multiple libraries and community centers,,,,https://sdfutures.org/digital-skills-classes-1,,,,,,,,,,,,,,,,,,,,,Yes. We charge a fee for our services and it’s more than $25.,"Yes, Aging Individuals (Age 60+), Incarcerated Individuals, Veterans, Individuals with Disabilities, Individuals with Language Barriers (Limited English Proficiency individuals, etc.), Ethnic or Minority Communities, Rural Communities, Other","English, Spanish, Vietnamese, Farsi, Arabic, Russian, Punjabi","Organizational training, Train-the-trainer, Partnership opportunities, Collective action, Information sharing",Yes. We charge a fee for our services.,12/11/25 12:50
CITY OF MAYWOOD,4319 SLAUSON AVE,MAYWOOD,CA,90270,'+13235625700,https://CITYOFMAYWOOD.COM,JOHN THORNTON,COMMUNITY SERVICES SUPERVISOR,john.thornton@cityofmaywood.org,City Government,,"Digital navigation (in-person or virtual/call center), Digital literacy & skills training, Free/Low-cost devices, Computer center(s), Online educational resources, Workforce development resources",,Los Angeles,Maywood (Los Angeles County.),In-Person,,CITY HALL,"4319 SLAUSON AVE, MAYWOOD, CA 90270, MAYWOOD, CA, 90270.0, US",'+13235625700,8AM - 5PM,https://CITYOFMAYWOOD.COM,,,,,,,,,,,,,,,,,,,,,No. Our services are offered free of cost.,"Yes, Other",Spanish,Partnership opportunities,No. Our services are offered free of cost.,12/11/25 10:46
Colunga & Associates LLC,3039 Heather Road,Long Beach,CA,90808,'+15626190341,https://www.tracycolunga.com,Tracy M. Colunga,CEO,tracy.colunga@tracycolunga.com,"Other, For-Profit Corporation or Business",,"Digital literacy & skills training, Technical support, Online educational resources, Workforce development resources",,,,"Virtually, In-Person",https://www.tracycolunga.com,Revive,"668 Obispo Avenue, Long Beach, CA, 90815.0, US",'+15626190341,,,,,,,,,,,,,,,,,,,,,,,Yes. We charge a fee for our services and it’s less than $25.,"Yes, Aging Individuals (Age 60+), Incarcerated Individuals, Veterans, Individuals with Disabilities, Individuals with Language Barriers (Limited English Proficiency individuals, etc.), Ethnic or Minority Communities","English, Spanish, Tagalog, Khmer","Digital equity grant writing, Organizational training, Train-the-trainer, Collective action, Information sharing",Yes. We charge a fee for our services.,12/11/25 10:44
Parent Institute for Quality Education (PIQE),2405 E Plaza Blvd.,National City,CA,91950,'+16194204499,https://www.piqe.org/,Stephanie De Anda,Director of Philanthropy,sdeanda@piqe.org,Community-based Organization / Non-profit (501c3),,"Digital literacy & skills training, Online educational resources",,,,Virtually,https://www.piqe.org/,,,,,,,,,,,,,,,,,,,,,,,,,,No. Our services are offered free of cost.,"Yes, Individuals with Language Barriers (Limited English Proficiency individuals, etc.), Ethnic or Minority Communities, Rural Communities","English, Spanish, Tagalog, Mandarin, Vietnamese, Korean, Cantonese, Armenian, Farsi, Punjabi","Partnership opportunities, Collective action",No. Our services are offered free of cost.,12/11/25 10:16
UNITE-LA,1055 Wilshire Blvd,Los Angeles,CA,90017,'+12133251525,https://ladeal.org/,Amy Cortina,Executive Vice President,acortina@unitela.com,"Community-based Organization / Non-profit (501c3), Regional Broadband Consortia",,"Digital navigation (in-person or virtual/call center), Digital literacy & skills training, Public Wi-Fi, Workforce development resources",,Los Angeles,,Virtually,https://ladeal.org/,,,,,,,,,,,,,,,,,,,,,,,,,,No. Our services are offered free of cost.,"Yes, Veterans, Individuals with Language Barriers (Limited English Proficiency individuals, etc.), Ethnic or Minority Communities, Other",English,"Digital equity grant writing, Partnership opportunities, Collective action, Information sharing, Other, Broadband Network Design and Development",No. Our services are offered free of cost.,12/11/25 10:05
Rural Prosperity Center,819 S. GOLDENROD AVENUE,KERMAN,CA,93630,'+15595199823,https://www.ruralprosperitycenter.org,Eduardo Gonzalez,Co-Founder / Co-Executive Director,egonzalez@ruralprosperitycenter.org,Community-based Organization / Non-profit (501c3),,"Locating low-cost internet service programs, Enrollment assistance in low-cost internet service programs, Digital navigation (in-person or virtual/call center), Digital literacy & skills training, Technical support, Free/Low-cost devices, Computer center(s), Online educational resources, Workforce development resources",,,,"Virtually, In-Person",https://www.ruralprosperitycenter.org,"Various locations across California - School Sites, Community Centers and Senior Centers","Various Locations, US",'+15595199823,8am to 9pm,https://www.ruralprosperitycenter.org,,,,,,,,,,,,,,,,,,,,,No. Our services are offered free of cost.,"Yes, Aging Individuals (Age 60+), Incarcerated Individuals, Veterans, Individuals with Language Barriers (Limited English Proficiency individuals, etc.), Ethnic or Minority Communities, Rural Communities, Other","English, Spanish, Punjabi","Digital equity grant writing, Organizational training, Train-the-trainer, Partnership opportunities, Collective action, Information sharing, Other, Adopt a Neighbor - An Internet Adoption Campaign",No. Our services are offered free of cost.,12/10/25 22:22
Parent University,5479 E. Butler Ave,Fresno,CA,93727,'+15597044347,https://www.parentuniversity.org,Ana Gonzalez,Founder / Executive Director,agonzalez@parentuniversity.org,Community-based Organization / Non-profit (501c3),,"Locating low-cost internet service programs, Enrollment assistance in low-cost internet service programs, Digital navigation (in-person or virtual/call center), Digital literacy & skills training, Technical support, Free/Low-cost devices, Online educational resources, Workforce development resources",,,,"Virtually, In-Person",https://www.parentuniversity.org,"Various across 58 counties - School Sites, Community Centers and Senior Centers",,'+15592023215,8am to 9pm,https://www.parentuniversity.org,,,,,,,,,,,,,,,,,,,,,No. Our services are offered free of cost.,"Yes, Aging Individuals (Age 60+), Incarcerated Individuals, Veterans, Individuals with Language Barriers (Limited English Proficiency individuals, etc.), Ethnic or Minority Communities, Rural Communities","English, Spanish, Punjabi, Other","Digital equity grant writing, Organizational training, Train-the-trainer, Partnership opportunities, Information sharing, Other, Adopt A Neighbor - Adoption Campaign",No. Our services are offered free of cost.,12/10/25 22:13
Mission Bit,101A Clay St.,San Francisco,CA,94111,'+14158795380,https://www.missionbit.org,Christina Ortega,CEO,christina@missionbit.org,Community-based Organization / Non-profit (501c3),,"Digital literacy & skills training, Online educational resources",,San Francisco,San Francisco (San Francisco County.),Virtually,https://www.missionbit.org/programs,,,,,,,,,,,,,,,,,,,,,,,,,,No. Our services are offered free of cost.,No,English,Partnership opportunities,No. Our services are offered free of cost.,12/10/25 16:09
MNC INSPIRING SUCCESS,362 Capp street,San Francisco,CA,94110,'+14152067759,https://mncsf.org,Benny Tan,Digital Navigator,benny.tan@mncsf.org,Foundation / Philanthropic Organization,,"Locating low-cost internet service programs, Enrollment assistance in low-cost internet service programs, Digital navigation (in-person or virtual/call center), Digital literacy & skills training, Technical support, Free/Low-cost devices, Public Wi-Fi, Computer center(s), Online educational resources, Workforce development resources",,San Francisco,,"Virtually, In-Person",https://mncsf.org,"362 Capp street, San Francisco, CA 94110","362 Capp street, San Francisco, CA, 94110.0, US",'+14156535750,"Monday to Saturday, 9 am to 5 pm",https://mncsf.org,,,,,,,,,,,,,,,,,,,,,No. Our services are offered free of cost.,"Yes, Aging Individuals (Age 60+), Incarcerated Individuals, Veterans, Individuals with Disabilities, Individuals with Language Barriers (Limited English Proficiency individuals, etc.), Ethnic or Minority Communities, Rural Communities","English, Spanish, Mandarin, Cantonese, Russian","Partnership opportunities, Information sharing",No. Our services are offered free of cost.,12/10/25 15:08
Education and Leadership Foundation,1308 E. Olive Avenue,Fresno,CA,93728,'+15592915428,https://www.elfus.org,Mario A. Gonzalez,Executive Director,mgonzalez@education-leadership.org,Community-based Organization / Non-profit (501c3),,Digital navigation (in-person or virtual/call center),,"Fresno, Kern, Kings, Madera, Tulare",,In-Person,,Education and Leadership Foundation - Ashlan Ave. Site,"4290 E. Ashlan Ave., Fresno, CA, 93726.0, US",'+15592915428,8:30 am to 5:00 pm,https://www.elfus.org,,,,,,,,,,,,,,,,,,,,,No. Our services are offered free of cost.,"Yes, Aging Individuals (Age 60+), Individuals with Disabilities, Individuals with Language Barriers (Limited English Proficiency individuals, etc.), Ethnic or Minority Communities, Rural Communities","English, Spanish","Partnership opportunities, Information sharing",No. Our services are offered free of cost.,12/5/25 20:19
Advancing Modoc,701 N Main Street #D3,Alturas,CA,96101,'+15302331685,https://advancingmodoc.org/,Tara Yarberry,Director,tyarberry@teachinc.org,Community-based Organization / Non-profit (501c3),,"Digital literacy & skills training, Public Wi-Fi, Online educational resources, Workforce development resources",,Modoc,,"Virtually, In-Person",https://advancingmodoc.org/,Advancing Modoc College Center,"701 N Main Street #D3, Suite D3, Alturas, CA, 96101.0, US",'+15302331685,"Monday, Tuesday, and Thursdays from 11 AM - 5 PM",https://advancingmodoc.org/,,,,,,,,,,,,,,,,,,,,,No. Our services are offered free of cost.,"Yes, Aging Individuals (Age 60+), Incarcerated Individuals, Veterans, Individuals with Disabilities, Individuals with Language Barriers (Limited English Proficiency individuals, etc.), Ethnic or Minority Communities, Rural Communities, Other","English, Spanish","Organizational training, Partnership opportunities, Collective action, Information sharing",No. Our services are offered free of cost.,12/5/25 16:23
Curry Senior Center,333 Turk Street,San Francisco,CA,94102,'+14159173410,https://curryseniorcenter.org/,Ruben Chavez,Deputy Director,rchavez@curryseniorcenter.org,Community-based Organization / Non-profit (501c3),,"Locating low-cost internet service programs, Enrollment assistance in low-cost internet service programs, Digital navigation (in-person or virtual/call center), Digital literacy & skills training, Technical support, Free/Low-cost devices, Computer center(s), Online educational resources",,,,"Virtually, In-Person",https://curryseniorcenter.org/programs-category/,Tech & Wellness Hub+,"520 Turk Street, San Francisco, CA, 94102.0, US",'+14158293240,9:00am - 4:00pm,https://curryseniorcenter.org/programs-category/,Community Programs,"315 Turk Street, San Francisco, CA, 94102.0, US",'+14159173410,9:00am - 4:00pm,https://curryseniorcenter.org/programs-category/,,,,,,,,,,,,,,,,No. Our services are offered free of cost.,"Yes, Aging Individuals (Age 60+), Individuals with Disabilities, Individuals with Language Barriers (Limited English Proficiency individuals, etc.), Ethnic or Minority Communities","English, Spanish, Tagalog, Mandarin, Vietnamese, Korean, Cantonese, Farsi, Russian, Other, All tech services are at our Tech & Wellness Hub+ for older adults","Organizational training, Partnership opportunities, Information sharing",No. Our services are offered free of cost.,12/5/25 11:47
San Diego County Library,5560 Overland Ave,San Diego,CA,92123,'+18586942415,https://www.sdcl.org,Donna Ohr,Deputy Director,donna.ohr@sdcounty.ca.gov,"Library, County Government",,"Digital literacy & skills training, Public Wi-Fi, Computer center(s), Online educational resources",,San Diego,,"Virtually, In-Person",https://www.sdcl.org/technology/,,,,,,,,,,,,,,,,,,,,,,,,,,No. Our services are offered free of cost.,"Yes, Aging Individuals (Age 60+), Incarcerated Individuals, Veterans, Individuals with Disabilities, Individuals with Language Barriers (Limited English Proficiency individuals, etc.), Ethnic or Minority Communities, Rural Communities","English, Spanish, Tagalog, Mandarin, Vietnamese, Korean, Farsi, Arabic, Japanese","Partnership opportunities, Collective action, Information sharing",No. Our services are offered free of cost.,12/5/25 9:58
"American GI Forum Education Foundation of Santa Maria, CA",702 E. El Camino Street,Santa Maria,CA,93454,'+18054786230,https://www.agifedfoundation.org,Helen Galvan,Executive Director,helen.galvan@gmail.com,"Community-based Organization / Non-profit (501c3), Foundation / Philanthropic Organization",,"Locating low-cost internet service programs, Enrollment assistance in low-cost internet service programs, Digital navigation (in-person or virtual/call center), Digital literacy & skills training, Technical support, Free/Low-cost devices, Computer center(s)",,"Riverside, San Luis Obispo, Santa Barbara, Stanislaus, Ventura",,"Virtually, In-Person",https://www.agifedfoundation.org,Northwest Health Center,"117 W. Bunny Avenue, CA, 93458.0, US",'+18055982130,9:00 am to 6:00 pm,,,,,,,,,,,,,,,,,,,,,,No. Our services are offered free of cost.,"Yes, Aging Individuals (Age 60+), Veterans, Individuals with Language Barriers (Limited English Proficiency individuals, etc.), Ethnic or Minority Communities, Rural Communities","English, Spanish, Other","Train-the-trainer, Partnership opportunities, Information sharing",No. Our services are offered free of cost.,12/4/25 16:38
Blue Sky Center,1000 Perkins Road,New Cuyama,CA,93254,'+16614133005,https://blueskycenter.org,Jack Forinash,Executive Director,hello@blueskycenter.org,Community-based Organization / Non-profit (501c3),,"Locating low-cost internet service programs, Public Wi-Fi, Workforce development resources",,,,"Virtually, In-Person",https://blueskycenter.org,Blue Sky Center,"1000 Perkins Road, New Cuyama, CA, 93254.0, US",'+16614133005,M-F 9-4,https://blueskycenter.org,,,,,,,,,,,,,,,,,,,,,No. Our services are offered free of cost.,"Yes, Aging Individuals (Age 60+), Veterans, Individuals with Disabilities, Individuals with Language Barriers (Limited English Proficiency individuals, etc.), Ethnic or Minority Communities, Rural Communities","English, Spanish, Other, Rural unincorporated Cuyama Valley (330 square miles)",,No. Our services are offered free of cost.,12/4/25 15:15
Gray Area,2665 Mission St.,San Francisco,CA,94110,'+14158431423,https://grayarea.org,Barry Threw,Executive Director,barry@grayarea.org,Community-based Organization / Non-profit (501c3),,"Digital literacy & skills training, Public Wi-Fi, Online educational resources, Workforce development resources",,"Los Angeles, San Diego, San Francisco","Los Angeles (Los Angeles County.), San Diego (San Diego County.), San Francisco (San Francisco County.)","Virtually, In-Person",https://grayarea.org,Grand Theater,"2665 Mission St., San Francisco, CA, 94110.0, US",'+14158431423,,https://grayarea.org,RIP Space,"1250 Long Beach Ave #32, Los Angeles, CA, 90021.0, US",'+17479002125,,https://rip.space/,CoPlace,"2995 Commercial St, San Diego, CA, 92113.0, US",'+18332675223,,https://coplace.com/,,,,,,,,,,,No. Our services are offered free of cost.,"Yes, Aging Individuals (Age 60+), Veterans, Individuals with Disabilities, Ethnic or Minority Communities",English,"Digital equity grant writing, Train-the-trainer, Partnership opportunities, Information sharing",No. Our services are offered free of cost.,12/4/25 14:32
The Central Valley Urban Institute,4974 E. Clinton Way,Fresno,CA,93727,'+15596667644,https://www.visionviewbusinesscenter.com,Eric Payne,Executive Director,eric.paynecmc@gmail.com,Community-based Organization / Non-profit (501c3),,"Locating low-cost internet service programs, Enrollment assistance in low-cost internet service programs, Digital navigation (in-person or virtual/call center), Digital literacy & skills training, Technical support, Free/Low-cost devices, Free/Low-cost hotspots, Public Wi-Fi, Computer center(s), Online educational resources, Workforce development resources",,"Fresno, Kern, Kings, Madera, Merced, San Joaquin, Tulare",,"Virtually, In-Person",,Vision View Business Center,"4974 E. Clinton Way, Fresno, CA, 93727.0, US",,,,,,,,,,,,,,,,,,,,,,,,No. Our services are offered free of cost.,"Yes, Aging Individuals (Age 60+), Incarcerated Individuals, Veterans, Individuals with Disabilities, Individuals with Language Barriers (Limited English Proficiency individuals, etc.), Ethnic or Minority Communities, Rural Communities","English, Spanish","Digital equity grant writing, Organizational training, Train-the-trainer, Mutual aid (financial), Partnership opportunities, Collective action, Information sharing",No. Our services are offered free of cost.,12/4/25 14:09
Beaumont Library District,125 East Eighth Street,Beaumont,CA,92223,'+19518451357,https://www.mybld.org,Tamara Evans,Adult Services Librarian,tamara.evans@mybld.org,"Public or State University, Special District",,"Technical support, Free/Low-cost hotspots, Public Wi-Fi, Computer center(s), Online educational resources",,Riverside,,In-Person,,Beaumont Library District,"125 E 8th St, Beaumont, CA, 92223.0, US",'+19518451357,"Mon, Tue, Th, F: 10am-5pm, Wed, Sat, & Sun 1pm-5pm",https://www.mybld.org/how-do-i,,,,,,,,,,,,,,,,,,,,,No. Our services are offered free of cost.,No,"English, Spanish",,No. Our services are offered free of cost.,12/4/25 14:00
Golden Oak Adult School,23201 Dalbey Dr.,Santa Clarita,CA,91355,'+16612530583,https://www.goldenoakadultschool.com,Bryan Wilson,Principal,bwilson@hartdistrict.org,"School (K-12), Other",,"Digital literacy & skills training, Workforce development resources",,,,In-Person,,Golden Oak Adult School,"23201 Dalbey Dr., Santa Clarita, CA, 91355.0, US",'+16612530583,9am-4pm,https://www.goldenoakadultschool.com,,,,,,,,,,,,,,,,,,,,,No. Our services are offered free of cost.,"Yes, Aging Individuals (Age 60+), Veterans, Individuals with Language Barriers (Limited English Proficiency individuals, etc.), Ethnic or Minority Communities","English, Spanish",,,12/4/25 13:37
Vallejo Adult School,436 Del Sur St,Vallejo,CA,94591,'+17075568850,https://vallejoadult.vcusd.org/,Laura Dutch,Principal,ldutch@vcusd.org,"School (K-12), County Office of Education",,"Digital literacy & skills training, Technical support, Online educational resources, Workforce development resources",,,,"Virtually, In-Person",https://vallejoadult.vcusd.org/enroll,Vallejo Adult School,"436 Del Sur Street, Vallejo, CA, 94591.0, US",'+17075568850,M-Th 8 AM- 8PM F 8 AM- 4 PM,https://vallejoadult.vcusd.org/,,,,,,,,,,,,,,,,,,,,,No. Our services are offered free of cost.,"Yes, Aging Individuals (Age 60+), Veterans, Individuals with Disabilities, Individuals with Language Barriers (Limited English Proficiency individuals, etc.), Ethnic or Minority Communities","English, Spanish","Partnership opportunities, Collective action",No. Our services are offered free of cost.,12/4/25 12:59
Ventura County Library,5600 Everglades St.,Ventura,CA,93003,'+18057013242,https://www.library.venturacounty.gov,Amanda Armitage,Technology Engagement Manager,amanda.armitage@venturacounty.gov,"Library, County Government",,"Digital literacy & skills training, Free/Low-cost devices, Free/Low-cost hotspots, Public Wi-Fi, Computer center(s), Online educational resources, Workforce development resources",,Ventura,,In-Person,,https://www.library.venturacounty.gov/use-library/locations-hours,,,,,,,,,,,,,,,,,,,,,,,,,No. Our services are offered free of cost.,"Yes, Aging Individuals (Age 60+), Incarcerated Individuals, Veterans, Individuals with Disabilities, Individuals with Language Barriers (Limited English Proficiency individuals, etc.), Ethnic or Minority Communities, Rural Communities","English, Spanish","Partnership opportunities, Information sharing",No. Our services are offered free of cost.,12/4/25 12:58
Partnership Health Plan of California (Managed Care Organization),4665 Business Center Dr,Fairfield,CA,94534,'+18008634155,https://www.partnershiphp.org/Pages/PHC.aspx,Mohamed Jalloh,Health Equity Officer,mjalloh@partnershiphp.org,"Other, Other, Other, Managed Care Organization",,"Locating low-cost internet service programs, Digital navigation (in-person or virtual/call center), Digital literacy & skills training",,"Butte, Colusa, Del Norte, Glenn, Humboldt, Lake, Lassen, Marin, Mendocino, Modoc, Napa, Nevada, Placer, Plumas, Shasta, Sierra, Siskiyou, Solano, Sonoma, Sutter, Tehama, Trinity, Yolo, Yuba",,In-Person,,Red Bluff Community Center (Single Event at Tehama Health and Digital Access Fair),"1500 S Jackson St, Red Bluff, CA, 96080.0, US",'+15305278177,,,,,,,,,,,,,,,,,,,,,,,No. Our services are offered free of cost.,"Yes, Aging Individuals (Age 60+), Veterans, Individuals with Disabilities, Individuals with Language Barriers (Limited English Proficiency individuals, etc.), Ethnic or Minority Communities, Rural Communities, Managed Care Organization","English, Spanish, Tagalog, Russian, Punjabi","Partnership opportunities, Collective action, Information sharing",No. Our services are offered free of cost.,12/3/25 18:04
Senior Planet from AARP,"236 West 30th Street, Floor 8",New York,NY,10001,'+18887133495,https://www.seniorplanet.org,Ryan Kawamoto,Regional Program Manager,rkawamoto@oats.org,Community-based Organization / Non-profit (501c3),,"Digital navigation (in-person or virtual/call center), Digital literacy & skills training, Technical support, Online educational resources, Workforce development resources",,,,"Virtually, In-Person",https://www.seniorplanet.org,https://oats.org/licensing/,,,,https://oats.org/licensing/,,,,,,,,,,,,,,,,,,,,,No. Our services are offered free of cost.,"Yes, Aging Individuals (Age 60+), Individuals with Language Barriers (Limited English Proficiency individuals, etc.), Ethnic or Minority Communities, Rural Communities","English, Spanish, Mandarin, Vietnamese","Train-the-trainer, Partnership opportunities",No. Our services are offered free of cost.,12/3/25 10:52
Riverside County Library System,5840 Mission Blvd,Jurupa Valley,CA,92509,'+19513963003,https://www.rivlib.net,Sue Duran,Deputy Director,sue.duran@lsslibraries.com,"Library, Other, Other, Other, We are a non-profit library system. The library system is managed by a private company, but it falls under the Economic Development Department of the Riverside County Library System. .",,"Locating low-cost internet service programs, Enrollment assistance in low-cost internet service programs, Digital navigation (in-person or virtual/call center), Digital literacy & skills training, Technical support, Free/Low-cost devices, Free/Low-cost hotspots, Public Wi-Fi, Computer center(s), Online educational resources, Workforce development resources",,"Imperial, Riverside, San Bernardino",,"Virtually, In-Person",https://www.rivlib.net,Louis Robidoux Library,"5840 Mission Blvd., Jurupa Valley, CA, 92509.0, US",'+19516825485,Sunday: 1:00 pm-5:00 pm Monday: 11:00 am-7:00 pm Tuesday: 11:00 am-7:00 pm Wednesday: 11:00 am-7:00 pm Thursday: 10:00 am-6:00 pm Friday: 10:00 am-6:00 pm Saturday: 10:00 am-6:00 pm,https://rivlib.net/branch/louis-robidoux,,,,,,,,,,,,,,,,,,,,,No. Our services are offered free of cost.,"Yes, Aging Individuals (Age 60+), Incarcerated Individuals, Veterans, Individuals with Disabilities, Individuals with Language Barriers (Limited English Proficiency individuals, etc.), Ethnic or Minority Communities, Rural Communities, We are a non-profit library system. The library system is managed by a private company, but it falls under the Economic Development Department of the Riverside County Library System. .","English, Spanish, Russian","Digital equity grant writing, Organizational training, Partnership opportunities, Information sharing, Other, Most branches have community rooms or meeting spaces so that patrons can use for any of the above necessities.",No. Our services are offered free of cost.,12/1/25 15:04
California Emerging Technology Foundation (CETF),714 West Olympic Boulevard,Los Angeles,CA,90015-4133,'+12134439952,https://www.cetfund.org/,Kat Zigmont,Senior Vice President,kat.zigmont@cetfund.org,Community-based Organization / Non-profit (501c3),,"Locating low-cost internet service programs, Enrollment assistance in low-cost internet service programs, Digital navigation (in-person or virtual/call center), Digital literacy & skills training, Technical support, Free/Low-cost devices, Free/Low-cost hotspots, Online educational resources, Workforce development resources",,,,Virtually,https://getconnected.digitallearn.org/,,,,,,,,,,,,,,,,,,,,,,,,,,No. Our services are offered free of cost.,"Yes, Aging Individuals (Age 60+), Incarcerated Individuals, Veterans, Individuals with Disabilities, Individuals with Language Barriers (Limited English Proficiency individuals, etc.), Ethnic or Minority Communities, Rural Communities","English, Spanish, Mandarin, Vietnamese, Korean, Cantonese, Farsi, Arabic","Digital equity grant writing, Organizational training, Train-the-trainer, Mutual aid (financial), Partnership opportunities, Collective action, Information sharing, Other, The CETF Digital Equity Ecosystem can accommodate CBOs, non-profit organizations, and public agencies of all kinds and sizes—small or big, experienced or beginners—to incorporate Digital Inclusion into their existing operations where an established relationship exists. •Direct Notification to Drive Enrollment in Affordable Internet Service •Call Center to Enroll Households by CBOs In-Language and In-Culture •Recruitment and Training of Digital Navigators •Outreach In-Language and In-Culture by CBO Trusted Messengers •Digital Literacy Training by CBO Digital Navigators (Synchronous) with Proficiency Assessment •Online Digital Literacy Resources (Asynchronous) with Proficiency Assessment •Affordable Computing Devices •In-Person Enrollment Events •Public Awareness Advertising •Tech Support •Grant Management •Evaluation",No. Our services are offered free of cost.,12/1/25 14:07
Hemet Public Library,300 E Latham Ave,"Hemet, CA 92543",CA,92543,'+19517652447,https://www.hemetca.gov/library,Kathye Caines,Library Manager,kcaines@hemetca.gov,"Library, City Government, Regional Broadband Consortia",,"Digital navigation (in-person or virtual/call center), Digital literacy & skills training, Technical support, Public Wi-Fi, Computer center(s), Online educational resources",,Riverside,Hemet (Riverside County.),"Virtually, In-Person",https://www.hemetca.gov/library,Hemet Public Library,"300 E Latham Ave, Hemet, CA 92543, Hemet, CA, 92543.0, US",'+19517652440,,https://www.hemetca.gov/library,,,,,,,,,,,,,,,,,,,,,No. Our services are offered free of cost.,"Yes, Aging Individuals (Age 60+), Veterans, Individuals with Disabilities, Individuals with Language Barriers (Limited English Proficiency individuals, etc.), Ethnic or Minority Communities, Rural Communities","English, Spanish","Partnership opportunities, Information sharing",No. Our services are offered free of cost.,12/1/25 12:36
Sonoma County Library,6135 State Farm Drive,Rohnert Park,CA,94928,'+17075450831,https://sonomalibrary.org/,Mike Dawe,IT Manager,mdawe@sonomalibrary.org,"Library, Special District",,"Locating low-cost internet service programs, Digital navigation (in-person or virtual/call center), Digital literacy & skills training, Technical support, Free/Low-cost hotspots, Public Wi-Fi, Computer center(s), Online educational resources, Workforce development resources",,Sonoma,,"Virtually, In-Person",https://sonomalibrary.org/,,,,,,,,,,,,,,,,,,,,,,,,,,No. Our services are offered free of cost.,"Yes, Aging Individuals (Age 60+), Incarcerated Individuals, Veterans, Individuals with Disabilities, Individuals with Language Barriers (Limited English Proficiency individuals, etc.), Ethnic or Minority Communities, Rural Communities, Other","English, Spanish","Partnership opportunities, Collective action, Information sharing",No. Our services are offered free of cost.,11/26/25 8:31
"Glendale Library, Arts & Culture",222 E. Harvard St.,Glendale,CA,91205,'+18185482030,https://www.glendaleca.gov/government/departments/library-arts-culture,Lessa Pelayo-Lozada,Director,lpelayolozada@glendaleca.gov,"Library, City Government",,"Digital literacy & skills training, Technical support, Free/Low-cost devices, Free/Low-cost hotspots, Public Wi-Fi, Computer center(s), Online educational resources, Workforce development resources",,Los Angeles,Glendale (Los Angeles County.),"Virtually, In-Person",https://lpelayolozada@glendaleca.gov,,,,,,,,,,,,,,,,,,,,,,,,,,No. Our services are offered free of cost.,"Yes, Aging Individuals (Age 60+), Veterans, Individuals with Disabilities, Individuals with Language Barriers (Limited English Proficiency individuals, etc.), Ethnic or Minority Communities","English, Spanish, Korean, Armenian",Partnership opportunities,No. Our services are offered free of cost.,11/26/25 8:15
Easterseals Southern California,1063 McGaw Ave,Irvine,CA,92614,'+17148341111,https://socal.easterseals.com/,Reese Peterson,Director,reese.peterson@essc.org,"Community-based Organization / Non-profit (501c3), Other, Other, Nonprofit Non-governmental organization (NGO)",,"Locating low-cost internet service programs, Digital literacy & skills training, Free/Low-cost devices, Free/Low-cost hotspots",,"Imperial, Kern, Los Angeles, Orange, Riverside, San Bernardino, San Diego, San Luis Obispo, Santa Barbara, Ventura",,"Virtually, In-Person",https://socal.easterseals.com/get-support/areas-of-support/adult-day-services/virtual-community-remote-services,Easterseals Southern California,"1063 McGaw Ave, Irvine, CA, 92614.0, US",'+17148341111,9:00 a.m. - 4:30 p.m.,,,,,,,,,,,,,,,,,,,,,,Yes. We charge a fee for our services and it’s more than $25.,"Yes, Aging Individuals (Age 60+), Veterans, Individuals with Disabilities, Individuals with Language Barriers (Limited English Proficiency individuals, etc.), Ethnic or Minority Communities, Rural Communities, Nonprofit Non-governmental organization (NGO)","English, Spanish","Partnership opportunities, Collective action",Yes. We charge a fee for our services.,11/25/25 13:55
California State Library,Library Development Services,Sacramento,CA,95814,'+19166036713,https://library.ca.gov,Josh Chisom,Broadband Programs Manager,josh.chisom@library.ca.gov,"Library, State Government",,"Digital navigation (in-person or virtual/call center), Digital literacy & skills training, Technical support, Free/Low-cost devices, Public Wi-Fi, Computer center(s), Online educational resources, Workforce development resources",,,,"Virtually, In-Person",https://www.library.ca.gov/services/digital-concierge/,CA,"California State Library, 900 N Street, Sacramento, CA, 95814.0, US",'+19163239843,"Tuesday–Thursday, 9:30 am – 4:00 pm",https://www.library.ca.gov/contact-us/,Stanley Mosk Library & Courts Building,"914 Capitol Mall, Sacramento, CA, 95814.0, US",'+19166037217,"Monday–Friday, 9:30 am – 4:00 pm",https://www.library.ca.gov/contact-us/,Sutro Library,"J. Paul Leonard Library 5th Floor, 1630 Holloway Avenue, San Francisco, CA, 94132.0, US",,"Tuesday-Thursday, 10:00 am – 4:00pm; closed for lunch 12:30pm – 1:30pm",https://www.library.ca.gov/sutro/,,,,,,,,,,,No. Our services are offered free of cost.,"Yes, Aging Individuals (Age 60+), Incarcerated Individuals, Veterans, Individuals with Disabilities, Individuals with Language Barriers (Limited English Proficiency individuals, etc.), Ethnic or Minority Communities, Rural Communities","English, Spanish","Organizational training, Partnership opportunities, Information sharing, Other, The State Library has offered digital navigator programs. We also award grants (funded by IMLS and/or the CA State Legislature) that allow local libraries across California to provide support to all Californians in areas including digital literacy, digital navigation, etc.",No. Our services are offered free of cost.,11/25/25 11:01
Palm Desert Library,73300 Fred Waring Drive,Palm Desert,CA,92260,'+17603466552,https://www.palmdeserylibrary.org,Shannon Vonnegut,Director of Library Services,svonnegut@palmdesert.gov,"Library, City Government",,"Digital literacy & skills training, Public Wi-Fi, Online educational resources",,Riverside,Palm Desert (Riverside County.),In-Person,,Palm Desert Library,"73300 Fred Waring Drive, Palm Desert, CA, 92260.0, US",'+17603466552,"M-W 10-8, Th-Sat 10-6, Sun 1-5",https://www.palmdesert.org,,,,,,,,,,,,,,,,,,,,,No. Our services are offered free of cost.,"Yes, Aging Individuals (Age 60+), Veterans, Individuals with Disabilities, Individuals with Language Barriers (Limited English Proficiency individuals, etc.), Ethnic or Minority Communities",English,,No. Our services are offered free of cost.,11/25/25 10:08
Mattole Valley Resource Center,PO Box 191,Petrolia,CA,95558,'+17076293348,https://mattolevalleyresourcecenter.org,Emily Herman,Executive Director,emilymvrc@gmail.com,Community-based Organization / Non-profit (501c3),,"Digital literacy & skills training, Free/Low-cost hotspots, Public Wi-Fi, Workforce development resources",,,,In-Person,,,,,,,,,,,,,,,,,,,,,,,,,,,No. Our services are offered free of cost.,"Yes, Aging Individuals (Age 60+), Veterans, Individuals with Disabilities, Individuals with Language Barriers (Limited English Proficiency individuals, etc.), Ethnic or Minority Communities, Rural Communities, Other","English, Other, We serve 2 communities, totaling approximately 600 people in a VERY rural and remote area.","Partnership opportunities, Information sharing",No. Our services are offered free of cost.,11/24/25 17:06
Human-I-T,4941 Eastern Ave,Bell,CA,90291,'+18882683921,https://human-i-t.org,Adam Sharma,"VP, Strategic Partnerships",info@human-i-t.org,Community-based Organization / Non-profit (501c3),,"Locating low-cost internet service programs, Enrollment assistance in low-cost internet service programs, Digital navigation (in-person or virtual/call center), Digital literacy & skills training, Technical support, Free/Low-cost devices, Free/Low-cost hotspots, Online educational resources, Workforce development resources",,,,Virtually,https://www.human-i-t.org/get-connected/,,,,,,,,,,,,,,,,,,,,,,,,,,No. Our services are offered free of cost.,"Yes, Aging Individuals (Age 60+), Incarcerated Individuals, Veterans, Individuals with Disabilities, Individuals with Language Barriers (Limited English Proficiency individuals, etc.), Ethnic or Minority Communities, Rural Communities, Other","English, Spanish, Other","Train-the-trainer, Partnership opportunities, Collective action, Information sharing, Other, some services are no-cost, others are low-cost.",No. Our services are offered free of cost.,11/24/25 12:31
North State Planning and Development Collective,35 Main Street,Chico,CA,95928,'+15308984372,https://nspdc.chico.edu,Jason Schwenkler,Executive Director,jschwenkler@csuchico.edu,"Community-based Organization / Non-profit (501c3), Regional Broadband Consortia",,"Locating low-cost internet service programs, Enrollment assistance in low-cost internet service programs, Digital navigation (in-person or virtual/call center), Digital literacy & skills training, Free/Low-cost devices, Public Wi-Fi, Computer center(s), Online educational resources, Workforce development resources",,"Butte, Colusa, Glenn, Lake, Lassen, Modoc, Plumas, Shasta, Siskiyou, Tehama",,Virtually,,,,,,,,,,,,,,,,,,,,,,,,,,,No. Our services are offered free of cost.,"Yes, Aging Individuals (Age 60+), Veterans, Individuals with Disabilities, Individuals with Language Barriers (Limited English Proficiency individuals, etc.), Ethnic or Minority Communities, Rural Communities, Other",English,Partnership opportunities,No. Our services are offered free of cost.,11/24/25 12:09
El Segundo Public Library,111 W. Mariposa Avenue,El Segundo,CA,90245,'+13105242722,https://www.elsegundolibrary.org,Mark Herbert,Library Manager,refdesk@elsegundo.org,"Library, City Government",,"Digital navigation (in-person or virtual/call center), Digital literacy & skills training, Technical support, Public Wi-Fi, Online educational resources, Workforce development resources",,Los Angeles,El Segundo (Los Angeles County.),In-Person,,El Segundo Public Library,"111 W. Mariposa Avenue, El Segundo, CA, 90245.0, US",'+13105242722,"9am-8pm Mon-Thurs, 10am-5pm Fri & Sat",https://www.elsegundolibrary.org,,,,,,,,,,,,,,,,,,,,,No. Our services are offered free of cost.,"Yes, Aging Individuals (Age 60+), Veterans, Individuals with Disabilities, Individuals with Language Barriers (Limited English Proficiency individuals, etc.), Ethnic or Minority Communities","English, Spanish",Information sharing,No. Our services are offered free of cost.,11/24/25 11:41
GetSetUp,1042 Fort Union Blvd,Midvale,UT,84047,'+14085693413,https://www.getsetup.io,Paul Morillo,VP Government Partnerships,paul@getsetup.io,"Other, Other, For Profit Digital Literacy, Workforce Development, and Cybersecurity Training",,"Digital navigation (in-person or virtual/call center), Digital literacy & skills training, Technical support, Online educational resources, Workforce development resources",,,,Virtually,https://www.getsetup.io,,,,,,,,,,,,,,,,,,,,,,,,,,Yes. We charge a fee for our services and it’s less than $25.,"Yes, Aging Individuals (Age 60+), Incarcerated Individuals, Veterans, Individuals with Disabilities, Individuals with Language Barriers (Limited English Proficiency individuals, etc.), Ethnic or Minority Communities, Rural Communities, For Profit Digital Literacy, Workforce Development, and Cybersecurity Training","English, Spanish, Mandarin, Cantonese, Hindi","Digital equity grant writing, Organizational training, Train-the-trainer, Partnership opportunities, Information sharing",Yes. We charge a fee for our services.,11/24/25 11:00
Corona Public Library,650 S. Main Street,Corona,CA,92882,'+19512793728,https://www.coronaca.gov/departments/library,Daniell Whittington,Library Manager,aska.librarian@coronaca.gov,"Library, City Government",,"Digital literacy & skills training, Technical support, Free/Low-cost devices, Public Wi-Fi, Computer center(s), Online educational resources",,Riverside,"Corona (Riverside County.), Eastvale (Riverside County.), Norco (Riverside County.), Riverside (Riverside County.)",In-Person,,Corona Public Library,"650 S. Main Street, Corona, CA, 92882.0, US",,Monday-Friday: 10a-8p; Saturday 10a-2p,https://www.coronaca.gov/departments/library,,,,,,,,,,,,,,,,,,,,,No. Our services are offered free of cost.,"Yes, Aging Individuals (Age 60+), Veterans, Individuals with Disabilities, Individuals with Language Barriers (Limited English Proficiency individuals, etc.), Ethnic or Minority Communities","English, Spanish",,No. Our services are offered free of cost.,11/24/25 10:32
Pacific Grove Public Library,550 Central Ave.,Pacific Grove,CA,93950,'+18316485760,https://www.pacificgrovelibrary.org/,Angela Canales,Administrative Analyst,acanales@cityofpacificgrove.org,"Library, City Government",,"Locating low-cost internet service programs, Enrollment assistance in low-cost internet service programs, Digital navigation (in-person or virtual/call center), Technical support, Public Wi-Fi, Computer center(s), Online educational resources, Workforce development resources",,Monterey,Pacific Grove (Monterey County.),In-Person,,Pacific Grove Public Library,,,42 hours per week,,,,,,,,,,,,,,,,,,,,,,No. Our services are offered free of cost.,No,English,Partnership opportunities,No. Our services are offered free of cost.,11/24/25 10:27
Del Norte County Library District,190 Price Mall,Crescent City,CA,95531,'+17074649793,https://delnortecountylibrary.org/,Beth Quetschke,Library Director,bethq@delnortecountylibrary.org,"Library, Special District",,"Digital navigation (in-person or virtual/call center), Digital literacy & skills training, Technical support, Public Wi-Fi, Computer center(s), Online educational resources, Workforce development resources",,Del Norte,,"Virtually, In-Person",https://delnortecountylibrary.org/services-1,Del Norte County Library District | Main Library,"190 Price Mall, Crescent City, CA, 95531.0, US",'+17074649793,Monday through Saturday 10-6,https://delnortecountylibrary.org/services-1,Smith River Library of Del Norte County,"241 W First St, Smith River, CA, 95567.0, US",'+17074878048,Tuesday through Friday 11-3,https://delnortecountylibrary.org/services-1,,,,,,,,,,,,,,,,No. Our services are offered free of cost.,"Yes, Aging Individuals (Age 60+), Veterans, Individuals with Disabilities, Individuals with Language Barriers (Limited English Proficiency individuals, etc.), Ethnic or Minority Communities, Rural Communities",English,"Partnership opportunities, Information sharing",No. Our services are offered free of cost.,11/24/25 10:20
Humboldt County Library,1313 3rd Street,Eureka,CA,95501,'+17072691918,https://humboldtgov.org/2544/Public-Library,Christopher Cooper,Director of Library Services,hcl@co.humboldt.ca.us,"Library, County Government, Regional Broadband Consortia",,"Digital literacy & skills training, Technical support, Public Wi-Fi",,Humboldt,,In-Person,,,,,,,,,,,,,,,,,,,,,,,,,,,No. Our services are offered free of cost.,"Yes, Aging Individuals (Age 60+), Veterans, Individuals with Disabilities, Individuals with Language Barriers (Limited English Proficiency individuals, etc.), Ethnic or Minority Communities, Rural Communities","English, Spanish",,No. Our services are offered free of cost.,11/24/25 8:05
Human-I-T,4941 Eastern Ave,Bell,CA,90201,'+18882683921,https://human-i-t.org,Kristina Parks,VP of Impact,grants@human-i-t.org,Community-based Organization / Non-profit (501c3),,"Locating low-cost internet service programs, Enrollment assistance in low-cost internet service programs, Digital navigation (in-person or virtual/call center), Digital literacy & skills training, Technical support, Free/Low-cost devices, Free/Low-cost hotspots, Computer center(s), Online educational resources, Workforce development resources",,,,"Virtually, In-Person",https://human-i-t.org,Through partner organizations and Human-I-T's physical location in California.,,,,,,,,,,,,,,,,,,,,,,,,,No. Our services are offered free of cost.,"Yes, Aging Individuals (Age 60+), Incarcerated Individuals, Veterans, Individuals with Disabilities, Individuals with Language Barriers (Limited English Proficiency individuals, etc.), Ethnic or Minority Communities, Rural Communities","English, Spanish, Other, Other, Nationwide","Organizational training, Train-the-trainer, Partnership opportunities, Collective action",No. Our services are offered free of cost.,11/24/25 7:56
Monterey Park Bruggemeyer Library,318 S Ramona Ave,Monterey Park,CA,91754,'+16263071366,https://www.montereypark.ca.gov/1541/Library,Linda Vera,Library Manager,lvera@montereypark.ca.gov,"Library, City Government",,"Digital literacy & skills training, Technical support, Public Wi-Fi, Computer center(s)",,Los Angeles,Monterey Park (Los Angeles County.),In-Person,,Monterey Park Bruggemeyer Library,"318 S Ramona Ave, Monterey Park, CA, 91754.0, US",'+16263071366,"Monday and Tuesday, 12PM to 8 PM. Wednesday - Saturday, 10AM - 6 PM",https://www.montereypark.ca.gov/1148/Computer-Help-Online-Tutorials,,,,,,,,,,,,,,,,,,,,,No. Our services are offered free of cost.,"Yes, Aging Individuals (Age 60+), Ethnic or Minority Communities","English, Spanish, Mandarin",Partnership opportunities,No. Our services are offered free of cost.,11/21/25 16:25
South San Francisco Public Library,901 Civic Campus Way,South San Francisco,CA,94080,'+16508293860,https://www.ssfca.gov/library,Mabel Lee,Management Analyst II,leemab@plsinfo.org,"Library, City Government",,"Digital navigation (in-person or virtual/call center), Digital literacy & skills training, Technical support, Free/Low-cost devices, Public Wi-Fi, Computer center(s), Online educational resources, Workforce development resources",,San Mateo,,"Virtually, In-Person",https://www.ssfca.gov/Departments/Library/Online-Library,South San Francisco Public Library,"901 Civic Campus Way, South San Francsico, CA, 94080.0, US",'+16508293860,Mondays and Tuesdays - 10:00 a.m. - 8:00 p.m. Wednesdays - 10:00 a.m. - 6:00 p.m. Thursdays - 12:00 p.m. - 8:00 p.m. Fridays - 10:00 a.m. - 6:00 p.m. Saturdays - 10:00 a.m. - 5:00 p.m. Sundays - 2:00 p.m. - 5:00 p.m.,https://www.ssfca.gov/library,Grand Avenue Library,"306 Walnut Avenue, South San Francisco, CA, 94080.0, US",'+16508778530,"Mondays, Tuesdays, Thursdays, Fridays - 10:00 a.m. - 6:00 p.m. Wednesdays - 12:00 p.m. - 8:00 p.m. Saturdays - 10:00 a.m. - 5:00 p.m. Sundays - Closed",https://www.ssfca.gov/library,Gene Mullin Community Learning Center,"520 Tamarack Lane, South San Francisco, CA, 94080.0, US",'+16508778540,Monday and Friday - by appointment only Tuesday through Thursday - 3:00 p.m. - 7:00 p.m. Saturday - by appointment only Sunday - Closed Other Hours - by appointment,https://www.ssfca.gov/Departments/Library/Services/Literacy-Services/Community-Learning-Center,Project Read,"901 Civic Campus Way, 3rd Floor, South San Francisco, CA, 94080.0, US",'+16508293871,Monday - Friday 9:00 a.m. - 5:00 p.m. Saturday - Sunday Closed,https://www.ssfca.gov/Departments/Library/Services/Literacy-Services/Project-Read,,,,,,Yes. We charge a fee for our services and it’s less than $25.,"Yes, Aging Individuals (Age 60+), Incarcerated Individuals, Veterans, Individuals with Disabilities, Individuals with Language Barriers (Limited English Proficiency individuals, etc.), Ethnic or Minority Communities, Rural Communities","English, Spanish, Tagalog, Mandarin, Cantonese, French","Digital equity grant writing, Organizational training, Train-the-trainer, Partnership opportunities, Information sharing",Yes. We charge a fee for our services.,11/21/25 16:15
City of Calabasas Libraary,200 Civic Center Way,Calabasas,CA,91302,'+18182257616,https://www.cityofcalabasas.com/government/library,Barbara Lockwood,City Librarian,blockwood@calabasaslibrary.org,"Library, City Government",,"Digital navigation (in-person or virtual/call center), Digital literacy & skills training, Public Wi-Fi, Computer center(s), Online educational resources, Workforce development resources",,Los Angeles,"Agoura Hills (Los Angeles County.), Calabasas (Los Angeles County.), Hidden Hills (Los Angeles County.), Los Angeles (Los Angeles County.), Westlake Village (Los Angeles County.)","Virtually, In-Person",https://www.cityofcalabasas.com/government/library,1,"200 Civic Center Way, Calabasas, CA, 91302.0, US",'+18182257616,open every day except Mondays.,https://www.cityofcalabasas.com/government/library,,,,,,,,,,,,,,,,,,,,,No. Our services are offered free of cost.,No,"English, Farsi, Hindi",,No. Our services are offered free of cost.,11/21/25 15:42
Santa Cruz Public Libraries,117 Union St,Santa Cruz,CA,95060,'+18314277700,https://santacruzpl.org,Christopher Platt,Director of Libraries,plattc@santacruzpl.org,Library,,"Digital navigation (in-person or virtual/call center), Digital literacy & skills training, Free/Low-cost devices, Free/Low-cost hotspots, Public Wi-Fi, Computer center(s), Online educational resources, Workforce development resources",,Santa Cruz,,"Virtually, In-Person",https://santacruzpl.org,Downtown Santa Cruz Public Library,"224 Church St, Santa Cruz, CA, 95060.0, US",'+18314277707,"M-Th 10-6, Fri-Sat 10-5, Sun 1-5",,Aptos Branch library,"7695 Soquel Drive, Aptos, CA, 95003.0, US",'+18314277702,"M-Th 10-6, Fri-Sat 10-5",,Capitola Branch Library,"2005 Wharf Road, Capitola, CA, 95010.0, US",'+18314277705,"M-Th 10-7, Fri-Sat 10-5",,Felton Branch Library,"6121 Gushee St, Felton, CA, 95018.0, US",'+18314277708,"M-th 10-7, Fri - Sat 10-6",,Scotts Valley Branch Library,"251 Kings Village Road, Scotts Valley, CA, 95066.0, US",'+18314277712,"M-Th 10-6, Fri-Sat 10-5",,No. Our services are offered free of cost.,"Yes, Aging Individuals (Age 60+), Incarcerated Individuals, Veterans, Individuals with Disabilities, Individuals with Language Barriers (Limited English Proficiency individuals, etc.), Ethnic or Minority Communities",English,Partnership opportunities,No. Our services are offered free of cost.,11/21/25 14:49
County of San Luis Obispo Public Libraries,995 Palm Street,San Luis Obispo,CA,93403,'+18057815991,https://catalog.slolibrary.org,Andrew Hallmark,Systems Administrator II,ahallmark@slolibrary.org,"Library, County Government, Other, Other, We are a non-profit, Educational Governmental Organization. We are also partnered with CalREN/CENIC for fiber network services to our buildings",,"Enrollment assistance in low-cost internet service programs, Digital navigation (in-person or virtual/call center), Digital literacy & skills training, Free/Low-cost devices, Free/Low-cost hotspots, Public Wi-Fi, Computer center(s), Online educational resources, Workforce development resources",,San Luis Obispo,,"Virtually, In-Person",https://sanluisobispo.librarycalendar.com/,San Luis Obispo Public Library,"995 Palm St, San Luis Obispo, CA, 93403.0, US",'+18057815991,Sunday Closed Monday Closed Tuesday 10:00 AM - 6:00 PM Wednesday 10:00 AM - 6:00 PM Thursday 9:00 AM - 5:00 PM Friday 1:00 PM - 5:00 PM Saturday 9:00 AM - 5:00 PM,https://catalog.slolibrary.org/san-luis-obispo-library,Atascadero Library,"6555 Capistrano Ave, Atascadero, CA, 93422.0, US",'+18054616161,Sunday Closed Monday Closed Tuesday 10:00 AM - 6:00 PM Wednesday 10:00 AM - 6:00 PM Thursday 9:00 AM - 5:00 PM Friday 1:00 PM - 5:00 PM Saturday 9:00 AM - 5:00 PM,https://catalog.slolibrary.org/atascadero-library,Arroyo Grande Library,"800 W. Branch, Arroyo Grande, CA, 93420.0, US",'+18054137161,Currently closed for remodel. Temp site hours (limited services): Sunday Closed Monday Closed Tuesday 1:00 PM - 6:00 PM Wednesday 1:00 PM - 6:00 PM Thursday Closed Friday 1:00 PM - 5:00 PM Saturday 1:00 PM - 5:00 PM,https://catalog.slolibrary.org/arroyo-grande-library,Morro Bay Library,"625 Harbor St., Morro Bay, CA, 93442.0, US",'+18057726394,Sunday Closed Monday Closed Tuesday 10:00 AM - 6:00 PM Wednesday 10:00 AM - 6:00 PM Thursday 9:00 AM - 5:00 PM Friday 1:00 PM - 5:00 PM Saturday 9:00 AM - 1:00 PM,https://catalog.slolibrary.org/morro-bay-library,Nipomo Library,"918 West Tefft St., Nipomo, CA, 93444.0, US",'+18059293994,Sunday Closed Monday Closed Tuesday 10:00 AM - 6:00 PM Wednesday 10:00 AM - 6:00 PM Thursday 9:00 AM - 5:00 PM Friday 1:00 PM - 5:00 PM Saturday 9:00 AM - 5:00 PM,https://catalog.slolibrary.org/nipomo-library,No. Our services are offered free of cost.,"Yes, Aging Individuals (Age 60+), Incarcerated Individuals, Veterans, Individuals with Disabilities, Individuals with Language Barriers (Limited English Proficiency individuals, etc.), Ethnic or Minority Communities, Rural Communities, We are a non-profit, Educational Governmental Organization. We are also partnered with CalREN/CENIC for fiber network services to our buildings","English, Spanish","Train-the-trainer, Partnership opportunities, Collective action, Information sharing",No. Our services are offered free of cost.,11/21/25 11:56
Ventura County Library,5600 Everglades St.,Ventura,CA,93003,'+18057013242,https://www.library.venturacounty.gov,Amanda Armitage,Technology Engagement Manager,amanda.armitage@venturacounty.gov,"Library, County Government, Other",,"Digital literacy & skills training, Free/Low-cost devices, Free/Low-cost hotspots, Public Wi-Fi, Computer center(s), Online educational resources, Workforce development resources",,Ventura,,"Virtually, In-Person",https://www.library.venturacounty.gov,Ventura County Library has 12 branches with various services. Locations link below. We will also email the team for bulk upload.,"https://www.library.venturacounty.gov/use-library/locations-hours, US",,,https://www.library.venturacounty.gov/library-services,,,,,,,,,,,,,,,,,,,,,No. Our services are offered free of cost.,"Yes, Aging Individuals (Age 60+), Incarcerated Individuals, Veterans, Individuals with Disabilities, Individuals with Language Barriers (Limited English Proficiency individuals, etc.), Ethnic or Minority Communities, Rural Communities","English, Spanish, Korean, Japanese, French","Train-the-trainer, Partnership opportunities, Collective action, Information sharing",No. Our services are offered free of cost.,11/21/25 11:19
Redwood City Public Library,1044 Middlefield Road,Redwood City,CA,94063,'+16507807035,https://www.redwoodcity.org/departments/library,Sarah LaTorra,Division Manger of Customer Experience,slatorra@redwoodcity.org,"Library, City Government, Regional Broadband Consortia",,"Digital navigation (in-person or virtual/call center), Digital literacy & skills training, Technical support, Free/Low-cost hotspots, Public Wi-Fi, Computer center(s), Online educational resources, Workforce development resources",,San Mateo,Redwood City (San Mateo County.),In-Person,,Redwood City Downtown Library,"Redwood City Downtown Library, 1044 Middlefield Road, CA, 94063.0, US",'+16507807020,"M-Th 10am-8pm, F-Sa 10am-5pm, Su 12pm-5pm",https://www.redwoodcity.org/departments/library,Redwood Shores Branch Library,"399 Marine Parkway, Redwood City, CA, 94065.0, US",'+16507805740,"M-Th 10am-8pm, F Closed, Sa 10am-5pm, Su 12pm-5pm",https://www.redwoodcity.org/departments/library,Schaberg Branch Library,"2140 Euclid Avenue, Redwood City, CA, 94061.0, US",'+16507807010,"M-Th 10am-7pm, F Closed, Sa 10am-5pm, Su Closed",https://www.redwoodcity.org/departments/library,,,,,,,,,,,No. Our services are offered free of cost.,"Yes, Aging Individuals (Age 60+), Veterans, Individuals with Disabilities, Individuals with Language Barriers (Limited English Proficiency individuals, etc.), Ethnic or Minority Communities","English, Spanish","Digital equity grant writing, Partnership opportunities",No. Our services are offered free of cost.,11/21/25 11:14
Tulare County Library,200 W. Oaks Ave,Visalia,CA,93291,'+15597132720,https://www.tularecountylibrary.org,Faythe Arredondo,Librarian V,faythe.arredondo@tularecountylibrary.org,"Library, County Government",,"Digital navigation (in-person or virtual/call center), Digital literacy & skills training, Technical support, Public Wi-Fi, Computer center(s), Online educational resources, Workforce development resources",,Tulare,,"Virtually, In-Person",https://www.tularecountylibrary.org,,,,,,,,,,,,,,,,,,,,,,,,,,No. Our services are offered free of cost.,"Yes, Aging Individuals (Age 60+), Incarcerated Individuals, Veterans, Individuals with Disabilities, Individuals with Language Barriers (Limited English Proficiency individuals, etc.), Ethnic or Minority Communities, Rural Communities, Other","English, Spanish","Partnership opportunities, Information sharing",No. Our services are offered free of cost.,11/21/25 10:52
Benicia Public Library,150 E L Street,Benicia,CA,94510,'+17077464343,https://www.benicialibrary.org,Jennifer Baker,City Librarian,jbaker@ci.benicia.ca.us,"Library, City Government",,"Enrollment assistance in low-cost internet service programs, Digital navigation (in-person or virtual/call center), Digital literacy & skills training, Technical support, Free/Low-cost hotspots, Public Wi-Fi, Computer center(s), Online educational resources, Workforce development resources",,Solano,Benicia (Solano County.),"Virtually, In-Person",https://www.benicialibrary.org,Benicia Public Library,"150 E L Street, Benicia, CA, 94510.0, US",'+17077464343,"Mon-Thur: 10am to 9pm, Fri-Sun: 12pm-6pm",https://www.benicialibrary.org,,,,,,,,,,,,,,,,,,,,,No. Our services are offered free of cost.,"Yes, Aging Individuals (Age 60+), Veterans, Individuals with Disabilities, Individuals with Language Barriers (Limited English Proficiency individuals, etc.), Ethnic or Minority Communities",English,"Partnership opportunities, Information sharing",No. Our services are offered free of cost.,11/21/25 10:50
Beaumont Library District,125 E. 8th St.,Beaumont,CA,92223,'+19518451357,https://mybld.org,Devon Kimler,Librarian,devon.kimler@mybld.org,"Library, Special District",,"Free/Low-cost devices, Free/Low-cost hotspots, Public Wi-Fi, Computer center(s), Online educational resources, Workforce development resources",,Riverside,Beaumont (Riverside County.),"Virtually, In-Person",https://www.mybld.org/eresources,Beaumont Library District,"125 E. 8th St., Beaumont, CA, 92223.0, US",'+19518451357,10 AM - 5 PM Mon. Tue. Thur. Fri. / 1 PM - 5 PM Wed. Sat. Sun.,https://mybld.org,,,,,,,,,,,,,,,,,,,,,No. Our services are offered free of cost.,"Yes, Aging Individuals (Age 60+), Veterans, Individuals with Disabilities, Individuals with Language Barriers (Limited English Proficiency individuals, etc.), Ethnic or Minority Communities, Rural Communities, Other","English, Spanish",,,11/21/25 10:38
Watsonville Public Library,"275 Main Street, Suite 100",Watsonville,CA,95076,'+18317683400,https://www.watsonvillelibrary.gov,Alicia Martinez,Library Director,alicia.martinez@watsonville.gov,"Library, City Government",,"Digital literacy & skills training, Technical support, Free/Low-cost hotspots, Public Wi-Fi, Computer center(s), Online educational resources, Workforce development resources",,Santa Cruz,"Capitola (Santa Cruz County.), Santa Cruz (Santa Cruz County.), Watsonville (Santa Cruz County.)",In-Person,,Watsonville Main Library,"275 Main Street, Suite 100, Watsonville, CA, 95076.0, US",'+18317683400,"Monday - Thursday 10:00am-8:00pm, Fridays 10:00-6:00pm and Saturdays 12:00pm-4:00pm",https://watsonville.gov/1917/Online-Services,Freedom Branch Library,"2021 Freedom Blvd, Freedom, CA, 95019.0, US",'+18317683420,Tuesday - Friday 10:00am-6:00pm and Saturdays 12:00pm-4:00pm,https://watsonville.gov/1917/Online-Services,,,,,,,,,,,,,,,,No. Our services are offered free of cost.,"Yes, Aging Individuals (Age 60+), Veterans, Individuals with Disabilities, Individuals with Language Barriers (Limited English Proficiency individuals, etc.), Ethnic or Minority Communities, Rural Communities","English, Spanish, Other","Partnership opportunities, Information sharing",No. Our services are offered free of cost.,11/21/25 9:54
Mendocino County Law Library,"Courthouse, Room 307",Ukiah,CA,95482,'+17074634201,https://www.mendocinocounty.gov/government/affiliated-agencies/law-library,Daniel Helsel,Director,lawlib@pacific.net,"Other, Other, Other, Other, Our law library is an Independent organization-not affilated with any governmnent or private organization.",,"Public Wi-Fi, Computer center(s), Online educational resources",,Mendocino,,In-Person,,Mendocino County Courthouse,"Courthouse, Room 307, 100 N. State st., Ukiah, CA, 95482.0, US",'+17074634201,M-F 9-4,,Coast Campus Mendocino Community College,"1211 Del Mar DR., Fort Bragg, CA, 95437.0, US",'+17079612200,Varies-generally 8:30-4:30 M-F,,,,,,,,,,,,,,,,,No. Our services are offered free of cost.,"Yes, Rural Communities, Our law library is an Independent organization-not affilated with any governmnent or private organization.",English,Information sharing,No. Our services are offered free of cost.,11/21/25 9:46
Mariposa County Library,4978 10th STreet,Mariposa,CA,95338,'+12099662140,https://www.mariposalibrary.org,Matt Johnson,County Librarian,mjohnson@mariposacounty.org,"Library, County Government",,"Digital literacy & skills training, Public Wi-Fi, Computer center(s), Online educational resources",,Mariposa,,In-Person,,Mariposa County Library,"4978 10th Street, Mariposa, CA, 95338.0, US",'+12099662140,"Monday 9AM to 4 PM, Tuesday through Thursday 9AM to 7PM, Friday 9AM to 4 PM, Saturday 9AM to 4PM",https://www.mariposalibrary.org,El Portal Library,"9670 Rancheria Flat Rd, El Portal, CA, 95318.0, US",'+12093792401,"Tuesday and Thursday, 11:30 AM to 6 PM",www.mariposalibrary.org,Red Cloud Library,"10332-C Fiske Road, Coulterville, CA, 95311.0, US",'+12098783692,Wednesdays: 10:30am to 4pm; Thursdays: 10:30am - 4pm; Saturdays: 11am - 2 pm,www.mariposalibrary.org,Yosemite Valley Library,"58 Cedar Court, Yosemite, CA, 95389.0, US",'+12093724552,Tuesdays: 10:30am - 5pm; Wednesdays: 10:30am - 5pm,https://www.mariposalibrary.org,Wawona Library,"7971 Chilnualna Falls Rd, Wawona, CA, 95389.0, US",'+12093756510,Tuesday: 12pm - 5pm; Thursday: 12pm - 5pm; Saturday: 10am - 3pm,https://www.mariposalibrary.org,No. Our services are offered free of cost.,"Yes, Aging Individuals (Age 60+), Veterans, Individuals with Disabilities, Individuals with Language Barriers (Limited English Proficiency individuals, etc.), Rural Communities",English,,No. Our services are offered free of cost.,11/21/25 9:38
Folsom Public Library,411 Stafford Street,Folsom,CA,95630,'+19164616130,https://www.library.folsom.ca.us,Thomas Gruneisen,Library Director,libstaff@folsom.ca.us,"Library, City Government",,"Digital literacy & skills training, Technical support, Free/Low-cost devices, Free/Low-cost hotspots, Public Wi-Fi, Computer center(s), Online educational resources, Workforce development resources",,Sacramento,Folsom (Sacramento County.),In-Person,,"Folsom Public Library, Georgia Murray Building","411 Stafford Street, Folsom, CA, 95630.0, US",'+19164616130,"Sunday & Monday: CLOSED; Tuesday & Wednesday: 10:00am-7:00pm; Thursday, Friday, Saturday: 10:00am-5:00pm",https://www.library.folsom.ca.us,,,,,,,,,,,,,,,,,,,,,No. Our services are offered free of cost.,"Yes, Aging Individuals (Age 60+), Veterans, Individuals with Disabilities, Individuals with Language Barriers (Limited English Proficiency individuals, etc.), Ethnic or Minority Communities","English, Other",Partnership opportunities,No. Our services are offered free of cost.,11/21/25 9:26
Brightscape Networks,880 Cal Center Dr.,Sacramento,CA,95826,'+19169093940,https://brightscapenetworks.org,Brian Court,Senior Director,brian.court@brightscapenetworks.org,"Community-based Organization / Non-profit (501c3), Other, Other, Not-for-profit 501(c)3 Broadband Consulting Organization",,Locating low-cost internet service programs,,,,Virtually,https://brightscapenetworks.org,,,,,,,,,,,,,,,,,,,,,,,,,,Yes. We charge a fee for our services and it’s more than $25.,"Yes, Aging Individuals (Age 60+), Incarcerated Individuals, Veterans, Individuals with Disabilities, Individuals with Language Barriers (Limited English Proficiency individuals, etc.), Ethnic or Minority Communities, Rural Communities, Not-for-profit 501(c)3 Broadband Consulting Organization",English,"Digital equity grant writing, Partnership opportunities, Collective action, Information sharing",Yes. We charge a fee for our services.,11/20/25 13:48
City of Gardena,1700 W. 162nd Street,Gardena,CA,90247,'+13102179500,https://www.cityofgardena.org,Mark E Henderson,Mayor Pro Tem,mhenderson@cityofgardena.org,"Other, City Government, Other, Other, Municipal entity",,"Public Wi-Fi, Computer center(s), Workforce development resources",,Los Angeles,Gardena (Los Angeles County.),In-Person,,Rowley Park,"13220 Van Ness Ave, Gardena, CA, 90249.0, US",'+13102179500,8a to 10p,https://cityofgardena.org/,Johnson Park,"1200 W 170th St, Gardena, CA, 90247.0, US",'+13102179500,8a to 10p,https://cityofgardena.org/,,,,,,,,,,,,,,,,No. Our services are offered free of cost.,"Yes, Aging Individuals (Age 60+), Veterans, Individuals with Disabilities, Individuals with Language Barriers (Limited English Proficiency individuals, etc.), Ethnic or Minority Communities, Municipal entity","English, Spanish, Japanese","Other, No",No. Our services are offered free of cost.,11/20/25 13:40
Community Health Centers of the Central Coast,2050 S. Blosser Rd.,Santa Maria,CA,93458,'+18666144636,https://communityhealthcenters.org,Austin Lillenberg,Associate Behavioral Health Director,austin.lillenberg@chccc.org,"Health Clinic or Health Center, Other, Other, Non-Profit, Federally Qualified Health Center",,"Digital navigation (in-person or virtual/call center), Technical support, Online educational resources, Workforce development resources",,"San Luis Obispo, Santa Barbara",,"Virtually, In-Person",https://www.communityhealthcenters.org/patient-resources/patient-portal/,Community Health Centers of the Central Coast,"2050 S. Blosser Rd., Santa Maria, CA, 93458.0, US",,"8:00am - 5:00pm, Monday - Friday",https://www.communityhealthcenters.org/health-services/,,,,,,,,,,,,,,,,,,,,,Yes. We charge a fee for our services and it’s more than $25.,"Yes, Aging Individuals (Age 60+), Veterans, Individuals with Disabilities, Individuals with Language Barriers (Limited English Proficiency individuals, etc.), Ethnic or Minority Communities, Rural Communities, Non-Profit, Federally Qualified Health Center","English, Spanish","Partnership opportunities, Information sharing",No. Our services are offered free of cost.,11/20/25 11:32
Glenn Adult Education Program,129 E. Walker St,Orland,CA,95963,'+15309366980,https://www.glenncoe.org/apps/pages/index.jsp?uREC_ID=4380731&type=d&pREC_ID=2585888,Melinda Tuma,Administrative Assistant,mtuma@glenncoe.org,"Other, County Government",,"Digital navigation (in-person or virtual/call center), Digital literacy & skills training",,"Butte, Glenn, Tehama",,"Virtually, In-Person",https://www.glenncoe.org/apps/pages/index.jsp?uREC_ID=4380731&type=d&pREC_ID=2585888,Glenn Adult Education,"129 E. Walker St, Orland, CA, 95963.0, US",'+15309366980,"M-TH 8am-5pm, Fridays 8am-4:30pm",https://www.glenncoe.org/apps/pages/index.jsp?uREC_ID=4380731&type=d&pREC_ID=2585888,Glenn Adult Education,"451 S. Villa Ave, Willows, CA, 95988.0, US",'+15309346320,"M-TH 8am-5pm, Fridays 8am-4:30pm",https://www.glenncoe.org/apps/pages/index.jsp?uREC_ID=4380731&type=d&pREC_ID=2585888,,,,,,,,,,,,,,,,No. Our services are offered free of cost.,"Yes, Aging Individuals (Age 60+), Veterans, Individuals with Disabilities, Individuals with Language Barriers (Limited English Proficiency individuals, etc.), Ethnic or Minority Communities, Rural Communities","English, Spanish",Information sharing,No. Our services are offered free of cost.,11/20/25 10:38
Pinto Reconnect,"240 N 12th Avenue, Suite 109 PMB 235",Hanford,CA,93230,'+15599337441,https://pintoreconnect.org,Sheila Williamson,Communications Coordinator,sheila@pintoreconnect.org,"Community-based Organization / Non-profit (501c3), Foundation / Philanthropic Organization",,"Locating low-cost internet service programs, Enrollment assistance in low-cost internet service programs, Digital navigation (in-person or virtual/call center), Digital literacy & skills training, Technical support, Free/Low-cost devices, Computer center(s), Online educational resources, Workforce development resources",,"Fresno, Kern, Kings, Madera, Merced, San Joaquin, Stanislaus, Tulare",,"Virtually, In-Person",https://pintoreconnect.org,Church of the Nazarene,"6258 Murphy Avenue, Laton, CA, 93242.0, US",'+15599337441,M-Th 6:00 am - 9:00 pm,https://pintoreconnect.org,Live the Word Ministries,"3757 S Ward Avenue, Fresno, CA, 93725.0, US",'+15599337441,M-Th 6:00 am - 9:00 pm,pintoreconnect.org,Kettleman City Family Resource Center,"75 5th Street, Kettleman City, CA, 93239.0, US",'+15599337441,M-Th 6:00 am - 9:00 pm,pintoreconnect.org,Reef-Sunset Unified School District,"Family Engagement Center, 205 N. Park Avenue, Avenal, CA, 93204.0, US",'+15599337441,M-Th 6:00 am - 9:00 pm,https://pintoreconnect.org,Riverdale Joint Unified School District,"3160 W Mount Whitney Avenue, Riverdale, CA, 93656.0, US",'+15599337441,M-Th 6:00 am - 9:00 pm,https://pintoreconnect.org,No. Our services are offered free of cost.,"Yes, Aging Individuals (Age 60+), Incarcerated Individuals, Veterans, Individuals with Disabilities, Individuals with Language Barriers (Limited English Proficiency individuals, etc.), Ethnic or Minority Communities, Rural Communities","English, Spanish","Digital equity grant writing, Organizational training, Train-the-trainer, Partnership opportunities, Collective action, Information sharing",No. Our services are offered free of cost.,11/20/25 8:36
iFoster,PO Box 159,Truckee,CA,96160,'+18559367837,https://www.ifoster.org,Sarah Washington,Resource Management Manager,sarah@ifoster.org,"Community-based Organization / Non-profit (501c3), Other",,"Locating low-cost internet service programs, Enrollment assistance in low-cost internet service programs, Digital literacy & skills training, Free/Low-cost devices, Online educational resources, Workforce development resources",,,,Virtually,https://www.ifoster.org,,,,,,,,,,,,,,,,,,,,,,,,,,No. Our services are offered free of cost.,"Yes, Other","English, Spanish, Other, We are a national organization providing services to current/former foster youth and opportunity youth across the US","Partnership opportunities, Information sharing",No. Our services are offered free of cost.,11/19/25 15:48
City of Carmel-by-the-Sea,PO Box CC,Carmel-by-the-Sea,CA,93921,'+18316202000,https://ci.carmel.ca.us/,Emily Garay,Administrative Analyst,egaray@ci.carmel.ca.us,City Government,,"Digital navigation (in-person or virtual/call center), Digital literacy & skills training, Free/Low-cost devices, Public Wi-Fi, Computer center(s)",,Monterey,Carmel-by-the-Sea (Monterey County.),In-Person,,Harrison Memorial Library,"Corner of Ocean Ave & Lincoln St, Carmel-by-the-Sea, CA, 93921.0, US",,10:00am - 6:00pm,,,,,,,,,,,,,,,,,,,,,,No. Our services are offered free of cost.,"Yes, Aging Individuals (Age 60+)",English,Information sharing,No. Our services are offered free of cost.,11/19/25 15:15
The Fiber Optic Association Inc.,1223 Wilshire Blvd. #820,Santa Monica,CA,90403,'+17604513655,https://www.foa.org/,Jim Hayes,President,jim@foa.org,"Other, Other, International professional association and certifying body for fiber optics",,"Online educational resources, Workforce development resources",,,,Virtually,https://www.foa.org/,,,,,,,,,,,,,,,,,,,,,,,,,,No. Our services are offered free of cost.,"Yes, Incarcerated Individuals, Veterans, Individuals with Disabilities, Rural Communities, International professional association and certifying body for fiber optics","English, Spanish, French, Other, Worldwide","Other, We help organizations set up training and certification programs for fiber optic technicians",Yes. We charge a fee for our services.,11/19/25 14:59
FLORECER,2224 E 25th Street,Yuma,AZ,85365,'+18318094721,https://www.floreceryuma.org,Audren Morris-Sandoval,Founder/Executive Director,audren@floreceryuma.org,Community-based Organization / Non-profit (501c3),,"Digital navigation (in-person or virtual/call center), Digital literacy & skills training, Workforce development resources",,,,In-Person,,San Pasqual Valley High School,"676 Baseline Road, Winterhaven, CA, 92283.0, US",,,https://www.floreceryuma.org,,,,,,,,,,,,,,,,,,,,,No. Our services are offered free of cost.,"Yes, Incarcerated Individuals, Ethnic or Minority Communities, Rural Communities","English, Spanish",,No. Our services are offered free of cost.,11/19/25 14:55
Familias Empoderadas del Valle Central,2901 N 3rd St,Fresno,CA,93703,'+15596972779,http://www.familiasempoderadas.org,Alicia Aleman,EXECUTIVE DIRECTOR,aliscfe@familiasempoderadas.org,"Community-based Organization / Non-profit (501c3), Other",,"Locating low-cost internet service programs, Enrollment assistance in low-cost internet service programs, Digital navigation (in-person or virtual/call center), Digital literacy & skills training, Technical support, Free/Low-cost devices, Free/Low-cost hotspots, Online educational resources",,,,In-Person,,,,,,,,,,,,,,,,,,,,,,,,,,,No. Our services are offered free of cost.,"Yes, Aging Individuals (Age 60+), Individuals with Disabilities, Individuals with Language Barriers (Limited English Proficiency individuals, etc.), Ethnic or Minority Communities, Rural Communities","English, Spanish, Hindi, Punjabi, Other",Partnership opportunities,No. Our services are offered free of cost.,11/19/25 14:47
Cisco Systems,3098 Olsen Drive,San Jose,CA,95128,'+14085279731,https://www.cisco.com,Kurt Kuzur,"Purpose Program Manager, Cisco Networking Academy",kkuzur@cisco.com,For-Profit Corporation or Business,,"Locating low-cost internet service programs, Digital navigation (in-person or virtual/call center), Digital literacy & skills training, Public Wi-Fi, Online educational resources, Workforce development resources",,,,Virtually,https://www.netacad.com/,,,,,,,,,,,,,,,,,,,,,,,,,,No. Our services are offered free of cost.,"Yes, Aging Individuals (Age 60+), Incarcerated Individuals, Veterans, Individuals with Disabilities, Individuals with Language Barriers (Limited English Proficiency individuals, etc.), Ethnic or Minority Communities, Rural Communities","English, Spanish, Tagalog, Mandarin, Vietnamese, Korean, Cantonese, Farsi, Arabic, Hindi, Russian, Japanese, French, Khmer","Organizational training, Train-the-trainer, Partnership opportunities, Collective action",No. Our services are offered free of cost.,11/19/25 14:04
"CITRIS and the Banatao Institute, UC Berkeley",330 Sutardja Dai Hall,Berkeley,CA,94720,'+14089819163,https://citris-uc.org/,Jolie Lam,Program Director - Health Initiatives,gbic_jolie_yanyan@berkeley.edu,Public or State University,,"Digital navigation (in-person or virtual/call center), Digital literacy & skills training, Public Wi-Fi, Computer center(s), Online educational resources, Workforce development resources",,,,"Virtually, In-Person",https://citris-uc.org/labs-programs/innovation-hub/,CITRIS and the Banatao Institute,"CITRIS and the Banatao Institute, UC Berkeley, 330 Sutardja Dai Hall, Berkeley, CA, 94720.0, US",'+14989819163,8:00am to 6:00pm,https://citris-uc.org/about/,,,,,,,,,,,,,,,,,,,,,No. Our services are offered free of cost.,No,"English, Spanish, Mandarin, Cantonese","Digital equity grant writing, Organizational training, Train-the-trainer, Mutual aid (financial), Partnership opportunities, Information sharing",No. Our services are offered free of cost.,11/19/25 10:30